latitude,longitude,chlorophyll_mgm3
19.2544,68.7936,0.4457
19.2544,68.859,0.4264
19.2544,68.9245,0.4295
19.189,68.7936,0.4573
19.189,68.859,0.4746
18.8616,71.8708,0.6
18.7961,71.8053,0.4697
18.7961,71.9363,0.6818
18.7961,72.0017,0.6215
18.7961,72.0672,0.589
18.7307,71.347,0.3596
18.7307,71.8053,0.4533
18.7307,71.8708,0.4284
18.7307,72.0017,0.5867
18.7307,72.0672,0.552
18.6652,71.2161,0.3677
18.6652,71.2815,0.3535
18.6652,71.6744,0.4178
18.6652,72.0672,0.526
18.5997,70.8887,0.3509
18.5997,70.9542,0.3343
18.5997,71.0851,0.3446
18.5997,71.2815,0.3671
18.5997,71.6744,0.4044
18.5997,71.8053,0.4783
18.5997,71.8708,0.4759
18.5997,72.0017,0.4584
18.5997,72.0672,0.5008
18.5342,70.8232,0.454
18.5342,71.0851,0.3853
18.5342,71.2161,0.3743
18.5342,72.0017,0.4418
18.4688,70.9542,0.3398
18.4688,71.0196,0.3568
18.4688,71.0851,0.3687
18.4688,71.1506,0.3445
18.4688,71.2161,0.3421
18.4688,71.2815,0.3366
18.4688,71.4125,0.3213
18.4688,71.478,0.306
18.4688,71.8708,0.3922
18.4033,71.0196,0.3574
18.4033,71.0851,0.353
18.4033,71.1506,0.3443
18.4033,71.2161,0.3179
18.4033,71.2815,0.3396
18.4033,71.347,0.3655
18.4033,71.4125,0.3183
18.4033,71.8053,0.3683
18.4033,71.8708,0.3545
18.3378,70.5613,0.5493
18.3378,71.0196,0.3716
18.3378,71.2161,0.3291
18.3378,71.2815,0.3216
18.3378,71.347,0.3227
18.3378,71.4125,0.293
18.3378,71.478,0.2968
18.3378,71.8053,0.3574
18.3378,71.8708,0.3587
18.2723,70.4959,0.4491
18.2723,70.8887,0.423
18.2723,70.9542,0.3932
18.2723,71.2161,0.3558
18.2723,71.2815,0.3886
18.2723,71.4125,0.3045
18.2069,70.4959,0.5619
18.2069,70.5613,0.4639
18.2069,70.6268,0.4873
18.2069,70.8887,0.4822
18.2069,70.9542,0.3861
18.2069,71.0196,0.3822
18.2069,71.0851,0.3552
18.1414,70.4959,0.4779
18.1414,70.6923,0.4858
18.1414,70.7578,0.5005
18.1414,70.8232,0.4369
18.1414,70.8887,0.4531
18.1414,70.9542,0.4253
18.1414,71.0196,0.4592
18.1414,71.0851,0.371
18.1414,71.1506,0.3758
18.1414,71.2161,0.3355
18.1414,71.2815,0.3571
18.0759,70.4304,0.4968
18.0759,70.4959,0.4841
18.0759,70.5613,0.4213
18.0759,70.6923,0.5078
18.0759,70.7578,0.4656
18.0759,70.8232,0.5809
18.0759,70.8887,0.4516
18.0759,70.9542,0.4465
18.0759,71.0196,0.4782
18.0759,71.1506,0.3733
18.0759,71.2161,0.3714
18.0104,70.2994,0.5033
18.0104,70.3649,0.4603
18.0104,70.4959,0.4445
18.0104,70.5613,0.4844
18.0104,70.6268,0.429
18.0104,70.6923,0.4212
18.0104,70.7578,0.4285
18.0104,70.8232,0.4243
18.0104,70.8887,0.4511
18.0104,70.9542,0.4414
18.0104,71.0851,0.4254
18.0104,71.2161,0.3785
18.0104,71.2815,0.3506
18.0104,71.347,0.3196
18.0104,71.8053,0.3809
17.945,70.2994,0.4465
17.945,70.3649,0.4816
17.945,70.5613,0.4808
17.945,70.6268,0.4442
17.945,70.6923,0.4561
17.945,70.7578,0.5182
17.945,70.8887,0.4804
17.945,71.0196,0.4929
17.945,71.2161,0.4004
17.945,71.2815,0.3447
17.8795,70.234,0.5715
17.8795,70.2994,0.4992
17.8795,70.4304,0.4532
17.8795,70.4959,0.4413
17.8795,70.5613,0.4777
17.814,70.4959,0.464
17.814,70.5613,0.3742
17.814,70.7578,0.4132
17.814,71.5434,0.3719
17.7485,70.4959,0.3961
17.7485,70.5613,0.4311
17.7485,70.6268,0.3937
17.7485,70.6923,0.4446
17.7485,70.7578,0.4164
17.7485,70.8232,0.4428
17.7485,70.8887,0.4428
17.7485,70.9542,0.4642
17.7485,71.0196,0.4675
17.7485,71.0851,0.4304
17.7485,71.1506,0.4632
17.7485,71.2815,0.4294
17.6831,70.4959,0.407
17.6831,70.5613,0.411
17.6831,70.6268,0.402
17.6831,70.6923,0.3884
17.6831,70.7578,0.3784
17.6831,70.8232,0.4582
17.6831,71.0851,0.5113
17.6831,71.1506,0.4442
17.6831,71.2161,0.4953
17.6831,71.2815,0.4656
17.6831,71.4125,0.3699
17.6831,71.6089,0.3782
17.6176,70.4959,0.4394
17.6176,70.5613,0.4438
17.6176,70.6268,0.4189
17.6176,70.6923,0.4035
17.6176,70.7578,0.4122
17.6176,70.8232,0.4112
17.6176,70.8887,0.3891
17.6176,70.9542,0.3915
17.6176,71.0196,0.4109
17.6176,71.0851,0.4466
17.6176,71.1506,0.5128
17.6176,71.2161,0.4665
17.6176,71.4125,0.389
17.5521,70.4304,0.4729
17.5521,70.5613,0.4234
17.5521,70.6268,0.5392
17.5521,70.6923,0.4526
17.5521,70.7578,0.4887
17.5521,70.8232,0.4306
17.5521,70.8887,0.449
17.5521,70.9542,0.3863
17.5521,71.0196,0.4256
17.5521,71.0851,0.401
17.5521,71.1506,0.4803
17.5521,71.2161,0.4144
17.4866,70.4959,0.4628
17.4866,70.5613,0.4498
17.4866,70.6923,0.4128
17.4866,70.7578,0.4218
17.4866,70.8232,0.4808
17.4866,70.8887,0.4382
17.4866,70.9542,0.413
17.4866,71.0196,0.4126
17.4866,71.0851,0.4392
17.4866,71.1506,0.4661
17.4866,71.2161,0.4016
17.4866,71.2815,0.4142
17.4212,69.7102,0.4581
17.4212,70.4959,0.4819
17.4212,70.5613,0.4569
17.4212,70.6268,0.4123
17.4212,70.6923,0.4291
17.4212,70.7578,0.4352
17.4212,70.8232,0.4532
17.4212,70.8887,0.4742
17.4212,70.9542,0.4889
17.4212,71.0196,0.4761
17.4212,71.1506,0.3935
17.4212,71.2161,0.4178
17.4212,71.347,0.3928
17.3557,70.3649,0.5031
17.3557,70.5613,0.526
17.3557,70.7578,0.4687
17.3557,70.8887,0.5024
17.3557,70.9542,0.4615
17.3557,71.0196,0.4554
17.3557,71.0851,0.4304
17.3557,71.1506,0.4038
17.3557,71.2161,0.4154
17.3557,71.2815,0.3697
17.2902,70.6268,0.4036
17.2902,70.7578,0.4326
17.2902,70.8232,0.4631
17.2902,70.8887,0.4676
17.2902,70.9542,0.4957
17.2902,71.0196,0.4539
17.2902,71.0851,0.4541
17.2248,70.1685,0.5342
17.2248,70.2994,0.4402
17.2248,70.4959,0.4377
17.2248,70.5613,0.4271
17.2248,70.6268,0.4279
17.2248,70.6923,0.4436
17.2248,70.7578,0.4453
17.2248,71.0196,0.4494
17.2248,71.347,0.3702
17.2248,71.4125,0.3372
17.2248,71.478,0.3631
17.1593,70.5613,0.4324
17.1593,70.8232,0.4352
17.1593,70.8887,0.4518
17.1593,70.9542,0.3966
17.0938,70.4304,0.4194
17.0938,70.7578,0.4571
17.0283,71.347,0.402
16.9629,70.103,0.4647
16.9629,70.9542,0.3711
16.8974,70.5613,0.4511
16.8974,70.6923,0.4302
16.8974,70.7578,0.4345
16.8319,70.234,0.5283
16.8319,70.5613,0.4219
16.8319,70.6923,0.4264
16.8319,70.7578,0.413
16.8319,71.2815,0.3678
16.8319,71.4125,0.4055
16.7664,69.7102,0.4427
16.7664,70.234,0.5497
16.7664,70.2994,0.4446
16.7664,70.4304,0.5474
16.7664,70.6923,0.4758
16.7664,70.7578,0.4503
16.7664,70.8232,0.4507
16.6355,71.2161,0.3594
16.6355,71.2815,0.3493
16.57,69.9721,0.6836
16.57,70.103,0.6436
16.57,70.1685,0.674
16.57,71.2161,0.3791
16.5045,70.103,0.6483
16.5045,70.1685,0.5965
16.5045,70.7578,0.4988
16.5045,70.9542,0.3959
16.4391,67.9424,0.598
16.4391,69.9066,0.6501
16.4391,70.0376,0.6666
16.4391,70.103,0.5557
16.4391,70.1685,0.5719
16.4391,70.7578,0.4673
16.4391,70.8232,0.4968
16.4391,70.9542,0.4707
16.3736,67.877,2.2439
16.3736,69.5792,0.6581
16.3736,69.6447,0.5754
16.3736,69.7102,0.5783
16.3736,69.8411,0.5135
16.3736,70.0376,0.7022
16.3736,70.103,0.6026
16.3736,70.1685,0.563
16.3736,70.234,0.4974
16.3736,70.3649,0.4743
16.3736,70.5613,0.5146
16.3736,70.6268,0.5849
16.3736,70.8232,0.4564
16.3736,71.0196,0.3785
16.3081,69.5138,0.5568
16.3081,69.5792,0.5663
16.3081,69.9066,0.6106
16.3081,69.9721,0.759
16.3081,70.1685,0.5422
16.3081,70.2994,0.4701
16.3081,70.3649,0.444
16.3081,70.4304,0.5182
16.3081,70.6268,0.525
16.3081,70.6923,0.4468
16.3081,70.7578,0.4868
16.3081,70.8232,0.4471
16.3081,70.8887,0.4565
16.3081,70.9542,0.3896
16.3081,71.0196,0.3751
16.3081,71.0851,0.3798
16.3081,71.1506,0.3697
16.2426,69.5138,0.5493
16.2426,69.6447,0.5098
16.2426,69.7102,0.5389
16.2426,69.7757,0.6906
16.2426,69.8411,0.5669
16.2426,70.0376,0.5627
16.2426,70.103,0.7075
16.2426,70.1685,0.4949
16.2426,70.234,0.5243
16.2426,70.3649,0.4772
16.2426,70.4304,0.4316
16.2426,70.6268,0.4929
16.2426,70.7578,0.4671
16.2426,70.8232,0.4222
16.2426,70.8887,0.4209
16.2426,70.9542,0.4328
16.2426,71.1506,0.4467
16.1772,69.1864,0.545
16.1772,69.2519,0.569
16.1772,69.3828,0.501
16.1772,69.4483,0.4713
16.1772,69.5138,0.5649
16.1772,69.5792,0.5016
16.1772,69.6447,0.5308
16.1772,69.7102,0.6208
16.1772,69.7757,0.5257
16.1772,69.8411,0.5592
16.1772,69.9066,0.5294
16.1772,70.103,0.559
16.1772,70.234,0.4819
16.1772,70.2994,0.4857
16.1772,70.3649,0.439
16.1772,70.4304,0.4355
16.1772,70.8232,0.5135
16.1772,70.8887,0.4537
16.1117,67.8115,0.4083
16.1117,68.2698,0.5856
16.1117,68.3353,0.5623
16.1117,68.5317,0.5723
16.1117,68.7281,0.6331
16.1117,68.7936,0.5503
16.1117,68.9245,0.58
16.1117,69.1864,0.4975
16.1117,69.2519,0.504
16.1117,69.3174,0.4963
16.1117,69.3828,0.5377
16.1117,69.4483,0.5248
16.1117,69.5138,0.5183
16.1117,69.5792,0.5479
16.1117,69.6447,0.6507
16.1117,69.7102,0.6209
16.1117,69.7757,0.5715
16.1117,69.8411,0.5642
16.1117,69.9066,0.5321
16.1117,69.9721,0.5332
16.1117,70.0376,0.552
16.1117,70.1685,0.4741
16.1117,70.234,0.4874
16.1117,70.2994,0.4295
16.1117,70.3649,0.4331
16.1117,70.8232,0.7042
16.0462,67.8115,2.0999
16.0462,67.877,0.5222
16.0462,68.3353,0.558
16.0462,68.4007,0.5796
16.0462,68.4662,0.5964
16.0462,68.5317,0.6055
16.0462,68.5972,0.6051
16.0462,68.6626,0.5726
16.0462,68.859,0.5336
16.0462,69.2519,0.4896
16.0462,69.3174,0.4381
16.0462,69.3828,0.5258
16.0462,69.4483,0.4829
16.0462,69.5138,0.4751
16.0462,69.5792,0.7024
16.0462,69.6447,0.5147
16.0462,69.7102,0.5135
16.0462,69.7757,0.597
16.0462,69.8411,0.5495
16.0462,69.9066,0.5501
16.0462,69.9721,0.5033
16.0462,70.0376,0.5086
16.0462,70.103,0.5245
16.0462,70.1685,0.507
16.0462,70.2994,0.4692
16.0462,70.4959,0.4719
16.0462,70.8232,0.4763
15.9808,68.4007,0.5693
15.9808,68.4662,0.5485
15.9808,68.5317,0.5936
15.9808,68.5972,0.6032
15.9808,68.6626,0.5819
15.9808,68.7281,0.6387
15.9808,68.859,0.5228
15.9808,68.9245,0.4801
15.9808,68.99,0.4691
15.9808,69.1209,0.4538
15.9808,69.3174,0.5052
15.9808,69.3828,0.6998
15.9808,69.4483,0.4892
15.9808,69.5138,0.51
15.9808,69.5792,0.5398
15.9808,69.7102,0.51
15.9808,69.7757,0.5444
15.9808,69.8411,0.5264
15.9808,69.9066,0.5365
15.9808,69.9721,0.504
15.9808,70.103,0.442
15.9808,70.1685,0.4648
15.9808,70.234,0.4795
15.9808,70.2994,0.4585
15.9153,68.4007,0.5949
15.9153,68.4662,0.5819
15.9153,68.5317,0.5755
15.9153,68.5972,0.5854
15.9153,68.6626,0.6904
15.9153,68.7281,0.5969
15.9153,68.859,0.573
15.9153,68.9245,0.4758
15.9153,68.99,0.5336
15.9153,69.0555,0.5308
15.9153,69.1209,0.4857
15.9153,69.1864,0.4723
15.9153,69.2519,0.4876
15.9153,69.3174,0.5246
15.9153,69.3828,0.4979
15.9153,69.4483,0.4406
15.9153,69.5138,0.5499
15.9153,69.5792,0.5337
15.9153,69.6447,0.5897
15.9153,69.7102,0.4943
15.9153,69.7757,0.5388
15.9153,69.8411,0.6158
15.9153,69.9066,0.526
15.9153,69.9721,0.5538
15.9153,70.0376,0.5494
15.9153,70.1685,0.5074
15.9153,70.3649,0.4411
15.8498,67.8115,0.5944
15.8498,67.877,0.5397
15.8498,67.9424,0.5358
15.8498,68.4662,0.7691
15.8498,68.5317,0.6238
15.8498,68.5972,0.6051
15.8498,68.6626,0.5312
15.8498,68.7281,0.5661
15.8498,68.7936,0.5667
15.8498,68.859,0.4948
15.8498,68.9245,0.4914
15.8498,68.99,0.5397
15.8498,69.0555,0.5014
15.8498,69.1209,0.5168
15.8498,69.1864,0.5295
15.8498,69.2519,0.5592
15.8498,69.5792,0.6568
15.8498,69.6447,0.5096
15.8498,69.7102,0.4911
15.7843,67.746,1.0385
15.7843,67.8115,0.5673
15.7843,68.0734,0.5777
15.7843,68.1388,0.5846
15.7843,68.2043,0.5939
15.7843,68.5317,0.6385
15.7843,68.5972,0.602
15.7843,68.6626,0.6197
15.7843,68.7281,0.6052
15.7843,68.7936,0.5907
15.7843,68.9245,0.5227
15.7843,68.99,0.5362
15.7843,69.1209,0.5791
15.7843,69.1864,0.5709
15.7843,69.2519,0.5226
15.7843,69.3174,0.5486
15.7843,69.3828,0.653
15.7843,69.7757,0.5973
15.7189,67.746,1.8206
15.7189,67.8115,0.4099
15.7189,68.0079,0.544
15.7189,68.2043,0.6779
15.7189,68.2698,0.6106
15.7189,68.4662,0.7386
15.7189,68.5317,0.6764
15.7189,68.6626,0.6736
15.7189,68.7281,0.6336
15.7189,68.7936,0.6707
15.7189,68.9245,0.6101
15.7189,68.99,0.5809
15.7189,69.0555,0.5899
15.7189,69.1209,0.5271
15.6534,67.8115,0.4815
15.6534,67.877,0.4615
15.6534,68.2043,0.5957
15.6534,68.5972,0.6785
15.6534,68.6626,0.6397
15.6534,68.7281,0.6468
15.6534,68.7936,0.6237
15.6534,68.859,0.5949
15.6534,68.9245,0.5164
15.6534,69.0555,0.5875
15.6534,69.1864,0.548
15.6534,69.6447,0.5568
15.6534,69.7102,0.5906
15.6534,69.8411,0.642
15.5879,67.8115,0.5395
15.5879,68.4662,0.5982
15.5879,68.5972,0.7311
15.5879,68.7281,0.6439
15.5879,68.7936,0.6049
15.5879,68.859,0.93
15.5879,68.9245,0.5872
15.5879,68.99,0.5885
15.5879,69.0555,0.5439
15.5879,69.1209,0.5544
15.5879,69.2519,0.5473
15.5879,69.5138,0.7421
15.5879,69.5792,0.6537
15.5879,69.8411,0.6672
15.5879,69.9721,0.4471
15.5224,68.3353,0.7184
15.5224,68.4007,0.5115
15.5224,68.4662,0.5704
15.5224,68.5317,0.6851
15.5224,68.5972,0.6482
15.5224,68.7281,0.5998
15.5224,68.859,0.5501
15.5224,68.9245,0.5789
15.5224,68.99,0.6866
15.5224,69.0555,0.5662
15.5224,69.1209,0.5285
15.5224,69.1864,0.5162
15.5224,69.2519,0.542
15.5224,69.3174,0.6126
15.5224,70.8887,0.4355
15.457,67.6805,0.381
15.457,67.746,0.6073
15.457,67.8115,0.5645
15.457,67.877,0.5556
15.457,67.9424,0.5982
15.457,68.2043,0.6418
15.457,68.5317,0.6156
15.457,68.5972,0.5945
15.457,68.6626,0.6583
15.457,68.7281,0.6366
15.457,68.7936,0.6544
15.457,68.859,0.5637
15.457,68.9245,0.5884
15.457,69.1209,0.6636
15.457,69.1864,0.5218
15.457,69.5792,0.6993
15.457,70.9542,0.4411
15.3915,67.6805,3.509
15.3915,67.746,0.5736
15.3915,67.8115,0.6259
15.3915,67.877,0.6664
15.3915,67.9424,0.57
15.3915,68.2698,0.6779
15.3915,68.5972,0.7437
15.3915,68.6626,0.648
15.3915,68.7281,0.704
15.3915,68.859,0.665
15.3915,68.9245,0.6847
15.3915,68.99,0.6376
15.3915,69.0555,0.6873
15.3915,69.1209,0.6276
15.3915,69.1864,0.5705
15.3915,70.234,0.4226
15.3915,70.3649,0.3971
15.3915,70.5613,0.4216
15.326,67.6805,1.1363
15.326,67.746,0.5997
15.326,67.8115,0.6053
15.326,67.877,0.6699
15.326,67.9424,0.5987
15.326,68.0079,0.7648
15.326,68.0734,0.6145
15.326,68.1388,0.5889
15.326,68.5317,0.6158
15.326,68.5972,0.6037
15.326,68.6626,0.706
15.326,68.7281,0.6672
15.326,68.859,0.7199
15.326,69.9066,0.6867
15.326,70.103,0.5009
15.326,70.1685,0.4545
15.326,70.234,0.4155
15.326,70.2994,0.4
15.326,70.4304,0.3997
15.326,70.5613,0.3972
15.326,70.6268,0.4002
15.326,70.8232,0.4568
15.326,70.8887,0.448
15.326,71.0196,0.5196
15.2605,67.6805,0.592
15.2605,67.746,0.5453
15.2605,67.8115,0.5457
15.2605,68.0734,0.6222
15.2605,68.3353,0.7758
15.2605,68.4662,0.5725
15.2605,68.5972,0.5756
15.2605,68.6626,0.7613
15.2605,68.7936,0.7734
15.2605,68.859,0.5723
15.2605,69.2519,0.4711
15.2605,70.234,0.4501
15.2605,70.2994,0.4011
15.2605,70.4959,0.392
15.1951,67.6805,0.5466
15.1951,67.746,0.5028
15.1951,67.9424,0.5414
15.1951,68.1388,0.5948
15.1951,68.2043,0.6913
15.1951,68.3353,0.7463
15.1951,68.4007,0.6679
15.1951,68.4662,0.6229
15.1951,68.5317,0.7784
15.1951,68.5972,0.6598
15.1951,68.6626,0.6345
15.1951,70.2994,0.3901
15.1951,70.3649,0.3585
15.1951,70.6923,0.4348
15.1296,67.6151,0.3787
15.1296,67.6805,0.5473
15.1296,67.746,0.5529
15.1296,67.8115,0.569
15.1296,68.0079,0.6577
15.1296,68.1388,0.6299
15.1296,68.2043,0.6204
15.1296,68.2698,0.8741
15.1296,68.3353,0.6991
15.1296,68.4007,0.5746
15.1296,68.4662,0.7189
15.1296,68.5972,0.8049
15.1296,68.6626,0.4892
15.1296,68.7281,0.5317
15.1296,68.7936,0.4565
15.1296,68.859,0.4025
15.1296,68.9245,0.4281
15.1296,68.99,0.4475
15.1296,69.2519,0.5029
15.1296,69.3174,0.4808
15.1296,69.3828,0.4435
15.1296,69.5792,0.4177
15.1296,69.9066,0.4404
15.1296,70.0376,1.0525
15.1296,70.1685,0.4675
15.1296,70.234,0.4143
15.1296,70.2994,0.383
15.1296,70.3649,0.4034
15.0641,67.6151,2.5451
15.0641,67.6805,0.5651
15.0641,67.746,0.5003
15.0641,67.8115,0.5217
15.0641,67.9424,0.6179
15.0641,68.0079,0.6099
15.0641,68.0734,0.601
15.0641,68.2698,0.6463
15.0641,68.3353,0.6569
15.0641,68.4662,0.7486
15.0641,68.5317,1.0959
15.0641,68.5972,0.7055
15.0641,68.6626,0.6015
15.0641,68.7281,0.5789
15.0641,68.7936,0.5895
15.0641,68.859,0.4175
15.0641,68.9245,0.4558
15.0641,69.0555,0.4848
15.0641,69.1209,0.5093
15.0641,69.1864,0.5617
15.0641,69.3174,0.526
15.0641,69.3828,0.4616
15.0641,69.5138,0.4886
15.0641,69.8411,0.5522
15.0641,69.9066,0.4207
15.0641,70.0376,0.5297
15.0641,70.103,0.4264
15.0641,70.234,0.39
15.0641,70.3649,0.4159
15.0641,70.4304,0.3772
15.0641,70.4959,0.4253
14.9986,67.6151,1.1733
14.9986,67.6805,0.5529
14.9986,67.746,0.5597
14.9986,67.8115,0.5826
14.9986,67.877,0.5547
14.9986,67.9424,0.708
14.9986,68.0079,0.6384
14.9986,68.1388,0.5608
14.9986,68.2043,0.533
14.9986,68.4662,0.7255
14.9986,68.5317,0.6406
14.9986,68.5972,0.6698
14.9986,68.6626,0.7011
14.9986,68.7281,0.5349
14.9986,68.7936,0.497
14.9986,68.859,0.4873
14.9986,68.9245,0.5353
14.9986,69.0555,0.6084
14.9986,69.1209,0.5447
14.9986,69.1864,0.5112
14.9986,69.7757,0.713
14.9986,70.8887,0.5195
14.9332,67.6151,0.5444
14.9332,67.6805,0.5356
14.9332,67.746,0.5358
14.9332,67.8115,0.5229
14.9332,67.877,0.5305
14.9332,67.9424,0.5336
14.9332,68.0079,0.5464
14.9332,68.0734,0.6115
14.9332,68.2043,0.5826
14.9332,68.2698,0.6093
14.9332,68.4662,0.6361
14.9332,68.5317,0.6537
14.9332,68.5972,0.5982
14.9332,68.6626,0.6986
14.9332,68.7281,0.7118
14.9332,68.9245,0.5659
14.9332,68.99,0.4925
14.9332,69.5138,0.5205
14.9332,69.5792,0.5107
14.9332,69.7102,0.645
14.9332,69.9721,0.4321
14.8677,67.6151,0.5554
14.8677,67.6805,0.5573
14.8677,67.746,0.5131
14.8677,67.8115,0.5085
14.8677,67.877,0.527
14.8677,67.9424,0.5679
14.8677,68.0079,0.5706
14.8677,68.2043,0.5961
14.8677,68.2698,0.571
14.8677,68.5317,0.7987
14.8677,68.5972,0.5225
14.8677,68.7281,0.7227
14.8677,68.7936,0.6002
14.8677,68.9245,0.6255
14.8677,68.99,0.5596
14.8677,69.0555,0.5098
14.8677,69.1209,0.4198
14.8677,69.5138,0.6543
14.8677,69.6447,0.7164
14.8677,69.7757,0.641
14.8677,69.9066,0.4184
14.8677,70.0376,0.5335
14.8677,70.8887,0.5204
14.8022,67.5496,0.3562
14.8022,67.6151,0.5749
14.8022,67.6805,0.5507
14.8022,67.746,0.5059
14.8022,67.8115,0.4896
14.8022,67.877,0.5158
14.8022,67.9424,0.5346
14.8022,68.0079,0.5655
14.8022,68.0734,0.6123
14.8022,68.1388,0.56
14.8022,68.2043,0.5704
14.8022,68.4662,0.7393
14.8022,68.5317,0.7059
14.8022,68.5972,0.6273
14.8022,68.6626,0.5998
14.8022,68.7281,0.532
14.8022,68.7936,0.4359
14.8022,68.859,0.5062
14.8022,68.99,0.6407
14.8022,69.3828,0.5896
14.8022,69.5792,0.5414
14.8022,69.6447,0.5715
14.8022,69.7757,0.6532
14.8022,69.8411,0.5143
14.8022,69.9066,0.4189
14.8022,70.1685,0.4252
14.8022,70.8887,0.4991
14.7367,67.4187,1.3842
14.7367,67.5496,1.7457
14.7367,67.6151,0.5385
14.7367,67.6805,0.5308
14.7367,67.746,0.5299
14.7367,67.8115,0.4989
14.7367,67.877,0.4928
14.7367,67.9424,0.5479
14.7367,68.0734,0.4828
14.7367,68.1388,0.5874
14.7367,68.2043,0.5278
14.7367,68.2698,0.5601
14.7367,68.3353,0.5436
14.7367,68.4662,0.5078
14.7367,68.5972,0.6867
14.7367,68.6626,0.5201
14.7367,68.7281,0.5214
14.7367,68.7936,0.4777
14.7367,68.859,0.5151
14.7367,68.9245,0.4699
14.7367,68.99,0.4549
14.7367,69.1209,0.5908
14.7367,69.1864,0.4943
14.7367,69.2519,0.4668
14.7367,69.3174,0.5919
14.7367,69.3828,0.8288
14.7367,69.4483,0.6898
14.7367,69.5792,0.4573
14.7367,69.7102,0.5322
14.7367,69.9066,0.5061
14.7367,70.0376,0.4819
14.7367,70.234,0.5369
14.7367,70.2994,0.5081
14.7367,70.6268,0.383
14.7367,70.8232,0.4583
14.7367,70.8887,0.4584
14.6713,67.5496,1.7587
14.6713,67.6151,0.573
14.6713,67.6805,0.569
14.6713,67.746,0.5289
14.6713,67.8115,0.517
14.6713,67.877,0.5512
14.6713,68.0079,0.5975
14.6713,68.0734,0.6593
14.6713,68.2043,0.5335
14.6713,68.2698,0.6656
14.6713,68.3353,0.5036
14.6713,68.4662,0.7873
14.6713,68.5317,0.4525
14.6713,68.6626,0.7348
14.6713,68.7281,0.5
14.6713,68.7936,0.521
14.6713,68.859,0.4496
14.6713,68.9245,0.4458
14.6713,69.1209,1.0016
14.6713,69.2519,0.6623
14.6713,69.3174,0.5697
14.6713,69.4483,0.4973
14.6713,69.5138,0.482
14.6713,69.7102,0.6244
14.6713,69.9066,0.463
14.6713,70.3649,0.4974
14.6713,70.4304,0.4614
14.6713,70.4959,0.4803
14.6713,70.5613,0.6178
14.6058,67.5496,0.639
14.6058,67.6151,0.5444
14.6058,67.6805,0.5709
14.6058,67.746,0.5537
14.6058,67.8115,0.5278
14.6058,67.877,0.5082
14.6058,67.9424,0.6123
14.6058,68.0079,0.5604
14.6058,68.0734,0.6575
14.6058,68.1388,0.4854
14.6058,68.5972,0.4788
14.6058,68.6626,0.4769
14.6058,68.7281,0.4643
14.6058,68.7936,0.5486
14.6058,68.859,0.4613
14.6058,69.1864,0.4831
14.6058,69.2519,0.5284
14.6058,69.3174,0.5874
14.6058,69.4483,0.4681
14.6058,69.5138,0.5093
14.6058,69.5792,0.6156
14.6058,70.234,0.6189
14.6058,70.2994,0.5684
14.6058,70.8232,0.4954
14.5403,67.5496,0.617
14.5403,67.6151,0.5447
14.5403,67.6805,0.5464
14.5403,67.746,0.5738
14.5403,67.8115,0.5385
14.5403,67.877,0.58
14.5403,67.9424,0.4391
14.5403,68.0734,0.6321
14.5403,68.3353,0.4795
14.5403,68.4007,0.481
14.5403,68.4662,0.4487
14.5403,68.5317,0.4397
14.5403,68.5972,0.476
14.5403,68.6626,0.4928
14.5403,68.7281,0.4593
14.5403,68.7936,0.6761
14.5403,68.9245,0.6044
14.5403,68.99,0.457
14.5403,69.0555,0.4177
14.5403,69.1209,0.3977
14.5403,69.3174,0.7327
14.5403,69.3828,0.4664
14.5403,69.5138,0.5443
14.5403,69.6447,0.5526
14.4749,67.5496,0.6163
14.4749,67.6151,0.5276
14.4749,67.6805,0.5712
14.4749,67.746,0.645
14.4749,67.8115,0.5114
14.4749,67.877,0.5113
14.4749,67.9424,0.4813
14.4749,68.0079,0.5322
14.4749,68.0734,0.5728
14.4749,68.4007,0.603
14.4749,68.4662,0.4726
14.4749,68.5317,0.5169
14.4749,68.5972,0.6949
14.4749,68.859,0.4668
14.4749,68.9245,0.4313
14.4749,68.99,0.4082
14.4749,69.0555,0.4094
14.4749,69.1209,0.4554
14.4749,69.3828,0.6358
14.4749,70.0376,0.5918
14.4094,67.4841,3.0743
14.4094,67.5496,0.5163
14.4094,67.6151,0.506
14.4094,67.6805,0.541
14.4094,67.746,0.5108
14.4094,67.8115,0.5667
14.4094,67.877,0.505
14.4094,67.9424,0.405
14.4094,68.0079,0.4755
14.4094,68.0734,0.4283
14.4094,68.1388,0.474
14.4094,68.7281,0.6786
14.4094,68.7936,0.4685
14.4094,68.859,0.4071
14.4094,69.6447,0.4958
14.4094,70.0376,0.5276
14.4094,70.7578,0.4553
14.4094,70.8232,0.3652
14.3439,67.4841,2.3377
14.3439,67.5496,0.8254
14.3439,67.6151,0.5622
14.3439,67.6805,0.5669
14.3439,67.746,0.5074
14.3439,67.9424,0.5411
14.3439,68.0079,0.5848
14.3439,68.0734,0.5397
14.3439,68.3353,0.5228
14.3439,68.5317,0.6767
14.3439,68.5972,0.5679
14.3439,68.7281,0.5911
14.3439,68.7936,0.5015
14.3439,68.859,0.3982
14.3439,68.9245,0.4807
14.3439,69.4483,0.565
14.3439,69.5138,0.6073
14.3439,69.5792,0.5305
14.3439,69.6447,0.5197
14.3439,69.7102,0.4461
14.3439,69.9721,0.503
14.3439,70.0376,0.4906
14.3439,70.103,0.6748
14.3439,70.1685,0.6293
14.3439,70.3649,0.6266
14.3439,70.5613,0.351
14.3439,70.6923,0.4066
14.2784,67.4841,0.8718
14.2784,67.5496,0.6227
14.2784,67.746,0.6953
14.2784,67.8115,0.4741
14.2784,67.877,0.587
14.2784,67.9424,0.5296
14.2784,68.0079,0.4754
14.2784,68.0734,0.5601
14.2784,68.2698,0.4
14.2784,68.5317,0.4365
14.2784,68.7281,0.4582
14.2784,68.7936,0.4146
14.2784,68.859,0.3844
14.2784,68.9245,0.4705
14.2784,69.3828,0.5829
14.2784,69.5138,0.717
14.2784,69.5792,0.4606
14.2784,69.6447,0.5205
14.2784,69.7102,0.4596
14.2784,69.7757,0.4962
14.2784,69.9721,0.6128
14.2784,70.0376,0.615
14.2784,70.103,0.5235
14.2784,70.1685,0.7014
14.2784,70.4304,0.3646
14.2784,70.4959,0.3357
14.2784,70.5613,0.5457
14.2784,70.6268,0.3176
14.2784,70.6923,0.3504
14.2784,70.7578,0.3557
14.213,67.4841,0.7011
14.213,67.5496,0.7699
14.213,67.6151,0.6018
14.213,67.6805,0.5433
14.213,67.746,0.5223
14.213,67.8115,0.5434
14.213,67.877,0.4992
14.213,67.9424,0.575
14.213,68.0079,0.961
14.213,68.0734,0.4457
14.213,68.1388,0.4116
14.213,68.2043,0.3931
14.213,68.2698,0.3908
14.213,68.5972,0.5531
14.213,68.7936,0.5745
14.213,68.859,0.3847
14.213,68.9245,0.4605
14.213,68.99,0.4826
14.213,69.1864,0.4373
14.213,69.2519,0.4044
14.213,69.3174,0.4423
14.213,69.3828,0.5254
14.213,69.4483,0.4276
14.213,69.5792,0.4459
14.213,69.6447,0.4841
14.213,69.9066,0.5579
14.213,70.0376,0.4421
14.213,70.103,0.4741
14.213,70.1685,0.6599
14.213,70.234,0.4633
14.213,70.2994,0.4783
14.213,70.3649,0.3573
14.213,70.4304,0.3818
14.213,70.4959,0.3711
14.213,70.5613,0.3573
14.213,70.6268,0.4521
14.213,70.7578,0.3612
14.213,70.8232,0.3663
14.1475,67.4841,0.6093
14.1475,67.6151,0.6544
14.1475,67.6805,0.6167
14.1475,67.746,0.5268
14.1475,67.8115,0.5481
14.1475,67.877,0.5561
14.1475,67.9424,0.8579
14.1475,68.0079,0.4867
14.1475,68.0734,0.528
14.1475,68.2043,0.4016
14.1475,68.2698,0.4501
14.1475,68.6626,0.7074
14.1475,68.7281,0.5905
14.1475,68.7936,0.3691
14.1475,68.859,0.3853
14.1475,68.99,0.4571
14.1475,69.0555,0.5155
14.1475,69.1209,0.4067
14.1475,69.1864,0.4018
14.1475,69.2519,0.3699
14.1475,69.3174,0.3995
14.1475,69.4483,0.3806
14.1475,69.5138,0.4861
14.1475,69.5792,0.4229
14.1475,69.7102,0.5453
14.1475,69.8411,0.5741
14.1475,69.9066,0.5331
14.1475,70.103,0.4136
14.1475,70.1685,0.3753
14.1475,70.234,0.3969
14.1475,70.2994,0.3774
14.1475,70.3649,0.3476
14.1475,70.4304,0.4006
14.1475,70.4959,0.3726
14.1475,70.5613,0.3338
14.1475,70.6268,0.3584
14.1475,70.6923,0.3567
14.1475,70.7578,0.4436
14.1475,70.8232,0.4112
14.082,67.5496,0.6343
14.082,67.6151,0.7506
14.082,67.6805,0.6544
14.082,67.746,0.6079
14.082,67.8115,0.572
14.082,67.877,0.5349
14.082,67.9424,0.5631
14.082,68.0079,0.5494
14.082,68.6626,0.5797
14.082,68.7281,0.3813
14.082,68.7936,0.3358
14.082,68.859,0.3443
14.082,68.9245,0.4071
14.082,68.99,0.4685
14.082,69.0555,0.6758
14.082,69.1209,0.6506
14.082,69.2519,0.6796
14.082,69.3174,0.4589
14.082,69.3828,0.447
14.082,69.4483,0.4854
14.082,69.5792,0.5274
14.082,69.9721,0.4756
14.082,70.0376,0.4114
14.082,70.103,0.4392
14.082,70.1685,0.3544
14.082,70.234,0.3633
14.082,70.2994,0.3801
14.082,70.3649,0.3731
14.082,70.4959,0.4958
14.082,70.6268,0.3496
14.082,70.6923,0.3821
14.082,70.7578,0.4053
14.0165,67.4841,0.5795
14.0165,67.6151,0.6168
14.0165,67.6805,0.6085
14.0165,67.877,0.7043
14.0165,68.0079,0.6228
14.0165,68.0734,0.4489
14.0165,68.1388,0.4647
14.0165,68.2043,0.5506
14.0165,68.6626,0.453
14.0165,68.7281,0.5051
14.0165,68.7936,0.4005
14.0165,68.9245,0.8285
14.0165,69.2519,0.9971
14.0165,69.3174,0.5704
14.0165,69.3828,0.5019
14.0165,69.4483,0.4977
14.0165,69.5138,0.5148
14.0165,69.7102,0.7156
14.0165,69.7757,0.3935
14.0165,70.103,0.4152
14.0165,70.1685,0.3682
14.0165,70.234,0.3283
14.0165,70.2994,0.3
14.0165,70.4304,0.3399
14.0165,70.4959,0.3253
14.0165,70.5613,0.4231
14.0165,70.6268,0.3802
14.0165,70.6923,0.3823
14.0165,70.7578,0.3534
13.9511,67.4187,0.5122
13.9511,67.6151,0.6027
13.9511,67.6805,0.6059
13.9511,67.746,0.5871
13.9511,67.8115,0.6616
13.9511,67.877,0.6552
13.9511,67.9424,0.6592
13.9511,68.0079,0.5753
13.9511,68.0734,0.5564
13.9511,68.1388,0.4017
13.9511,68.2043,0.3661
13.9511,68.5972,0.5496
13.9511,68.7281,0.5472
13.9511,68.9245,0.372
13.9511,68.99,0.4137
13.9511,69.1864,0.7604
13.9511,69.2519,0.4695
13.9511,69.3174,0.4729
13.9511,69.3828,0.5306
13.9511,69.4483,0.5863
13.9511,69.5138,0.4379
13.9511,69.5792,0.3658
13.9511,69.7757,0.3379
13.9511,69.8411,0.3473
13.9511,69.9721,0.3486
13.9511,70.1685,0.3797
13.9511,70.2994,0.4985
13.9511,70.3649,0.3898
13.9511,70.4304,0.8734
13.9511,70.4959,0.3713
13.9511,70.5613,0.4404
13.9511,70.6268,0.3907
13.9511,70.6923,0.3795
13.9511,70.7578,0.5916
13.8856,67.4187,0.7494
13.8856,67.4841,0.6687
13.8856,67.5496,0.6777
13.8856,67.6151,0.6624
13.8856,67.746,0.6893
13.8856,67.8115,0.637
13.8856,67.877,0.6347
13.8856,67.9424,0.6551
13.8856,68.0079,0.7398
13.8856,68.0734,0.7104
13.8856,68.1388,0.4233
13.8856,68.4662,0.4794
13.8856,68.5317,0.4398
13.8856,68.5972,0.4302
13.8856,68.6626,0.4586
13.8856,68.7281,0.4655
13.8856,68.7936,0.3487
13.8856,68.859,0.349
13.8856,68.9245,0.3718
13.8856,69.0555,0.4798
13.8856,69.1209,0.4421
13.8856,69.1864,0.3921
13.8856,69.2519,0.3796
13.8856,69.3174,0.4222
13.8856,69.3828,0.4028
13.8856,69.4483,0.4218
13.8856,69.5138,0.4569
13.8856,69.5792,0.6328
13.8856,69.7102,0.339
13.8856,69.7757,0.3607
13.8856,69.9721,0.5705
13.8856,70.1685,0.7677
13.8856,70.234,0.4578
13.8856,70.2994,0.547
13.8856,70.3649,0.4272
13.8856,70.4304,0.4008
13.8856,70.5613,0.4363
13.8856,70.6268,0.3916
13.8856,70.6923,0.4012
13.8856,70.7578,0.4741
13.8201,67.4187,0.5886
13.8201,67.4841,0.5217
13.8201,67.5496,0.6686
13.8201,67.746,0.8251
13.8201,67.8115,0.7542
13.8201,67.877,0.4955
13.8201,67.9424,0.6907
13.8201,68.0079,0.6928
13.8201,68.2698,0.4504
13.8201,68.3353,0.4749
13.8201,68.4007,0.3992
13.8201,68.4662,0.4841
13.8201,68.5972,0.3352
13.8201,68.6626,0.3297
13.8201,68.7281,0.3445
13.8201,68.7936,0.337
13.8201,68.859,0.3299
13.8201,68.9245,0.3524
13.8201,69.0555,0.4648
13.8201,69.1209,0.5177
13.8201,69.1864,0.4813
13.8201,69.5138,0.5813
13.8201,69.8411,0.513
13.8201,70.0376,0.3826
13.8201,70.103,0.3904
13.8201,70.1685,0.3663
13.8201,70.234,0.4743
13.8201,70.2994,0.3745
13.8201,70.3649,0.4614
13.8201,70.4304,0.3596
13.8201,70.5613,0.4539
13.8201,70.6268,0.4001
13.8201,70.6923,0.398
13.8201,70.7578,0.3836
13.7546,67.4187,0.5154
13.7546,67.4841,0.5137
13.7546,67.5496,0.5548
13.7546,67.6151,0.676
13.7546,67.6805,0.5691
13.7546,67.746,0.596
13.7546,67.8115,0.6051
13.7546,67.877,0.6462
13.7546,67.9424,0.7004
13.7546,68.0079,0.5332
13.7546,68.2043,0.6331
13.7546,68.2698,0.636
13.7546,68.3353,0.426
13.7546,68.4007,0.3803
13.7546,68.4662,0.3639
13.7546,68.5317,0.4151
13.7546,68.5972,0.3845
13.7546,68.6626,0.375
13.7546,68.7281,0.3737
13.7546,68.7936,0.3831
13.7546,68.859,0.3896
13.7546,68.9245,0.4584
13.7546,68.99,0.403
13.7546,69.0555,0.3833
13.7546,69.1209,0.5193
13.7546,69.1864,0.3545
13.7546,69.3174,0.3173
13.7546,69.3828,0.5594
13.7546,69.7102,0.3964
13.7546,69.8411,0.3603
13.7546,69.9066,0.3573
13.7546,69.9721,0.3924
13.7546,70.0376,0.4644
13.7546,70.103,0.3577
13.7546,70.1685,0.3885
13.7546,70.234,0.3639
13.7546,70.3649,0.4247
13.7546,70.4959,0.4631
13.7546,70.7578,0.4331
13.6892,67.4187,0.4338
13.6892,67.4841,0.4049
13.6892,67.5496,0.4011
13.6892,67.6151,0.5734
13.6892,67.6805,0.512
13.6892,67.746,0.6024
13.6892,67.8115,0.3926
13.6892,67.877,0.69
13.6892,67.9424,0.6289
13.6892,68.0079,0.6722
13.6892,68.0734,1.055
13.6892,68.2043,0.7048
13.6892,68.2698,0.6207
13.6892,68.3353,0.5627
13.6892,68.4007,0.4994
13.6892,68.4662,0.3871
13.6892,68.5972,0.3789
13.6892,68.6626,0.3806
13.6892,68.7281,0.3628
13.6892,68.7936,0.3782
13.6892,68.859,0.3856
13.6892,68.9245,0.3851
13.6892,68.99,0.3874
13.6892,69.0555,0.3675
13.6892,69.1209,0.3752
13.6892,69.1864,0.456
13.6892,69.3174,0.532
13.6892,69.3828,0.4242
13.6892,69.5138,0.4119
13.6892,69.7102,0.3701
13.6892,69.7757,0.6103
13.6892,69.8411,0.3301
13.6892,69.9066,0.3832
13.6892,69.9721,0.5402
13.6892,70.0376,0.3909
13.6892,70.103,0.4066
13.6892,70.1685,0.3732
13.6892,70.234,0.3734
13.6892,70.2994,0.3974
13.6892,70.3649,0.4108
13.6892,70.4304,0.4239
13.6892,70.4959,0.4242
13.6892,70.5613,0.3761
13.6892,70.6923,0.4762
13.6892,70.7578,0.4508
13.6237,67.3532,0.9098
13.6237,67.4187,0.5117
13.6237,67.4841,0.518
13.6237,67.5496,0.5429
13.6237,67.6151,0.582
13.6237,67.6805,0.5637
13.6237,67.746,1.2394
13.6237,67.8115,0.5149
13.6237,67.877,0.5559
13.6237,67.9424,0.5087
13.6237,68.0079,0.5225
13.6237,68.0734,0.6192
13.6237,68.1388,0.6884
13.6237,68.2043,0.6577
13.6237,68.2698,0.5124
13.6237,68.3353,0.5112
13.6237,68.4007,0.4331
13.6237,68.4662,0.428
13.6237,68.5317,0.6778
13.6237,68.5972,0.3746
13.6237,68.6626,0.3711
13.6237,68.7281,0.349
13.6237,68.7936,0.3749
13.6237,68.859,0.3712
13.6237,68.9245,0.3899
13.6237,68.99,0.3751
13.6237,69.1864,0.5579
13.6237,69.4483,0.3797
13.6237,69.5792,0.4283
13.6237,69.6447,0.3968
13.6237,69.7102,0.4498
13.6237,69.7757,0.4079
13.6237,69.8411,0.3555
13.6237,69.9066,0.3457
13.6237,69.9721,0.3553
13.6237,70.0376,0.542
13.6237,70.103,0.3799
13.6237,70.1685,0.4098
13.6237,70.234,0.3913
13.6237,70.3649,0.4158
13.6237,70.6268,0.4479
13.6237,70.6923,0.4493
13.6237,70.7578,0.5896
13.5582,67.3532,0.4713
13.5582,67.4187,0.4738
13.5582,67.4841,0.5208
13.5582,67.5496,0.6374
13.5582,67.6151,0.594
13.5582,67.6805,0.4637
13.5582,67.746,0.4582
13.5582,67.8115,0.5632
13.5582,68.0079,0.4583
13.5582,68.0734,0.6167
13.5582,68.2698,0.8488
13.5582,68.3353,0.4575
13.5582,68.4007,0.3887
13.5582,68.4662,0.3634
13.5582,68.5317,0.358
13.5582,68.5972,0.4051
13.5582,68.6626,0.4256
13.5582,68.7281,0.4035
13.5582,68.7936,0.4293
13.5582,68.859,0.3996
13.5582,68.9245,0.6046
13.5582,68.99,0.4162
13.5582,69.1209,0.4271
13.5582,69.1864,0.4079
13.5582,69.2519,0.3308
13.5582,69.3828,0.6855
13.5582,69.4483,0.3809
13.5582,69.7102,0.3449
13.5582,69.7757,0.3564
13.5582,69.8411,0.3445
13.5582,69.9066,0.353
13.5582,69.9721,0.3616
13.5582,70.0376,0.3686
13.5582,70.103,0.3334
13.5582,70.1685,0.3617
13.5582,70.234,0.3431
13.5582,70.2994,0.5603
13.5582,70.4304,0.3481
13.5582,70.5613,0.6614
13.5582,70.6268,0.4959
13.5582,70.6923,0.4276
13.4927,67.3532,0.6257
13.4927,67.4187,0.5696
13.4927,67.5496,0.6324
13.4927,67.6805,0.503
13.4927,67.746,0.4703
13.4927,67.8115,0.4344
13.4927,67.877,0.3931
13.4927,67.9424,0.3851
13.4927,68.0079,0.3772
13.4927,68.0734,0.373
13.4927,68.2043,0.2953
13.4927,68.3353,0.6798
13.4927,68.4007,0.3681
13.4927,68.4662,0.3899
13.4927,68.5317,0.3374
13.4927,68.5972,0.3619
13.4927,68.6626,0.3519
13.4927,68.7281,0.3638
13.4927,68.7936,0.3953
13.4927,68.859,0.3999
13.4927,68.9245,0.3924
13.4927,68.99,0.4003
13.4927,69.0555,0.3508
13.4927,69.1209,0.3897
13.4927,69.1864,0.3944
13.4927,69.2519,0.3661
13.4927,69.3174,0.4329
13.4927,69.3828,0.4006
13.4927,69.5138,0.3886
13.4927,69.6447,0.591
13.4927,69.7102,0.402
13.4927,69.7757,0.3881
13.4927,69.8411,0.3496
13.4927,69.9066,0.3674
13.4927,69.9721,0.3713
13.4927,70.0376,0.3506
13.4927,70.103,0.3233
13.4927,70.1685,0.3627
13.4927,70.3649,0.4122
13.4927,70.4304,0.4223
13.4927,70.6923,0.637
13.4273,67.2877,2.1608
13.4273,67.3532,0.5918
13.4273,67.4187,0.5768
13.4273,67.4841,0.6515
13.4273,67.5496,0.6313
13.4273,67.6151,0.5575
13.4273,67.6805,0.4298
13.4273,67.746,0.3983
13.4273,67.8115,0.3894
13.4273,67.877,0.4024
13.4273,67.9424,0.3672
13.4273,68.0734,0.3297
13.4273,68.1388,0.3624
13.4273,68.2043,0.8877
13.4273,68.2698,0.3308
13.4273,68.3353,0.3475
13.4273,68.5317,0.3529
13.4273,68.5972,0.3617
13.4273,68.6626,0.3587
13.4273,68.7281,0.4249
13.4273,68.7936,0.3708
13.4273,68.859,0.3648
13.4273,68.9245,0.4919
13.4273,68.99,0.3747
13.4273,69.0555,0.399
13.4273,69.1209,0.399
13.4273,69.1864,0.0763
13.4273,69.2519,0.3967
13.4273,69.3174,0.38
13.4273,69.3828,0.3762
13.4273,69.5138,0.3535
13.4273,69.7102,0.4253
13.4273,69.7757,0.397
13.4273,69.8411,0.3335
13.4273,69.9066,0.359
13.4273,69.9721,0.368
13.4273,70.0376,0.3327
13.4273,70.103,0.334
13.4273,70.1685,0.3631
13.4273,70.234,0.3471
13.4273,70.2994,0.3833
13.4273,70.3649,0.4015
13.4273,70.4304,0.3469
13.4273,70.5613,0.429
13.3618,67.2877,2.592
13.3618,67.3532,0.8072
13.3618,67.4187,0.547
13.3618,67.4841,0.4612
13.3618,67.5496,0.4224
13.3618,67.6151,0.5032
13.3618,67.6805,0.3627
13.3618,67.746,0.4649
13.3618,67.8115,0.5414
13.3618,67.877,0.4095
13.3618,67.9424,0.3692
13.3618,68.0079,0.33
13.3618,68.1388,0.3528
13.3618,68.2043,0.4083
13.3618,68.2698,0.461
13.3618,68.4007,0.1646
13.3618,68.4662,0.373
13.3618,68.5317,0.3593
13.3618,68.5972,0.4256
13.3618,68.6626,0.3588
13.3618,68.7281,0.3678
13.3618,68.7936,0.6772
13.3618,68.859,0.3721
13.3618,68.9245,0.3779
13.3618,68.99,0.3994
13.3618,69.0555,0.3931
13.3618,69.1209,0.4031
13.3618,69.1864,0.367
13.3618,69.3174,0.4046
13.3618,69.7102,0.4191
13.3618,69.7757,0.4024
13.3618,69.8411,0.4708
13.3618,69.9066,0.42
13.3618,69.9721,0.3326
13.3618,70.0376,0.3406
13.3618,70.103,0.3376
13.3618,70.1685,0.3566
13.3618,70.234,0.3702
13.3618,70.2994,0.4666
13.3618,70.3649,0.3138
13.3618,70.4304,0.3305
13.3618,70.6268,0.3903
13.3618,70.6923,0.3895
13.2963,67.2877,0.7231
13.2963,67.4187,0.3613
13.2963,67.4841,0.3668
13.2963,67.5496,0.3667
13.2963,67.6151,0.3863
13.2963,67.6805,0.4672
13.2963,67.8115,0.466
13.2963,67.877,0.4306
13.2963,67.9424,0.3899
13.2963,68.0079,0.3236
13.2963,68.1388,0.3526
13.2963,68.2043,0.5531
13.2963,68.2698,0.4465
13.2963,68.3353,0.3661
13.2963,68.4007,0.3326
13.2963,68.4662,0.3369
13.2963,68.5317,0.3509
13.2963,68.5972,0.3586
13.2963,68.6626,0.3429
13.2963,68.7281,0.3781
13.2963,68.7936,0.3992
13.2963,68.859,0.411
13.2963,68.9245,0.4091
13.2963,68.99,0.3787
13.2963,69.0555,0.3788
13.2963,69.1209,0.3562
13.2963,69.1864,0.3712
13.2963,69.2519,0.4002
13.2963,69.3174,0.8009
13.2963,69.3828,0.3549
13.2963,69.4483,0.3222
13.2963,69.6447,0.614
13.2963,69.7102,0.3885
13.2963,69.7757,0.3823
13.2963,69.8411,0.3763
13.2963,69.9066,0.4646
13.2963,69.9721,0.3585
13.2963,70.0376,0.3449
13.2963,70.103,0.317
13.2963,70.1685,0.3928
13.2963,70.234,0.5384
13.2963,70.2994,0.4262
13.2963,70.3649,0.3372
13.2963,70.4304,0.3257
13.2963,70.5613,0.4156
13.2963,70.6923,0.3462
13.2309,67.2877,0.3465
13.2309,67.3532,0.3306
13.2309,67.4187,0.3579
13.2309,67.4841,0.3472
13.2309,67.5496,0.3407
13.2309,67.6151,0.4222
13.2309,67.6805,0.4268
13.2309,67.746,0.4545
13.2309,67.8115,0.4546
13.2309,67.877,0.4091
13.2309,67.9424,0.3552
13.2309,68.0079,0.3732
13.2309,68.0734,0.3535
13.2309,68.2043,0.371
13.2309,68.2698,0.7694
13.2309,68.3353,0.3622
13.2309,68.4007,0.3341
13.2309,68.4662,0.3383
13.2309,68.5317,0.3651
13.2309,68.5972,0.3411
13.2309,68.6626,0.3302
13.2309,68.7281,0.3245
13.2309,68.7936,0.3117
13.2309,68.859,0.3303
13.2309,68.9245,0.3725
13.2309,68.99,0.3805
13.2309,69.0555,0.3808
13.2309,69.1209,0.3355
13.2309,69.1864,0.3522
13.2309,69.3174,0.3293
13.2309,69.3828,0.391
13.2309,69.4483,0.3396
13.2309,69.5138,0.3987
13.2309,69.5792,0.3547
13.2309,69.7102,0.3725
13.2309,69.7757,0.4126
13.2309,69.8411,0.3993
13.2309,69.9066,0.8488
13.2309,69.9721,0.5437
13.2309,70.103,0.4349
13.2309,70.1685,0.3722
13.2309,70.234,0.3735
13.2309,70.3649,0.3933
13.2309,70.4304,0.4169
13.2309,70.5613,0.3508
13.1654,67.2877,0.4199
13.1654,67.4187,0.2722
13.1654,67.4841,0.3394
13.1654,67.5496,0.3063
13.1654,67.6151,0.6533
13.1654,67.6805,0.3643
13.1654,67.746,0.4023
13.1654,67.8115,0.4466
13.1654,67.877,0.4141
13.1654,67.9424,0.3886
13.1654,68.0079,0.4052
13.1654,68.0734,0.3509
13.1654,68.1388,0.3629
13.1654,68.2698,0.3362
13.1654,68.3353,0.3385
13.1654,68.4007,0.3291
13.1654,68.4662,0.3917
13.1654,68.5317,0.3138
13.1654,68.5972,0.3231
13.1654,68.6626,0.3199
13.1654,68.7281,0.3565
13.1654,68.7936,0.3276
13.1654,68.859,0.3499
13.1654,68.9245,0.403
13.1654,68.99,0.4096
13.1654,69.0555,0.3938
13.1654,69.1209,0.3183
13.1654,69.1864,0.3065
13.1654,69.2519,0.3396
13.1654,69.3828,0.3697
13.1654,69.4483,0.3455
13.1654,69.5138,0.3858
13.1654,69.5792,0.4044
13.1654,69.6447,0.3698
13.1654,69.7102,0.3642
13.1654,69.7757,0.3406
13.1654,69.8411,0.3172
13.1654,69.9066,0.3909
13.1654,69.9721,0.3432
13.1654,70.0376,0.3377
13.1654,70.103,0.3772
13.1654,70.1685,0.3577
13.1654,70.4959,0.4088
13.1654,70.5613,0.5449
13.1654,70.6268,0.3745
13.0999,67.2222,0.5278
13.0999,67.2877,0.3349
13.0999,67.3532,0.3013
13.0999,67.4187,0.301
13.0999,67.4841,0.4194
13.0999,67.5496,0.3068
13.0999,67.6151,0.328
13.0999,67.6805,0.3663
13.0999,67.8115,0.4169
13.0999,67.877,0.3743
13.0999,67.9424,0.375
13.0999,68.0079,0.3689
13.0999,68.0734,0.3732
13.0999,68.1388,0.358
13.0999,68.2043,0.3139
13.0999,68.2698,0.3406
13.0999,68.3353,0.3637
13.0999,68.4007,0.3253
13.0999,68.4662,0.3108
13.0999,68.5317,0.3229
13.0999,68.5972,0.3039
13.0999,68.6626,0.3031
13.0999,68.7281,0.3141
13.0999,68.7936,0.3487
13.0999,68.859,0.343
13.0999,68.9245,0.3559
13.0999,68.99,0.3482
13.0999,69.0555,0.3667
13.0999,69.1209,0.294
13.0999,69.2519,0.6213
13.0999,69.3174,0.3563
13.0999,69.3828,0.2786
13.0999,69.4483,0.4216
13.0999,69.5138,0.7496
13.0999,69.5792,0.2982
13.0999,69.6447,0.3703
13.0999,69.7102,0.5651
13.0999,69.7757,0.3565
13.0999,69.8411,0.3349
13.0999,69.9066,0.3877
13.0999,69.9721,0.3229
13.0999,70.0376,0.3398
13.0999,70.103,0.3653
13.0999,70.1685,0.4102
13.0999,70.234,0.4399
13.0999,70.2994,0.4639
13.0999,70.3649,0.4329
13.0999,70.4304,0.4186
13.0999,70.4959,0.4355
13.0999,70.5613,0.4257
13.0999,70.6268,0.5062
13.0344,67.2222,0.9159
13.0344,67.2877,0.284
13.0344,67.3532,0.3643
13.0344,67.4187,0.2975
13.0344,67.4841,0.2933
13.0344,67.5496,0.2973
13.0344,67.6151,0.3549
13.0344,67.6805,0.3266
13.0344,67.746,0.3849
13.0344,67.8115,0.5447
13.0344,67.877,0.3761
13.0344,67.9424,0.3754
13.0344,68.0079,0.3082
13.0344,68.0734,0.3606
13.0344,68.1388,0.3424
13.0344,68.2043,0.3382
13.0344,68.2698,0.3826
13.0344,68.4007,0.3288
13.0344,68.4662,0.2534
13.0344,68.5317,0.3262
13.0344,68.5972,0.3171
13.0344,68.6626,0.3065
13.0344,68.7281,0.3196
13.0344,68.7936,0.3541
13.0344,68.859,0.3472
13.0344,68.9245,0.3229
13.0344,68.99,0.3375
13.0344,69.0555,0.3333
13.0344,69.1209,0.3483
13.0344,69.2519,0.3806
13.0344,69.3174,0.4127
13.0344,69.4483,0.5033
13.0344,69.5138,0.3244
13.0344,69.5792,0.3877
13.0344,69.6447,0.3507
13.0344,69.7102,0.3411
13.0344,69.8411,0.6416
13.0344,69.9066,0.401
13.0344,69.9721,0.3544
13.0344,70.0376,0.3293
13.0344,70.103,0.3171
13.0344,70.1685,0.3079
13.0344,70.234,0.3613
13.0344,70.4304,0.6465
13.0344,70.4959,0.3407
13.0344,70.5613,0.3673
13.0344,70.6268,0.3781
12.969,67.2222,0.4877
12.969,67.2877,0.3594
12.969,67.3532,0.2033
12.969,67.4187,0.2748
12.969,67.4841,0.2856
12.969,67.5496,0.2922
12.969,67.6151,0.0331
12.969,67.746,0.3808
12.969,67.877,0.3571
12.969,67.9424,0.3156
12.969,68.0079,0.3314
12.969,68.0734,0.3465
12.969,68.1388,0.3125
12.969,68.2043,0.335
12.969,68.2698,0.3233
12.969,68.3353,0.2881
12.969,68.4007,0.1819
12.969,68.4662,0.3037
12.969,68.5317,0.3167
12.969,68.5972,0.3157
12.969,68.6626,0.3288
12.969,68.7281,0.3393
12.969,68.7936,0.3357
12.969,68.859,0.3141
12.969,68.9245,0.328
12.969,68.99,0.3414
12.969,69.0555,0.3158
12.969,69.1209,0.304
12.969,69.3828,0.3774
12.969,69.4483,0.4816
12.969,69.5138,0.4246
12.969,69.5792,0.3416
12.969,69.6447,0.3716
12.969,69.8411,0.3449
12.969,69.9066,0.3111
12.969,69.9721,0.3569
12.969,70.0376,0.3673
12.969,70.103,0.4484
12.969,70.1685,0.3454
12.969,70.4304,0.3664
12.969,70.4959,0.327
12.969,70.5613,0.3811
12.969,70.6268,0.3381
12.9035,67.2222,0.4322
12.9035,67.2877,0.2572
12.9035,67.3532,0.2644
12.9035,67.4187,0.2788
12.9035,67.4841,0.2766
12.9035,67.5496,0.306
12.9035,67.6151,0.2832
12.9035,67.6805,0.3641
12.9035,67.746,0.4698
12.9035,67.8115,0.3576
12.9035,67.877,0.3752
12.9035,68.0079,0.3711
12.9035,68.0734,0.329
12.9035,68.1388,0.3214
12.9035,68.2043,0.3235
12.9035,68.2698,0.3086
12.9035,68.4662,0.3103
12.9035,68.5317,0.3044
12.9035,68.5972,0.3169
12.9035,68.6626,0.3185
12.9035,68.7281,0.3175
12.9035,68.7936,0.3089
12.9035,68.859,0.3258
12.9035,68.9245,0.3256
12.9035,68.99,0.3252
12.9035,69.0555,0.3361
12.9035,69.1209,0.3611
12.9035,69.1864,0.3345
12.9035,69.2519,0.4641
12.9035,69.3174,0.3632
12.9035,69.3828,0.4956
12.9035,69.4483,0.3148
12.9035,69.5138,0.3318
12.9035,69.6447,0.3471
12.9035,69.7102,0.3171
12.9035,69.7757,0.3883
12.9035,69.8411,0.3377
12.9035,69.9066,0.3163
12.9035,69.9721,0.3063
12.9035,70.0376,0.3663
12.9035,70.103,0.3437
12.9035,70.1685,0.4276
12.9035,70.234,0.3014
12.9035,70.2994,0.2935
12.9035,70.3649,0.3533
12.9035,70.4959,0.3777
12.9035,70.5613,0.3727
12.9035,70.6268,0.3819
12.838,67.2222,0.2744
12.838,67.2877,0.2605
12.838,67.3532,0.2852
12.838,67.4187,0.287
12.838,67.4841,0.2793
12.838,67.5496,0.2906
12.838,67.6151,0.2936
12.838,67.6805,0.3011
12.838,67.746,0.3229
12.838,67.8115,0.3687
12.838,67.877,0.458
12.838,67.9424,0.2984
12.838,68.0079,0.3577
12.838,68.0734,0.3181
12.838,68.1388,0.3202
12.838,68.2043,0.311
12.838,68.2698,0.2966
12.838,68.5317,0.3473
12.838,68.5972,0.3142
12.838,68.6626,0.3226
12.838,68.7281,0.3112
12.838,68.7936,0.3215
12.838,68.859,0.3747
12.838,68.9245,0.3378
12.838,68.99,0.4995
12.838,69.0555,0.3148
12.838,69.1209,0.4143
12.838,69.2519,0.366
12.838,69.3174,0.3605
12.838,69.3828,0.3246
12.838,69.5138,0.3493
12.838,69.5792,0.3173
12.838,69.6447,0.2958
12.838,69.7757,0.3157
12.838,69.8411,0.4865
12.838,69.9066,0.3009
12.838,69.9721,0.2758
12.838,70.0376,0.3257
12.838,70.103,0.3586
12.838,70.1685,0.3532
12.838,70.234,0.3123
12.838,70.2994,0.2837
12.838,70.3649,0.3184
12.838,70.5613,0.3454
12.838,70.6268,0.3282
12.7725,67.2222,0.377
12.7725,67.2877,0.2758
12.7725,67.3532,0.2762
12.7725,67.4187,0.3245
12.7725,67.4841,0.3045
12.7725,67.5496,0.2971
12.7725,67.6151,0.306
12.7725,67.6805,0.298
12.7725,67.746,0.3186
12.7725,67.8115,0.3696
12.7725,67.9424,0.323
12.7725,68.0734,0.3585
12.7725,68.1388,0.3188
12.7725,68.2043,0.3312
12.7725,68.2698,0.29
12.7725,68.3353,0.2784
12.7725,68.4007,0.307
12.7725,68.4662,0.3231
12.7725,68.5317,0.2914
12.7725,68.6626,0.3245
12.7725,68.7281,0.3208
12.7725,68.7936,0.3366
12.7725,68.859,0.3632
12.7725,68.99,0.4032
12.7725,69.0555,0.3478
12.7725,69.1209,0.3835
12.7725,69.1864,0.4562
12.7725,69.2519,0.3544
12.7725,69.5138,0.3472
12.7725,69.6447,0.3298
12.7725,69.7102,0.3136
12.7725,69.8411,0.3143
12.7725,69.9066,0.3548
12.7725,69.9721,0.2973
12.7725,70.0376,0.3285
12.7725,70.103,0.4121
12.7725,70.1685,0.3228
12.7725,70.234,0.7546
12.7725,70.2994,0.291
12.7725,70.3649,0.3704
12.7725,70.4304,0.3178
12.7725,70.4959,0.3348
12.7725,70.6268,0.2995
12.7071,67.1568,1.232
12.7071,67.2877,0.2998
12.7071,67.4187,0.3699
12.7071,67.4841,0.31
12.7071,67.5496,0.3168
12.7071,67.6151,0.3016
12.7071,67.6805,0.3341
12.7071,68.0079,0.3753
12.7071,68.0734,0.2894
12.7071,68.2698,0.6265
12.7071,68.3353,0.319
12.7071,68.4007,0.6996
12.7071,68.4662,0.3467
12.7071,68.5317,0.3429
12.7071,68.5972,0.3167
12.7071,68.6626,0.3261
12.7071,68.7281,0.333
12.7071,68.859,0.4309
12.7071,68.99,0.3992
12.7071,69.1209,0.3464
12.7071,69.1864,0.4064
12.7071,69.2519,0.4404
12.7071,69.3174,0.2823
12.7071,69.3828,0.2895
12.7071,69.4483,0.2533
12.7071,69.5138,0.4252
12.7071,69.5792,0.3121
12.7071,69.6447,0.3076
12.7071,69.7102,1.2532
12.7071,69.7757,0.2724
12.7071,69.9066,0.2753
12.7071,69.9721,0.3992
12.7071,70.0376,0.3247
12.7071,70.103,0.3555
12.7071,70.1685,0.5338
12.7071,70.234,0.303
12.7071,70.2994,0.3217
12.7071,70.3649,0.3075
12.7071,70.4304,0.3087
12.7071,70.4959,0.3098
12.7071,70.5613,0.2939
12.7071,70.6268,0.4878
12.6416,67.1568,0.579
12.6416,67.2222,0.2587
12.6416,67.2877,0.2944
12.6416,67.6151,0.3132
12.6416,67.6805,0.3111
12.6416,67.877,0.3618
12.6416,67.9424,0.3288
12.6416,68.0079,0.3129
12.6416,68.0734,0.3422
12.6416,68.1388,0.2304
12.6416,68.2043,0.3123
12.6416,68.2698,0.3292
12.6416,68.4007,0.2951
12.6416,68.5317,0.3339
12.6416,68.5972,0.3311
12.6416,68.6626,0.3289
12.6416,68.7281,0.3226
12.6416,68.7936,0.2963
12.6416,68.859,0.3896
12.6416,68.9245,0.3493
12.6416,68.99,0.3468
12.6416,69.2519,0.4082
12.6416,69.3174,0.5649
12.6416,69.3828,0.3269
12.6416,69.4483,0.4166
12.6416,69.5138,0.2946
12.6416,69.5792,0.4831
12.6416,69.6447,0.3
12.6416,69.7102,0.2895
12.6416,69.7757,0.294
12.6416,69.8411,0.2978
12.6416,69.9066,0.3446
12.6416,70.0376,0.3123
12.6416,70.103,0.3627
12.6416,70.1685,0.3043
12.6416,70.234,0.2971
12.6416,70.2994,0.3081
12.6416,70.3649,0.2977
12.6416,70.4304,0.3452
12.6416,70.6268,0.3828
12.5761,67.1568,0.3012
12.5761,67.2222,0.2794
12.5761,67.2877,0.2725
12.5761,67.3532,0.2722
12.5761,67.4187,0.2513
12.5761,67.5496,0.5816
12.5761,67.6151,0.4077
12.5761,67.746,0.3379
12.5761,67.8115,0.3632
12.5761,67.877,0.3215
12.5761,67.9424,0.3116
12.5761,68.0734,0.3218
12.5761,68.2698,0.3057
12.5761,68.3353,0.3057
12.5761,68.4007,0.3326
12.5761,68.4662,0.3603
12.5761,68.5317,0.232
12.5761,68.6626,0.3074
12.5761,68.7281,0.311
12.5761,68.7936,0.3156
12.5761,68.859,0.2984
12.5761,68.9245,0.7345
12.5761,69.0555,0.3324
12.5761,69.1209,0.383
12.5761,69.1864,0.3932
12.5761,69.2519,0.3336
12.5761,69.4483,0.257
12.5761,69.5792,0.3405
12.5761,69.6447,0.2712
12.5761,69.7102,0.262
12.5761,69.7757,0.2791
12.5761,69.8411,0.3038
12.5761,69.9066,0.3186
12.5761,69.9721,0.3416
12.5761,70.1685,0.3291
12.5761,70.234,0.3276
12.5761,70.2994,0.364
12.5761,70.3649,0.2885
12.5761,70.4304,0.2957
12.5761,70.4959,0.3106
12.5761,70.5613,0.2934
12.5106,67.1568,0.298
12.5106,67.2222,0.2681
12.5106,67.2877,0.3554
12.5106,67.3532,0.2592
12.5106,67.6805,0.4145
12.5106,67.746,0.5591
12.5106,67.8115,0.3885
12.5106,67.877,0.3065
12.5106,67.9424,0.3011
12.5106,68.0734,0.3596
12.5106,68.1388,0.3105
12.5106,68.2043,0.2877
12.5106,68.4007,0.3692
12.5106,68.4662,0.4542
12.5106,68.5317,0.3406
12.5106,68.5972,0.3359
12.5106,68.7281,0.3298
12.5106,68.7936,0.3062
12.5106,68.859,0.3129
12.5106,68.9245,0.2941
12.5106,68.99,0.3193
12.5106,69.0555,0.3021
12.5106,69.1209,0.3534
12.5106,69.1864,0.4009
12.5106,69.2519,0.323
12.5106,69.3174,0.2818
12.5106,69.3828,0.2821
12.5106,69.4483,0.3495
12.5106,69.5138,0.2432
12.5106,69.5792,0.2558
12.5106,69.6447,0.2634
12.5106,69.7102,0.2724
12.5106,69.7757,0.2771
12.5106,69.8411,0.2905
12.5106,69.9066,0.2716
12.5106,69.9721,0.2868
12.5106,70.0376,0.3182
12.5106,70.103,0.3437
12.5106,70.1685,0.3037
12.5106,70.234,0.2694
12.5106,70.2994,1.0508
12.5106,70.3649,0.7603
12.5106,70.4304,0.2911
12.5106,70.4959,0.2986
12.5106,70.5613,0.3461
12.5106,70.6268,0.4475
12.4452,67.0913,0.2568
12.4452,67.1568,0.3514
12.4452,67.2222,0.2963
12.4452,67.2877,0.291
12.4452,67.3532,0.296
12.4452,67.4187,0.285
12.4452,67.4841,0.3922
12.4452,67.5496,0.3092
12.4452,67.6805,0.4107
12.4452,67.877,0.3524
12.4452,67.9424,0.3174
12.4452,68.0079,0.3031
12.4452,68.0734,0.2966
12.4452,68.1388,0.287
12.4452,68.2043,0.3057
12.4452,68.2698,0.3104
12.4452,68.3353,0.2887
12.4452,68.4007,0.3401
12.4452,68.5317,0.3211
12.4452,68.5972,0.3142
12.4452,68.6626,0.2986
12.4452,68.7281,0.3349
12.4452,68.7936,0.3126
12.4452,68.859,0.3664
12.4452,68.9245,0.2881
12.4452,68.99,0.287
12.4452,69.0555,0.3151
12.4452,69.1209,0.5932
12.4452,69.1864,0.273
12.4452,69.3174,0.2637
12.4452,69.3828,0.2382
12.4452,69.4483,0.3336
12.4452,69.5138,0.2577
12.4452,69.5792,0.2634
12.4452,69.6447,0.2655
12.4452,69.7102,0.279
12.4452,69.7757,0.2727
12.4452,69.8411,0.2733
12.4452,69.9066,0.3126
12.4452,69.9721,0.2883
12.4452,70.0376,0.2992
12.4452,70.103,0.2723
12.4452,70.1685,0.4892
12.4452,70.234,0.2597
12.4452,70.2994,0.3098
12.4452,70.3649,0.3685
12.4452,70.4304,0.3284
12.4452,70.4959,0.2933
12.4452,70.5613,0.4257
12.4452,70.6268,0.2995
12.3797,67.0913,1.3253
12.3797,67.1568,0.3595
12.3797,67.2222,0.3779
12.3797,67.2877,0.3471
12.3797,67.3532,0.398
12.3797,67.4187,0.3275
12.3797,67.4841,0.304
12.3797,67.5496,0.2931
12.3797,67.6805,0.3042
12.3797,67.746,0.3152
12.3797,67.8115,0.3053
12.3797,67.9424,0.279
12.3797,68.0079,0.3204
12.3797,68.0734,0.754
12.3797,68.1388,0.2999
12.3797,68.2043,0.3192
12.3797,68.2698,0.3168
12.3797,68.3353,0.307
12.3797,68.4007,0.3053
12.3797,68.4662,0.3682
12.3797,68.5317,0.2908
12.3797,68.5972,0.3382
12.3797,68.6626,0.3227
12.3797,68.7281,0.3146
12.3797,68.7936,0.3077
12.3797,68.859,0.2997
12.3797,68.9245,0.3004
12.3797,68.99,0.3205
12.3797,69.0555,0.2798
12.3797,69.1209,0.3133
12.3797,69.1864,0.3204
12.3797,69.2519,0.2697
12.3797,69.3174,0.232
12.3797,69.3828,0.284
12.3797,69.5138,0.2335
12.3797,69.5792,0.2561
12.3797,69.6447,0.2381
12.3797,69.7102,0.254
12.3797,69.7757,0.2747
12.3797,69.8411,0.279
12.3797,69.9066,0.3027
12.3797,69.9721,0.2954
12.3797,70.0376,0.3126
12.3797,70.103,0.2655
12.3797,70.1685,1.7309
12.3797,70.234,0.298
12.3797,70.2994,0.304
12.3797,70.3649,0.2894
12.3797,70.4304,0.2955
12.3797,70.4959,0.308
12.3797,70.5613,0.2825
12.3797,70.6268,0.2773
12.3142,67.0913,0.6488
12.3142,67.1568,0.3648
12.3142,67.2222,0.3557
12.3142,67.2877,0.3879
12.3142,67.3532,0.3349
12.3142,67.5496,0.3415
12.3142,67.6151,0.3118
12.3142,67.746,0.34
12.3142,67.8115,0.3053
12.3142,67.877,0.3495
12.3142,67.9424,0.4093
12.3142,68.0079,0.3172
12.3142,68.0734,0.3096
12.3142,68.1388,0.3169
12.3142,68.2043,0.3102
12.3142,68.2698,0.2934
12.3142,68.3353,0.3085
12.3142,68.4007,0.2887
12.3142,68.4662,0.3155
12.3142,68.5317,0.3135
12.3142,68.5972,0.3188
12.3142,68.6626,0.4212
12.3142,68.7281,0.2928
12.3142,68.7936,0.3043
12.3142,68.859,0.2952
12.3142,68.9245,0.2853
12.3142,68.99,0.2707
12.3142,69.0555,0.2752
12.3142,69.1209,0.3046
12.3142,69.1864,0.2751
12.3142,69.2519,0.3012
12.3142,69.3174,0.6067
12.3142,69.3828,0.2619
12.3142,69.4483,0.2445
12.3142,69.5138,0.2428
12.3142,69.5792,0.2571
12.3142,69.6447,0.2413
12.3142,69.7102,0.252
12.3142,69.7757,0.265
12.3142,69.8411,0.3174
12.3142,69.9066,0.294
12.3142,69.9721,0.273
12.3142,70.0376,0.3229
12.3142,70.103,0.2584
12.3142,70.1685,0.3561
12.3142,70.234,0.2983
12.3142,70.3649,0.3424
12.3142,70.4304,0.3407
12.3142,70.4959,0.275
12.3142,70.5613,0.2682
12.3142,70.6268,0.289
12.2487,67.0913,0.3606
12.2487,67.1568,0.3228
12.2487,67.2222,0.3657
12.2487,67.2877,0.3797
12.2487,67.3532,0.3609
12.2487,67.4187,0.3111
12.2487,67.4841,0.3164
12.2487,67.5496,0.3953
12.2487,67.746,0.5504
12.2487,67.8115,0.3286
12.2487,67.877,0.3314
12.2487,67.9424,0.3423
12.2487,68.0079,0.3196
12.2487,68.0734,0.3426
12.2487,68.1388,0.3997
12.2487,68.2043,0.3265
12.2487,68.2698,0.2811
12.2487,68.3353,0.2832
12.2487,68.4007,0.2964
12.2487,68.4662,0.2896
12.2487,68.5317,0.2914
12.2487,68.5972,0.2952
12.2487,68.6626,0.2865
12.2487,68.7281,0.4016
12.2487,68.7936,0.2885
12.2487,68.859,0.2869
12.2487,68.9245,0.2893
12.2487,68.99,0.3808
12.2487,69.1209,0.279
12.2487,69.1864,0.2648
12.2487,69.2519,0.2612
12.2487,69.3174,0.3657
12.2487,69.3828,0.2582
12.2487,69.4483,0.287
12.2487,69.5792,0.2708
12.2487,69.6447,0.2549
12.2487,69.7102,0.2569
12.2487,69.7757,0.3211
12.2487,69.8411,0.2673
12.2487,69.9066,0.2781
12.2487,69.9721,0.2658
12.2487,70.0376,0.2601
12.2487,70.103,0.2739
12.2487,70.1685,0.2351
12.2487,70.234,0.311
12.2487,70.2994,0.2908
12.2487,70.3649,0.6877
12.2487,70.4304,0.2769
12.2487,70.4959,0.2538
12.2487,70.5613,0.259
12.2487,70.6268,0.257
12.1833,67.0913,0.3205
12.1833,67.1568,0.3529
12.1833,67.2222,0.3528
12.1833,67.2877,0.3342
12.1833,67.3532,0.3555
12.1833,67.4187,0.3365
12.1833,67.4841,0.2078
12.1833,67.5496,0.4466
12.1833,67.6151,0.3573
12.1833,67.6805,0.3313
12.1833,67.746,0.3336
12.1833,67.8115,0.3398
12.1833,67.877,0.4768
12.1833,67.9424,0.3354
12.1833,68.0079,0.3862
12.1833,68.0734,0.3529
12.1833,68.1388,0.4232
12.1833,68.2043,0.3322
12.1833,68.2698,0.3295
12.1833,68.3353,0.2739
12.1833,68.4007,0.2742
12.1833,68.4662,0.2748
12.1833,68.5317,0.2759
12.1833,68.5972,0.2666
12.1833,68.6626,0.2573
12.1833,68.7936,0.2833
12.1833,68.859,0.2745
12.1833,68.99,0.2893
12.1833,69.1209,0.3164
12.1833,69.1864,0.2977
12.1833,69.3174,0.3351
12.1833,69.3828,0.4905
12.1833,69.4483,0.4388
12.1833,69.5792,0.4008
12.1833,69.6447,0.2836
12.1833,69.7102,0.1154
12.1833,69.7757,0.3079
12.1833,69.8411,0.262
12.1833,69.9066,0.305
12.1833,69.9721,0.3055
12.1833,70.0376,0.281
12.1833,70.1685,0.2964
12.1833,70.234,0.2889
12.1833,70.2994,0.333
12.1833,70.3649,0.2875
12.1833,70.4304,0.2811
12.1833,70.4959,0.272
12.1833,70.5613,0.2663
12.1178,67.0258,0.2245
12.1178,67.0913,0.3136
12.1178,67.1568,0.4612
12.1178,67.2222,0.3353
12.1178,67.2877,0.3271
12.1178,67.3532,0.3365
12.1178,67.4187,0.338
12.1178,67.4841,0.3576
12.1178,67.5496,0.3348
12.1178,67.6151,0.3151
12.1178,67.6805,0.3367
12.1178,67.746,0.3736
12.1178,67.8115,0.7926
12.1178,67.877,0.375
12.1178,67.9424,0.3386
12.1178,68.0079,0.3149
12.1178,68.0734,0.3315
12.1178,68.1388,0.306
12.1178,68.2043,0.3407
12.1178,68.2698,0.2891
12.1178,68.3353,0.3627
12.1178,68.4007,0.2712
12.1178,68.4662,0.2422
12.1178,68.5317,0.2431
12.1178,68.5972,0.2464
12.1178,68.6626,0.241
12.1178,68.7281,0.242
12.1178,68.7936,0.4198
12.1178,68.859,0.2837
12.1178,68.9245,0.2731
12.1178,68.99,0.2573
12.1178,69.1209,0.2715
12.1178,69.1864,0.5155
12.1178,69.2519,0.5618
12.1178,69.3174,0.229
12.1178,69.3828,0.239
12.1178,69.4483,0.2626
12.1178,69.5792,0.2689
12.1178,69.6447,0.2594
12.1178,69.7102,0.322
12.1178,69.7757,0.2939
12.1178,69.8411,0.2946
12.1178,69.9066,0.2952
12.1178,69.9721,0.2978
12.1178,70.0376,0.2737
12.1178,70.103,0.2631
12.1178,70.1685,0.2579
12.1178,70.234,0.2536
12.1178,70.2994,0.2621
12.1178,70.3649,0.2763
12.1178,70.4304,0.2784
12.1178,70.4959,0.2781
12.1178,70.5613,0.2715
12.0523,66.8949,1.3545
12.0523,67.0258,1.1882
12.0523,67.0913,0.2992
12.0523,67.1568,0.392
12.0523,67.2222,0.308
12.0523,67.2877,0.295
12.0523,67.3532,0.3221
12.0523,67.4187,0.2999
12.0523,67.4841,0.3164
12.0523,67.5496,0.3342
12.0523,67.6151,0.3188
12.0523,67.6805,0.35
12.0523,67.746,0.3424
12.0523,67.8115,0.3264
12.0523,67.877,0.3475
12.0523,67.9424,0.3161
12.0523,68.0079,0.3252
12.0523,68.0734,0.3353
12.0523,68.1388,0.3061
12.0523,68.2043,0.2755
12.0523,68.2698,0.2872
12.0523,68.3353,0.2713
12.0523,68.4007,0.2727
12.0523,68.4662,0.2763
12.0523,68.5317,0.2512
12.0523,68.5972,0.2514
12.0523,68.6626,0.242
12.0523,68.7281,0.2611
12.0523,68.7936,0.2705
12.0523,68.859,0.2946
12.0523,68.9245,0.2566
12.0523,68.99,0.2572
12.0523,69.0555,0.2852
12.0523,69.1209,0.2771
12.0523,69.1864,0.2695
12.0523,69.2519,0.2762
12.0523,69.3174,0.2321
12.0523,69.3828,0.2415
12.0523,69.5792,0.2922
12.0523,69.6447,0.3085
12.0523,69.7102,0.2925
12.0523,69.7757,0.282
12.0523,69.8411,0.2791
12.0523,69.9066,0.2797
12.0523,69.9721,0.3031
12.0523,70.0376,0.257
12.0523,70.103,0.2616
12.0523,70.1685,0.3286
12.0523,70.2994,0.3012
12.0523,70.3649,0.2653
12.0523,70.4304,0.2613
12.0523,70.4959,0.2924
12.0523,70.5613,0.2692
11.9868,67.0258,0.7822
11.9868,67.0913,0.2951
11.9868,67.1568,0.3123
11.9868,67.2222,0.3886
11.9868,67.2877,0.335
11.9868,67.3532,0.3088
11.9868,67.4187,0.2801
11.9868,67.4841,0.3286
11.9868,67.5496,0.3246
11.9868,67.8115,0.3307
11.9868,67.877,0.3814
11.9868,67.9424,0.481
11.9868,68.0079,0.3466
11.9868,68.0734,0.3392
11.9868,68.1388,0.3031
11.9868,68.2043,0.2468
11.9868,68.2698,0.2683
11.9868,68.3353,0.2685
11.9868,68.4007,0.267
11.9868,68.4662,0.2525
11.9868,68.5317,0.2614
11.9868,68.5972,0.2621
11.9868,68.6626,0.2671
11.9868,68.7281,0.2773
11.9868,68.7936,0.2688
11.9868,68.859,0.2465
11.9868,68.9245,0.2578
11.9868,68.99,0.2877
11.9868,69.0555,0.2905
11.9868,69.1209,0.2973
11.9868,69.1864,0.2682
11.9868,69.2519,0.3047
11.9868,69.3174,0.2523
11.9868,69.3828,0.2354
11.9868,69.4483,0.2547
11.9868,69.5792,0.2725
11.9868,69.6447,0.2724
11.9868,69.7757,0.2766
11.9868,69.8411,0.2749
11.9868,69.9066,0.2851
11.9868,69.9721,0.2967
11.9868,70.0376,0.2647
11.9868,70.103,0.2722
11.9868,70.234,0.4683
11.9868,70.2994,0.2549
11.9868,70.4304,0.2826
11.9868,70.4959,0.2677
11.9868,70.5613,0.3264
11.9214,67.0258,0.2724
11.9214,67.0913,0.2834
11.9214,67.1568,0.2952
11.9214,67.2222,0.3634
11.9214,67.2877,0.2907
11.9214,67.3532,0.3025
11.9214,67.4187,0.3151
11.9214,67.4841,0.2616
11.9214,67.5496,0.2734
11.9214,67.746,0.4403
11.9214,67.8115,0.3406
11.9214,67.877,0.3537
11.9214,67.9424,0.3183
11.9214,68.0079,0.3254
11.9214,68.0734,0.3157
11.9214,68.1388,0.2894
11.9214,68.2043,0.2703
11.9214,68.2698,0.2678
11.9214,68.3353,0.2693
11.9214,68.4007,0.2594
11.9214,68.4662,0.254
11.9214,68.5317,0.2528
11.9214,68.5972,0.2448
11.9214,68.6626,0.2723
11.9214,68.7281,0.2635
11.9214,68.7936,0.2743
11.9214,68.859,0.2684
11.9214,68.9245,0.2638
11.9214,68.99,0.2695
11.9214,69.0555,0.266
11.9214,69.1209,0.3325
11.9214,69.1864,0.2482
11.9214,69.2519,0.2844
11.9214,69.3828,0.4162
11.9214,69.4483,0.2738
11.9214,69.6447,0.2877
11.9214,69.7757,0.298
11.9214,69.8411,0.28
11.9214,69.9066,0.2543
11.9214,69.9721,0.3006
11.9214,70.0376,0.264
11.9214,70.103,0.2758
11.9214,70.1685,0.6064
11.9214,70.234,0.2602
11.9214,70.2994,0.3474
11.9214,70.3649,0.2576
11.9214,70.4304,0.2657
11.9214,70.4959,0.2455
11.9214,70.5613,0.2596
11.8559,67.0258,0.2722
11.8559,67.0913,0.2644
11.8559,67.1568,0.2973
11.8559,67.2222,0.2653
11.8559,67.2877,0.2887
11.8559,67.3532,0.3803
11.8559,67.4187,0.3323
11.8559,67.4841,0.2587
11.8559,67.5496,0.2615
11.8559,67.6151,0.2617
11.8559,67.746,0.348
11.8559,67.8115,0.3529
11.8559,67.877,0.3227
11.8559,67.9424,0.3005
11.8559,68.0079,0.3295
11.8559,68.0734,0.3187
11.8559,68.1388,0.2949
11.8559,68.2043,0.2761
11.8559,68.2698,0.2845
11.8559,68.3353,0.266
11.8559,68.4007,0.2727
11.8559,68.4662,0.2745
11.8559,68.5317,0.2634
11.8559,68.5972,0.2503
11.8559,68.6626,0.2552
11.8559,68.7281,0.2668
11.8559,68.7936,0.2516
11.8559,68.859,0.2487
11.8559,68.9245,0.2481
11.8559,68.99,0.2641
11.8559,69.0555,0.2614
11.8559,69.1209,0.2461
11.8559,69.1864,0.261
11.8559,69.2519,0.3758
11.8559,69.5138,0.3917
11.8559,69.6447,0.2665
11.8559,69.7102,0.293
11.8559,69.7757,0.2776
11.8559,69.8411,0.2672
11.8559,69.9066,0.259
11.8559,69.9721,0.2758
11.8559,70.0376,0.2626
11.8559,70.103,0.2709
11.8559,70.1685,0.2602
11.8559,70.234,0.2679
11.8559,70.2994,0.2691
11.8559,70.3649,0.2571
11.8559,70.4304,0.2603
11.8559,70.4959,0.2637
11.8559,70.5613,0.2986
11.7904,66.9603,0.2073
11.7904,67.0258,0.2741
11.7904,67.0913,0.2687
11.7904,67.1568,0.2684
11.7904,67.2222,0.4104
11.7904,67.2877,0.2859
11.7904,67.3532,0.2918
11.7904,67.4187,0.2802
11.7904,67.4841,0.2949
11.7904,67.5496,0.2787
11.7904,67.6805,0.3057
11.7904,67.746,0.2968
11.7904,67.8115,0.2901
11.7904,67.877,0.3186
11.7904,67.9424,0.3333
11.7904,68.0079,0.4161
11.7904,68.0734,0.511
11.7904,68.1388,0.2998
11.7904,68.2043,0.2793
11.7904,68.2698,0.278
11.7904,68.3353,0.2584
11.7904,68.4007,0.26
11.7904,68.4662,0.2644
11.7904,68.5317,0.2485
11.7904,68.5972,0.2818
11.7904,68.6626,0.258
11.7904,68.7281,0.2393
11.7904,68.7936,0.2457
11.7904,68.859,0.2444
11.7904,68.9245,0.2691
11.7904,68.99,0.3134
11.7904,69.0555,0.2548
11.7904,69.1864,0.3734
11.7904,69.3174,0.3104
11.7904,69.3828,0.2933
11.7904,69.5138,0.223
11.7904,69.5792,1.1694
11.7904,69.7102,0.2551
11.7904,69.7757,0.3021
11.7904,69.8411,0.2635
11.7904,69.9066,0.2766
11.7904,69.9721,0.2528
11.7904,70.0376,0.2473
11.7904,70.103,0.2589
11.7904,70.1685,0.2568
11.7904,70.234,0.2694
11.7904,70.2994,0.2806
11.7904,70.3649,0.2564
11.7904,70.4304,0.2616
11.7904,70.4959,0.2737
11.725,66.8294,1.3667
11.725,66.9603,0.6448
11.725,67.0258,0.2629
11.725,67.0913,0.2658
11.725,67.1568,0.2421
11.725,67.2222,0.2327
11.725,67.4187,0.2771
11.725,67.4841,0.2805
11.725,67.5496,0.2607
11.725,67.6151,0.3603
11.725,67.8115,0.3442
11.725,67.877,0.2861
11.725,67.9424,0.3028
11.725,68.0079,0.2946
11.725,68.0734,0.321
11.725,68.1388,0.323
11.725,68.2043,0.3154
11.725,68.2698,0.2807
11.725,68.6626,0.3001
11.725,68.7281,0.2392
11.725,68.7936,0.2402
11.725,68.859,0.2332
11.725,68.9245,0.2571
11.725,68.99,0.4277
11.725,69.5138,0.2902
11.725,69.5792,0.3637
11.725,69.6447,0.2904
11.725,69.7102,0.2502
11.725,69.7757,0.3792
11.725,69.8411,0.2745
11.725,69.9066,0.2943
11.725,69.9721,0.269
11.725,70.0376,0.2562
11.725,70.103,0.2539
11.725,70.1685,0.2378
11.725,70.234,0.249
11.725,70.2994,0.256
11.725,70.3649,0.2662
11.725,70.4304,0.2866
11.725,70.4959,0.278
11.725,70.5613,0.3037
11.6595,66.9603,0.6788
11.6595,67.0258,0.2474
11.6595,67.0913,0.2647
11.6595,67.1568,0.2667
11.6595,67.2222,0.2512
11.6595,67.2877,0.2492
11.6595,67.4187,0.4046
11.6595,67.5496,0.2799
11.6595,67.877,0.269
11.6595,67.9424,0.2979
11.6595,68.0079,0.2985
11.6595,68.2043,0.3013
11.6595,68.2698,0.2848
11.6595,68.4662,0.28
11.6595,68.5317,0.2385
11.6595,68.7281,0.3049
11.6595,68.7936,0.2499
11.6595,69.5138,0.3321
11.6595,69.6447,0.3941
11.6595,69.7102,0.2772
11.6595,69.7757,0.2857
11.6595,69.8411,0.2629
11.6595,69.9066,0.2874
11.6595,69.9721,0.2574
11.6595,70.0376,0.2385
11.6595,70.103,0.2611
11.6595,70.1685,0.2453
11.6595,70.234,0.2437
11.6595,70.2994,0.2509
11.6595,70.3649,0.2488
11.6595,70.4304,0.2779
11.6595,70.4959,0.2827
11.6595,70.5613,0.4017
11.594,66.9603,0.2405
11.594,67.0258,0.2459
11.594,67.0913,0.2697
11.594,67.1568,0.2725
11.594,67.2222,0.2456
11.594,67.2877,0.2099
11.594,67.4187,0.336
11.594,67.4841,0.287
11.594,67.5496,0.2627
11.594,67.6151,0.2441
11.594,67.6805,0.254
11.594,67.746,0.2773
11.594,67.8115,0.2879
11.594,67.877,0.2564
11.594,68.0734,0.2762
11.594,68.1388,0.509
11.594,68.3353,0.1311
11.594,68.4662,0.2604
11.594,68.5317,0.2208
11.594,69.6447,0.3817
11.594,69.7102,0.2796
11.594,69.7757,0.3279
11.594,69.8411,0.3938
11.594,69.9066,0.2742
11.594,69.9721,0.2538
11.594,70.0376,0.2623
11.594,70.103,0.2632
11.594,70.1685,0.2588
11.594,70.234,0.2432
11.594,70.2994,0.24
11.594,70.3649,0.2564
11.594,70.4304,0.2712
11.594,70.4959,0.3278
11.594,81.1679,0.272
11.5285,66.9603,0.2378
11.5285,67.0258,0.215
11.5285,67.2877,0.2973
11.5285,67.3532,0.2593
11.5285,67.4187,0.2652
11.5285,67.4841,0.2699
11.5285,67.5496,0.2504
11.5285,67.6151,0.2414
11.5285,67.6805,0.2562
11.5285,67.746,0.2582
11.5285,67.8115,0.252
11.5285,67.877,0.238
11.5285,67.9424,0.1819
11.5285,68.0079,0.2184
11.5285,68.0734,0.2981
11.5285,68.2043,0.2309
11.5285,68.2698,0.2111
11.5285,68.3353,0.2367
11.5285,68.4662,0.2315
11.5285,68.5317,0.2254
11.5285,68.5972,0.2272
11.5285,69.7102,0.3593
11.5285,69.8411,0.3133
11.5285,69.9721,0.3788
11.5285,70.0376,0.4508
11.5285,70.103,0.3717
11.5285,70.1685,0.2982
11.5285,70.234,0.2638
11.5285,70.2994,0.2393
11.5285,70.3649,0.2532
11.5285,70.4304,0.2592
11.5285,70.4959,0.2952
11.5285,70.5613,0.2701
11.4631,66.8949,0.2575
11.4631,66.9603,0.2541
11.4631,67.0258,0.243
11.4631,67.1568,0.2558
11.4631,67.2222,0.2495
11.4631,67.2877,1.1877
11.4631,67.3532,0.3345
11.4631,67.4187,0.2882
11.4631,67.4841,0.2744
11.4631,67.5496,0.2597
11.4631,67.6151,0.2441
11.4631,67.6805,0.2481
11.4631,67.746,0.238
11.4631,67.8115,0.2235
11.4631,67.877,0.3564
11.4631,68.0079,0.2131
11.4631,68.0734,0.2479
11.4631,68.1388,0.2161
11.4631,68.2043,0.1995
11.4631,68.2698,0.2319
11.4631,68.3353,0.2722
11.4631,68.4007,0.2603
11.4631,68.7936,0.3618
11.4631,69.7102,0.4127
11.4631,69.7757,0.2884
11.4631,69.8411,0.3715
11.4631,69.9066,0.3089
11.4631,70.2994,0.2727
11.4631,70.3649,0.2551
11.4631,70.4959,0.258
11.4631,70.5613,0.2479
11.4631,81.1024,0.2783
11.3976,66.7639,1.3534
11.3976,66.8949,0.6769
11.3976,66.9603,0.2667
11.3976,67.0258,0.2658
11.3976,67.0913,0.2407
11.3976,67.1568,0.1507
11.3976,67.3532,0.4182
11.3976,67.4187,0.3737
11.3976,67.4841,0.2643
11.3976,67.5496,0.2627
11.3976,67.6151,0.243
11.3976,67.6805,0.269
11.3976,67.746,0.2091
11.3976,67.8115,0.2393
11.3976,68.1388,0.2737
11.3976,68.2043,0.3401
11.3976,68.2698,0.0777
11.3976,68.3353,0.207
11.3976,68.4007,0.2174
11.3976,68.4662,0.2369
11.3976,68.5317,0.2353
11.3976,68.7281,0.2645
11.3976,68.7936,0.2141
11.3976,68.859,0.2337
11.3976,68.9245,0.3461
11.3976,69.3174,0.3351
11.3976,69.7102,0.4129
11.3976,69.7757,0.2625
11.3976,69.8411,0.2845
11.3976,69.9066,0.2672
11.3976,69.9721,0.3322
11.3976,70.1685,0.3119
11.3976,70.234,0.2494
11.3976,70.2994,0.2645
11.3976,70.3649,0.248
11.3976,70.4304,0.2515
11.3976,70.4959,0.2547
11.3976,70.5613,0.2281
11.3976,80.906,0.4164
11.3976,80.9715,0.3209
11.3976,81.1024,0.2886
11.3321,66.8949,0.4909
11.3321,66.9603,0.29
11.3321,67.0258,0.2494
11.3321,67.0913,0.2379
11.3321,67.1568,0.2539
11.3321,67.4187,0.3782
11.3321,67.4841,0.2828
11.3321,67.6151,0.2352
11.3321,67.6805,0.2085
11.3321,67.746,0.4775
11.3321,67.8115,0.2326
11.3321,67.877,0.2381
11.3321,68.4007,0.2194
11.3321,68.99,0.1999
11.3321,69.1209,0.1498
11.3321,69.1864,0.196
11.3321,69.2519,0.1967
11.3321,69.3174,0.2254
11.3321,69.3828,0.2113
11.3321,69.7757,0.2558
11.3321,69.8411,0.2588
11.3321,69.9066,0.2317
11.3321,69.9721,0.2517
11.3321,70.0376,0.3079
11.3321,70.1685,0.2645
11.3321,70.234,0.2623
11.3321,70.2994,0.2435
11.3321,70.3649,0.2345
11.3321,70.4304,0.2475
11.3321,70.4959,0.272
11.3321,70.5613,0.2379
11.3321,80.906,0.377
11.3321,81.0369,0.3255
11.3321,81.1024,0.2981
11.2666,66.8949,0.1958
11.2666,66.9603,0.3216
11.2666,67.0258,0.3021
11.2666,67.0913,0.2669
11.2666,67.1568,0.3489
11.2666,67.3532,0.2945
11.2666,67.4187,0.28
11.2666,67.4841,0.2807
11.2666,67.6151,0.257
11.2666,67.9424,0.1909
11.2666,68.99,0.2194
11.2666,69.0555,0.2038
11.2666,69.1209,0.2005
11.2666,69.1864,0.2768
11.2666,69.2519,0.2039
11.2666,69.3174,0.2149
11.2666,69.8411,0.2491
11.2666,69.9066,0.2255
11.2666,69.9721,0.2354
11.2666,70.0376,0.2525
11.2666,70.103,0.245
11.2666,70.1685,0.2206
11.2666,70.234,0.2332
11.2666,70.2994,0.2423
11.2666,70.3649,0.2381
11.2666,70.4304,0.2487
11.2666,70.4959,0.2427
11.2666,70.5613,0.2341
11.2012,66.8949,0.2647
11.2012,66.9603,0.266
11.2012,67.0258,0.2985
11.2012,67.0913,0.3089
11.2012,67.2222,0.238
11.2012,67.3532,0.2619
11.2012,67.4187,0.2958
11.2012,67.4841,0.2775
11.2012,67.5496,0.2759
11.2012,67.6151,0.2905
11.2012,67.746,0.6583
11.2012,67.8115,0.1937
11.2012,67.877,0.2882
11.2012,67.9424,0.2002
11.2012,68.0079,0.2152
11.2012,68.3353,0.3107
11.2012,68.7936,0.2287
11.2012,68.9245,0.2318
11.2012,68.99,0.2066
11.2012,69.0555,0.2183
11.2012,69.1209,0.1983
11.2012,69.1864,0.2046
11.2012,69.2519,0.2011
11.2012,69.3174,0.2065
11.2012,69.3828,0.2004
11.2012,69.8411,0.255
11.2012,69.9066,0.2378
11.2012,69.9721,0.284
11.2012,70.0376,0.4782
11.2012,70.103,0.2945
11.2012,70.1685,0.2415
11.2012,70.234,0.2579
11.2012,70.2994,0.2551
11.2012,70.3649,0.2408
11.2012,70.4304,0.2494
11.2012,70.4959,0.2409
11.2012,70.5613,0.2312
11.2012,80.906,0.3166
11.1357,66.8949,0.2476
11.1357,66.9603,0.2443
11.1357,67.0258,0.3531
11.1357,67.0913,0.4156
11.1357,67.2877,0.3585
11.1357,67.4187,0.3539
11.1357,67.4841,0.3
11.1357,67.5496,0.2647
11.1357,67.6151,0.3062
11.1357,67.6805,0.3205
11.1357,67.746,0.2325
11.1357,67.8115,0.2217
11.1357,67.877,0.2139
11.1357,67.9424,0.2052
11.1357,68.0079,0.1985
11.1357,68.6626,0.2736
11.1357,68.7281,0.2079
11.1357,68.7936,0.191
11.1357,68.859,0.2286
11.1357,68.9245,0.2012
11.1357,68.99,0.279
11.1357,69.0555,0.2255
11.1357,69.1209,0.1978
11.1357,69.1864,0.196
11.1357,69.2519,0.184
11.1357,69.3174,0.2062
11.1357,69.3828,0.2073
11.1357,69.4483,0.2311
11.1357,69.9066,0.2409
11.1357,69.9721,0.25
11.1357,70.0376,0.3685
11.1357,70.103,0.2468
11.1357,70.234,0.3495
11.1357,70.2994,0.251
11.1357,70.3649,0.2776
11.1357,70.4304,0.2419
11.1357,70.4959,0.2503
11.1357,80.906,0.3446
11.1357,80.9715,0.356
11.1357,81.0369,0.3416
11.0702,67.2877,0.8006
11.0702,67.3532,0.486
11.0702,67.4187,0.3608
11.0702,67.4841,0.2891
11.0702,67.5496,0.282
11.0702,67.6151,0.2845
11.0702,67.6805,0.3298
11.0702,67.746,0.2438
11.0702,67.8115,0.2431
11.0702,67.877,0.2319
11.0702,67.9424,0.2247
11.0702,68.0734,0.2177
11.0702,68.6626,0.2527
11.0702,68.7281,0.218
11.0702,68.7936,0.2913
11.0702,69.1209,0.2175
11.0702,69.1864,0.2001
11.0702,69.2519,0.2042
11.0702,69.3174,0.2067
11.0702,69.3828,0.2112
11.0702,69.4483,0.2103
11.0702,69.8411,0.286
11.0702,69.9721,0.2293
11.0702,70.0376,0.212
11.0702,70.2994,0.2141
11.0702,70.3649,0.2327
11.0702,70.4304,0.2365
11.0702,70.4959,0.2479
11.0702,80.5786,0.8963
11.0702,80.7751,0.5832
11.0702,80.8405,0.359
11.0702,80.906,0.345
11.0702,80.9715,0.4423
11.0702,81.0369,0.3487
11.0047,67.2877,2.1328
11.0047,67.3532,1.0278
11.0047,67.4187,0.597
11.0047,67.4841,0.374
11.0047,67.6151,0.3085
11.0047,67.6805,0.3289
11.0047,67.8115,0.4022
11.0047,67.877,0.2541
11.0047,68.6626,0.268
11.0047,68.7281,0.2238
11.0047,69.1209,0.3401
11.0047,69.1864,0.2096
11.0047,69.2519,0.3962
11.0047,69.3174,0.1674
11.0047,69.3828,0.2947
11.0047,69.4483,0.3551
11.0047,69.9066,0.3152
11.0047,69.9721,0.238
11.0047,70.0376,0.2161
11.0047,70.103,0.2213
11.0047,70.1685,0.2087
11.0047,70.2994,0.3022
11.0047,70.3649,0.2405
11.0047,70.4304,0.2404
11.0047,70.4959,0.2332
11.0047,80.6441,1.0239
11.0047,80.7096,1.4641
11.0047,80.7751,0.7457
11.0047,80.8405,0.4201
11.0047,80.906,0.3581
11.0047,80.9715,0.4042
10.9393,66.9603,0.2831
10.9393,67.0913,0.3414
10.9393,67.3532,0.3615
10.9393,68.4662,0.2529
10.9393,68.5317,0.2789
10.9393,68.6626,0.2582
10.9393,68.7281,0.2337
10.9393,69.1864,0.2119
10.9393,69.5138,0.2413
10.9393,69.6447,0.2346
10.9393,69.8411,0.2489
10.9393,69.9066,0.2371
10.9393,69.9721,0.2315
10.9393,70.0376,0.2317
10.9393,70.103,0.2184
10.9393,70.1685,0.2306
10.9393,70.234,0.2298
10.9393,70.2994,0.2733
10.9393,70.3649,0.3118
10.9393,70.4304,0.2659
10.9393,70.4959,0.3316
10.9393,80.2513,0.7445
10.9393,80.3822,1.0435
10.9393,80.7096,1.3908
10.9393,80.7751,1.0846
10.9393,80.8405,0.5353
10.9393,80.906,0.3695
10.9393,80.9715,0.3266
10.8738,66.8294,0.2268
10.8738,66.8949,0.2388
10.8738,66.9603,0.2361
10.8738,67.0913,0.4063
10.8738,67.9424,0.2694
10.8738,68.0079,0.2354
10.8738,68.4662,0.2457
10.8738,68.5317,0.2189
10.8738,68.5972,0.1935
10.8738,68.7281,0.2184
10.8738,69.1864,0.203
10.8738,69.2519,0.2027
10.8738,69.3174,0.2082
10.8738,69.5138,0.2348
10.8738,69.5792,0.2637
10.8738,69.6447,0.2154
10.8738,69.7102,0.223
10.8738,69.8411,0.2774
10.8738,69.9066,0.2408
10.8738,69.9721,0.2274
10.8738,70.0376,0.2183
10.8738,70.103,0.231
10.8738,70.1685,0.2201
10.8738,70.234,0.2178
10.8738,70.2994,0.3306
10.8738,80.1203,1.5866
10.8738,80.1858,1.1455
10.8738,80.2513,1.3976
10.8738,80.3167,1.4216
10.8738,80.4477,1.207
10.8738,80.5132,1.7681
10.8738,80.5786,1.8961
10.8738,80.6441,1.4586
10.8738,80.7751,1.2299
10.8738,80.8405,0.7273
10.8738,80.906,0.4189
10.8738,80.9715,0.4245
10.8083,66.7639,0.2347
10.8083,66.8294,0.2362
10.8083,66.8949,0.2398
10.8083,66.9603,0.2573
10.8083,67.0258,0.25
10.8083,67.0913,0.2685
10.8083,67.1568,0.2762
10.8083,67.2222,0.2602
10.8083,67.2877,0.234
10.8083,67.6805,0.3154
10.8083,67.746,0.3602
10.8083,67.8115,0.2516
10.8083,67.877,0.2322
10.8083,67.9424,0.2214
10.8083,68.0079,0.2394
10.8083,68.0734,0.2075
10.8083,68.1388,0.2236
10.8083,68.2043,0.2395
10.8083,68.2698,0.2021
10.8083,68.3353,0.2059
10.8083,68.4662,0.2042
10.8083,68.5317,0.2039
10.8083,68.5972,0.217
10.8083,68.7281,0.2161
10.8083,68.7936,0.2317
10.8083,68.859,0.2083
10.8083,68.9245,0.1852
10.8083,69.2519,0.2186
10.8083,69.3174,0.2045
10.8083,69.4483,0.2278
10.8083,69.5138,0.2238
10.8083,69.5792,0.2325
10.8083,69.6447,0.2321
10.8083,69.7102,0.2113
10.8083,69.7757,0.2257
10.8083,69.8411,0.242
10.8083,69.9066,0.2356
10.8083,69.9721,0.2227
10.8083,70.0376,0.217
10.8083,70.103,0.2145
10.8083,70.1685,0.2233
10.8083,70.4304,0.2297
10.8083,80.0549,4.0894
10.8083,80.1203,1.5032
10.8083,80.1858,1.6675
10.8083,80.2513,1.425
10.8083,80.3167,2.2892
10.8083,80.3822,1.8813
10.8083,80.5132,1.2965
10.8083,80.5786,1.2287
10.8083,80.6441,1.1954
10.8083,80.7096,1.1297
10.8083,80.7751,0.9893
10.8083,80.8405,0.7795
10.8083,80.906,0.4599
10.7428,66.7639,0.6894
10.7428,66.8294,0.2739
10.7428,66.8949,0.2652
10.7428,66.9603,0.2496
10.7428,67.0258,0.2741
10.7428,67.0913,0.244
10.7428,67.1568,0.2509
10.7428,67.2222,0.2919
10.7428,67.2877,0.2496
10.7428,67.3532,0.2146
10.7428,67.6805,0.3082
10.7428,67.746,0.3464
10.7428,67.8115,0.2344
10.7428,67.877,0.269
10.7428,67.9424,0.2687
10.7428,68.0079,0.2786
10.7428,68.2043,0.235
10.7428,68.2698,0.244
10.7428,68.3353,0.1968
10.7428,68.4007,0.1904
10.7428,68.4662,0.1873
10.7428,68.5317,0.2045
10.7428,69.2519,0.2703
10.7428,69.3174,0.2708
10.7428,69.3828,0.2392
10.7428,69.4483,0.2299
10.7428,69.5138,0.2548
10.7428,69.5792,0.2542
10.7428,69.6447,0.213
10.7428,69.7757,0.2878
10.7428,69.8411,0.2291
10.7428,69.9066,0.2287
10.7428,69.9721,0.2213
10.7428,70.0376,0.2139
10.7428,70.103,0.2138
10.7428,70.1685,0.2627
10.7428,80.1203,1.4801
10.7428,80.1858,1.6005
10.7428,80.2513,2.6352
10.7428,80.3167,2.4581
10.7428,80.3822,1.9987
10.7428,80.4477,1.6698
10.7428,80.5132,1.3471
10.7428,80.5786,1.3002
10.7428,80.6441,1.2112
10.7428,80.7096,0.9407
10.7428,80.7751,0.9378
10.7428,80.8405,0.6144
10.7428,80.906,0.4204
10.6774,66.8294,0.2351
10.6774,66.8949,0.263
10.6774,66.9603,0.1744
10.6774,67.0913,0.2434
10.6774,67.1568,0.3201
10.6774,67.2222,0.3399
10.6774,67.2877,0.2462
10.6774,67.3532,0.2084
10.6774,67.6805,0.3203
10.6774,67.746,0.2363
10.6774,67.8115,0.2375
10.6774,67.877,0.2367
10.6774,68.0079,0.2097
10.6774,68.0734,0.2422
10.6774,68.1388,0.2388
10.6774,68.3353,0.2652
10.6774,68.4007,0.3751
10.6774,68.4662,0.26
10.6774,68.5317,0.178
10.6774,69.3174,0.2434
10.6774,69.3828,0.2336
10.6774,69.5138,0.2891
10.6774,69.5792,0.2751
10.6774,69.6447,0.2463
10.6774,69.8411,0.2314
10.6774,69.9066,0.2228
10.6774,69.9721,0.2268
10.6774,70.0376,0.2127
10.6774,70.103,0.2444
10.6774,79.9894,11.3311
10.6774,80.0549,1.9649
10.6774,80.1203,1.4584
10.6774,80.1858,1.8925
10.6774,80.2513,2.6827
10.6774,80.3167,3.2011
10.6774,80.3822,2.0021
10.6774,80.4477,1.474
10.6774,80.5132,1.6629
10.6774,80.5786,1.2525
10.6774,80.6441,1.2311
10.6774,80.7096,0.8345
10.6774,80.7751,0.7304
10.6774,80.8405,0.5315
10.6774,80.906,0.4216
10.6119,66.7639,0.2717
10.6119,66.8294,0.2259
10.6119,66.8949,0.3024
10.6119,66.9603,0.2535
10.6119,67.0258,0.2586
10.6119,67.0913,0.2728
10.6119,67.1568,0.268
10.6119,67.2877,0.3688
10.6119,67.746,0.2714
10.6119,67.8115,0.2292
10.6119,67.877,0.213
10.6119,67.9424,0.2307
10.6119,68.0079,0.2067
10.6119,68.0734,0.2065
10.6119,68.1388,0.1984
10.6119,68.2698,0.2067
10.6119,68.3353,0.1359
10.6119,68.4662,0.1895
10.6119,68.5317,0.1879
10.6119,68.5972,0.1835
10.6119,69.5792,0.2413
10.6119,69.7757,0.2681
10.6119,69.9721,0.2762
10.6119,70.0376,0.4026
10.6119,70.1685,0.2097
10.6119,79.9239,21.7465
10.6119,79.9894,67.2473
10.6119,80.0549,1.3303
10.6119,80.1203,1.3448
10.6119,80.1858,2.4993
10.6119,80.2513,2.5246
10.6119,80.3167,2.9334
10.6119,80.3822,2.0743
10.6119,80.4477,1.65
10.6119,80.5132,1.3167
10.6119,80.5786,1.1108
10.6119,80.6441,0.9058
10.6119,80.7096,0.8016
10.6119,80.7751,0.694
10.6119,80.8405,0.4741
10.6119,80.906,0.3927
10.5464,66.7639,0.2176
10.5464,66.8294,0.2752
10.5464,66.8949,0.2656
10.5464,66.9603,0.5784
10.5464,67.0258,0.4947
10.5464,67.0913,0.2554
10.5464,67.1568,0.282
10.5464,67.2222,0.3669
10.5464,67.746,0.2522
10.5464,67.8115,0.2544
10.5464,68.0079,0.192
10.5464,68.0734,0.2071
10.5464,68.1388,0.1501
10.5464,68.2043,0.1764
10.5464,68.2698,0.1861
10.5464,68.3353,0.1815
10.5464,68.4007,0.195
10.5464,69.3174,0.3245
10.5464,69.4483,0.2738
10.5464,69.5792,0.2176
10.5464,69.6447,0.2455
10.5464,69.7757,0.2198
10.5464,69.8411,0.2043
10.5464,69.9721,0.2024
10.5464,70.0376,0.2141
10.5464,70.1685,0.2362
10.5464,70.234,0.22
10.5464,70.2994,0.211
10.5464,79.9239,31.6163
10.5464,79.9894,16.5586
10.5464,80.0549,2.257
10.5464,80.1203,1.4318
10.5464,80.1858,3.8761
10.5464,80.2513,2.2803
10.5464,80.3167,2.5136
10.5464,80.3822,1.5984
10.5464,80.4477,1.2167
10.5464,80.5132,1.1635
10.5464,80.5786,0.9286
10.5464,80.6441,0.7809
10.5464,80.7096,0.8041
10.5464,80.7751,0.6264
10.5464,80.8405,0.4437
10.5464,80.906,0.3652
10.4809,66.7639,0.2347
10.4809,66.9603,0.3497
10.4809,67.0258,0.2782
10.4809,67.0913,0.2685
10.4809,67.1568,0.2906
10.4809,67.2222,0.2946
10.4809,67.2877,0.2623
10.4809,67.3532,0.2058
10.4809,67.8115,0.3654
10.4809,68.0734,0.1206
10.4809,68.1388,0.1988
10.4809,68.2043,0.2118
10.4809,68.2698,0.1788
10.4809,68.3353,0.2037
10.4809,69.1864,0.1527
10.4809,69.2519,0.216
10.4809,69.3174,0.2122
10.4809,69.4483,0.2718
10.4809,69.6447,0.2716
10.4809,69.7102,0.1351
10.4809,69.8411,0.2215
10.4809,69.9066,0.2139
10.4809,69.9721,0.2177
10.4809,70.0376,0.2397
10.4809,70.2994,0.2154
10.4809,70.3649,0.2237
10.4809,70.4304,0.2198
10.4809,70.4959,0.2252
10.4809,79.9894,17.6385
10.4809,80.0549,2.0034
10.4809,80.1203,1.3792
10.4809,80.1858,4.2522
10.4809,80.2513,2.3199
10.4809,80.3167,1.3664
10.4809,80.3822,1.1539
10.4809,80.4477,0.9624
10.4809,80.5132,0.8923
10.4809,80.5786,0.7937
10.4809,80.6441,0.8288
10.4809,80.7096,0.7203
10.4809,80.7751,0.7155
10.4809,80.8405,0.4778
10.4809,80.906,0.3524
10.4155,66.6985,0.6122
10.4155,66.7639,0.2153
10.4155,66.8294,0.2157
10.4155,66.8949,0.2478
10.4155,66.9603,0.2804
10.4155,67.0258,0.2469
10.4155,67.0913,0.2638
10.4155,67.1568,0.2744
10.4155,67.3532,0.2153
10.4155,67.4187,0.235
10.4155,67.4841,0.1919
10.4155,67.5496,0.2298
10.4155,68.0079,0.2133
10.4155,68.0734,0.1721
10.4155,68.2043,0.2513
10.4155,68.5972,0.2382
10.4155,68.7936,0.2276
10.4155,69.1864,0.2208
10.4155,69.2519,0.2188
10.4155,69.3174,0.2385
10.4155,69.3828,0.2632
10.4155,69.7102,0.2347
10.4155,69.9066,0.251
10.4155,69.9721,0.2183
10.4155,70.0376,0.1982
10.4155,70.234,0.2575
10.4155,70.2994,0.2355
10.4155,70.3649,0.227
10.4155,70.4959,0.2404
10.4155,79.9239,55.9176
10.4155,79.9894,17.6078
10.4155,80.0549,1.6861
10.4155,80.1203,1.6581
10.4155,80.1858,4.421
10.4155,80.2513,1.7395
10.4155,80.3167,1.1813
10.4155,80.3822,1.0306
10.4155,80.4477,0.9885
10.4155,80.5132,0.8144
10.4155,80.5786,1.0195
10.4155,80.6441,0.6674
10.4155,80.7096,0.6686
10.4155,80.7751,0.5541
10.4155,80.8405,0.5104
10.35,66.6985,0.4254
10.35,66.7639,0.2014
10.35,66.8294,0.2754
10.35,66.8949,0.2637
10.35,66.9603,0.2701
10.35,67.0258,0.2554
10.35,67.0913,0.2491
10.35,67.1568,0.2465
10.35,67.2877,0.2502
10.35,67.3532,0.2141
10.35,67.4187,0.2011
10.35,68.0079,0.1561
10.35,68.0734,0.2105
10.35,68.6626,0.26
10.35,68.7936,0.1211
10.35,68.859,0.2026
10.35,69.1209,0.3104
10.35,69.1864,0.2334
10.35,69.2519,0.2946
10.35,69.3174,0.3898
10.35,69.5792,0.2286
10.35,69.6447,0.2769
10.35,69.9721,0.2047
10.35,70.2994,0.216
10.35,70.3649,0.2276
10.35,70.4304,0.2261
10.35,70.4959,0.2427
10.35,76.061,52.5207
10.35,79.9239,37.6429
10.35,79.9894,17.5016
10.35,80.0549,1.5781
10.35,80.1203,1.734
10.35,80.1858,3.9331
10.35,80.2513,1.4301
10.35,80.3167,1.2153
10.35,80.3822,1.0103
10.35,80.4477,0.8523
10.35,80.5132,0.7197
10.35,80.5786,0.7926
10.35,80.6441,0.5509
10.35,80.7096,0.5567
10.35,80.7751,0.5253
10.35,80.8405,0.452
10.2845,66.6985,0.2132
10.2845,66.7639,0.2182
10.2845,66.9603,0.2745
10.2845,67.0258,0.2583
10.2845,67.0913,0.2592
10.2845,67.1568,0.3295
10.2845,67.2222,0.3125
10.2845,67.2877,0.2454
10.2845,67.4187,0.2815
10.2845,67.9424,0.2541
10.2845,68.0734,0.2025
10.2845,68.1388,0.2267
10.2845,68.5972,0.244
10.2845,68.6626,0.2244
10.2845,68.7281,0.2148
10.2845,69.1864,0.2226
10.2845,69.2519,0.3094
10.2845,69.4483,0.2284
10.2845,69.5138,0.2996
10.2845,69.5792,0.1832
10.2845,69.6447,0.1665
10.2845,69.7757,0.2115
10.2845,69.8411,0.2252
10.2845,69.9066,0.2202
10.2845,70.2994,0.3273
10.2845,70.3649,0.0447
10.2845,70.4304,0.2451
10.2845,70.4959,0.2394
10.2845,76.061,10.2998
10.2845,79.4001,80.1845
10.2845,79.4656,38.3028
10.2845,79.5311,55.8682
10.2845,79.9239,27.8166
10.2845,79.9894,13.1066
10.2845,80.0549,6.7507
10.2845,80.1203,1.4286
10.2845,80.1858,3.8276
10.2845,80.2513,1.7379
10.2845,80.3167,1.206
10.2845,80.3822,0.9168
10.2845,80.4477,0.6184
10.2845,80.5132,0.6398
10.2845,80.5786,0.5058
10.2845,80.6441,0.5121
10.2845,80.7096,0.4824
10.2845,80.7751,0.4795
10.2845,80.8405,0.4537
10.2191,66.6985,0.1344
10.2191,67.0258,0.3154
10.2191,67.0913,0.2862
10.2191,67.1568,0.2318
10.2191,67.2222,0.2531
10.2191,67.3532,0.2386
10.2191,67.4187,0.387
10.2191,67.4841,0.2302
10.2191,67.5496,0.2021
10.2191,67.746,0.2079
10.2191,68.0734,0.2303
10.2191,68.1388,0.2136
10.2191,68.4662,0.22
10.2191,68.5317,0.2316
10.2191,68.5972,0.2448
10.2191,68.7281,0.2224
10.2191,68.7936,0.2116
10.2191,68.859,0.2131
10.2191,68.9245,0.2336
10.2191,69.2519,0.2276
10.2191,69.3174,0.1399
10.2191,69.3828,0.1837
10.2191,69.4483,0.2031
10.2191,69.5138,0.2502
10.2191,69.5792,0.2229
10.2191,69.6447,0.2044
10.2191,69.9066,0.225
10.2191,70.4959,0.2554
10.2191,76.061,3.2942
10.2191,79.3347,24.3488
10.2191,79.4001,16.4342
10.2191,79.4656,15.6029
10.2191,79.5311,17.0564
10.2191,79.5965,21.5479
10.2191,79.662,39.5897
10.2191,79.7275,26.6661
10.2191,79.793,27.8489
10.2191,79.8584,20.2869
10.2191,79.9239,21.9537
10.2191,79.9894,12.3705
10.2191,80.0549,5.4374
10.2191,80.1203,1.1721
10.2191,80.1858,4.5825
10.2191,80.2513,2.9154
10.2191,80.3167,1.3854
10.2191,80.3822,1.1884
10.2191,80.4477,0.762
10.2191,80.5132,0.5606
10.2191,80.5786,0.4896
10.2191,80.6441,0.4806
10.2191,80.7096,0.4834
10.2191,80.7751,0.46
10.2191,80.8405,0.5575
10.1536,66.633,0.1783
10.1536,66.6985,0.1856
10.1536,66.7639,0.1486
10.1536,66.8294,0.2582
10.1536,66.8949,0.3026
10.1536,66.9603,0.2157
10.1536,67.0258,0.3345
10.1536,67.0913,0.3121
10.1536,67.1568,0.2367
10.1536,67.2222,0.258
10.1536,67.2877,0.2409
10.1536,67.4187,6.3905
10.1536,67.4841,0.2228
10.1536,67.5496,0.2029
10.1536,67.6151,0.1963
10.1536,67.6805,0.1923
10.1536,67.746,0.2027
10.1536,67.8115,0.2048
10.1536,68.0734,0.2314
10.1536,68.2043,0.1932
10.1536,68.5317,0.2096
10.1536,68.5972,0.2216
10.1536,68.7281,0.2529
10.1536,68.7936,0.2142
10.1536,69.0555,0.2571
10.1536,69.1209,0.2159
10.1536,69.1864,0.2579
10.1536,69.3174,0.3043
10.1536,69.3828,0.2057
10.1536,69.4483,0.1981
10.1536,69.5138,0.252
10.1536,69.5792,0.4466
10.1536,69.6447,0.2095
10.1536,69.9066,0.2377
10.1536,69.9721,0.2056
10.1536,70.0376,0.2195
10.1536,76.061,7.0156
10.1536,79.2692,45.0836
10.1536,79.3347,19.0276
10.1536,79.4001,16.8367
10.1536,79.4656,15.7873
10.1536,79.5311,18.7883
10.1536,79.5965,30.8776
10.1536,79.662,75.6285
10.1536,79.7275,19.6303
10.1536,79.793,18.7454
10.1536,79.8584,20.9706
10.1536,79.9239,13.7363
10.1536,79.9894,10.7689
10.1536,80.0549,3.8447
10.1536,80.1203,0.9737
10.1536,80.1858,1.9064
10.1536,80.2513,4.0613
10.1536,80.3167,1.6204
10.1536,80.3822,1.2097
10.1536,80.4477,0.9301
10.1536,80.5132,0.6866
10.1536,80.5786,0.5409
10.1536,80.6441,0.4844
10.1536,80.7096,0.4112
10.1536,80.7751,0.3838
10.0881,66.502,1.347
10.0881,66.633,0.4346
10.0881,66.6985,0.2007
10.0881,66.7639,0.2213
10.0881,66.8294,0.2029
10.0881,66.8949,0.2801
10.0881,66.9603,0.2097
10.0881,67.0258,0.2186
10.0881,67.0913,0.2309
10.0881,67.1568,0.2515
10.0881,67.2877,0.2908
10.0881,67.3532,0.2439
10.0881,67.4187,0.2303
10.0881,67.4841,0.2353
10.0881,67.6151,0.2222
10.0881,67.6805,0.2044
10.0881,67.746,0.2027
10.0881,67.8115,0.2136
10.0881,68.0079,0.2426
10.0881,68.5317,0.2736
10.0881,68.6626,0.2169
10.0881,68.7936,0.2288
10.0881,69.0555,0.2589
10.0881,69.1209,0.1915
10.0881,69.3828,0.3793
10.0881,69.4483,0.218
10.0881,69.5138,0.2849
10.0881,69.5792,0.2661
10.0881,69.6447,0.2196
10.0881,69.9066,0.2673
10.0881,70.103,0.2094
10.0881,70.4959,0.252
10.0881,76.061,12.6934
10.0881,76.1265,97.7491
10.0881,79.3347,12.1988
10.0881,79.4001,15.7282
10.0881,79.4656,19.1058
10.0881,79.5311,19.3492
10.0881,79.5965,39.61
10.0881,79.662,52.8302
10.0881,79.7275,21.3133
10.0881,79.793,12.659
10.0881,79.8584,12.7649
10.0881,79.9239,10.5212
10.0881,79.9894,8.7997
10.0881,80.0549,3.68
10.0881,80.1203,0.9094
10.0881,80.1858,1.4856
10.0881,80.2513,5.2248
10.0881,80.3167,1.8282
10.0881,80.3822,1.1178
10.0881,80.4477,1.1426
10.0881,80.5132,0.9341
10.0881,80.5786,0.8504
10.0881,80.6441,0.6557
10.0881,80.7096,0.4583
10.0881,80.7751,0.3927
10.0226,66.633,0.3289
10.0226,66.6985,0.1992
10.0226,66.7639,0.209
10.0226,66.8294,0.2107
10.0226,66.8949,0.2202
10.0226,66.9603,0.1288
10.0226,67.0913,0.236
10.0226,67.1568,0.2159
10.0226,67.2222,0.239
10.0226,67.2877,0.2741
10.0226,67.3532,0.2359
10.0226,67.4187,0.2356
10.0226,67.5496,0.2386
10.0226,67.6151,0.285
10.0226,67.9424,0.2785
10.0226,68.0079,0.1925
10.0226,68.0734,0.1562
10.0226,68.1388,0.2071
10.0226,68.5972,0.2368
10.0226,68.6626,0.276
10.0226,68.859,0.1939
10.0226,68.99,0.2036
10.0226,69.0555,0.1957
10.0226,69.4483,0.2166
10.0226,69.5138,0.2342
10.0226,69.5792,0.2058
10.0226,69.6447,0.2044
10.0226,69.7102,0.218
10.0226,69.9066,0.2767
10.0226,69.9721,0.2502
10.0226,70.103,0.2491
10.0226,76.061,13.295
10.0226,79.3347,13.3616
10.0226,79.4001,14.6699
10.0226,79.4656,12.5985
10.0226,79.5311,22.7153
10.0226,79.5965,72.2258
10.0226,79.662,46.7762
10.0226,79.7275,12.6037
10.0226,79.793,10.1134
10.0226,79.8584,9.7018
10.0226,79.9239,8.7416
10.0226,79.9894,8.2696
10.0226,80.0549,3.283
10.0226,80.1203,2.3655
10.0226,80.1858,1.1641
10.0226,80.2513,2.6774
10.0226,80.3167,2.3446
10.0226,80.3822,1.3886
10.0226,80.4477,1.2675
10.0226,80.5132,1.6225
10.0226,80.5786,1.0494
10.0226,80.6441,0.8455
10.0226,80.7096,0.5517
10.0226,80.7751,0.4327
9.9572,66.633,0.1825
9.9572,66.7639,0.2112
9.9572,66.8294,0.2205
9.9572,66.8949,0.2176
9.9572,66.9603,0.2269
9.9572,67.0258,0.2489
9.9572,67.0913,0.1745
9.9572,67.1568,0.3206
9.9572,67.2877,0.2307
9.9572,67.3532,0.2351
9.9572,67.4187,0.2556
9.9572,67.4841,0.2643
9.9572,67.5496,0.2987
9.9572,67.6151,0.2135
9.9572,67.9424,0.2575
9.9572,68.0079,0.1199
9.9572,68.2698,0.2038
9.9572,68.3353,0.1935
9.9572,68.7936,0.2497
9.9572,68.859,0.1847
9.9572,68.99,0.2229
9.9572,69.0555,0.2129
9.9572,69.1209,0.2086
9.9572,69.1864,0.2218
9.9572,69.2519,0.2123
9.9572,69.3174,0.2034
9.9572,69.4483,0.2754
9.9572,69.5138,0.2101
9.9572,69.5792,0.2073
9.9572,69.7102,0.2072
9.9572,69.7757,0.2313
9.9572,69.8411,0.2727
9.9572,69.9721,0.2541
9.9572,70.103,0.2238
9.9572,76.061,15.6941
9.9572,76.1265,78.2302
9.9572,79.2692,19.6157
9.9572,79.3347,12.3146
9.9572,79.4001,10.8972
9.9572,79.4656,15.407
9.9572,79.5311,43.4217
9.9572,79.5965,25.2229
9.9572,79.662,11.7672
9.9572,79.7275,10.1839
9.9572,79.793,9.2764
9.9572,79.8584,7.6238
9.9572,79.9239,8.934
9.9572,79.9894,5.1304
9.9572,80.0549,3.5582
9.9572,80.1203,3.8786
9.9572,80.1858,1.4278
9.9572,80.2513,1.2785
9.9572,80.3167,1.8818
9.9572,80.3822,1.7699
9.9572,80.4477,1.2201
9.9572,80.5132,1.5736
9.9572,80.5786,1.8968
9.9572,80.6441,1.5431
9.9572,80.7096,0.5574
9.9572,80.7751,0.5939
9.8917,66.633,0.2049
9.8917,66.6985,0.2096
9.8917,66.7639,0.2398
9.8917,66.8294,0.2141
9.8917,66.9603,0.2474
9.8917,67.0258,0.2238
9.8917,67.0913,0.23
9.8917,67.1568,0.2492
9.8917,67.2222,0.2636
9.8917,67.3532,0.3277
9.8917,67.4187,0.5316
9.8917,67.4841,0.2704
9.8917,67.6151,0.2377
9.8917,68.0079,0.2346
9.8917,68.0734,0.2122
9.8917,68.2698,0.2084
9.8917,68.3353,0.1945
9.8917,68.4007,0.1951
9.8917,68.7936,0.2303
9.8917,68.99,0.2323
9.8917,69.0555,0.2092
9.8917,69.1209,0.2151
9.8917,69.1864,0.3305
9.8917,69.3174,0.2095
9.8917,69.3828,0.2141
9.8917,69.5792,0.2257
9.8917,69.6447,0.2165
9.8917,69.7102,0.2126
9.8917,69.7757,0.2039
9.8917,69.8411,0.22
9.8917,70.0376,0.2222
9.8917,70.103,0.2151
9.8917,70.4304,0.2265
9.8917,70.4959,0.2267
9.8917,76.1265,56.9453
9.8917,79.2037,26.0034
9.8917,79.2692,11.634
9.8917,79.3347,8.8646
9.8917,79.4001,11.9728
9.8917,79.4656,17.9581
9.8917,79.5311,15.7524
9.8917,79.5965,14.9484
9.8917,79.662,7.9191
9.8917,79.7275,8.3819
9.8917,79.793,7.7351
9.8917,79.8584,6.7388
9.8917,79.9239,10.6709
9.8917,79.9894,4.3875
9.8917,80.0549,2.4916
9.8917,80.1203,2.1816
9.8917,80.1858,4.2326
9.8917,80.2513,1.1593
9.8917,80.3167,1.0688
9.8917,80.3822,1.8051
9.8917,80.4477,1.5941
9.8917,80.5132,1.1919
9.8917,80.5786,1.58
9.8917,80.6441,1.5449
9.8917,80.7096,0.6998
9.8262,66.5675,0.0205
9.8262,66.633,0.3135
9.8262,66.6985,0.1887
9.8262,66.7639,0.2378
9.8262,66.8294,0.2284
9.8262,66.8949,0.3225
9.8262,66.9603,0.2772
9.8262,67.0258,0.3301
9.8262,67.1568,0.2377
9.8262,67.2222,0.2736
9.8262,67.2877,0.243
9.8262,67.3532,0.2565
9.8262,67.4841,0.4001
9.8262,67.5496,0.2979
9.8262,67.9424,0.274
9.8262,68.0079,0.2345
9.8262,68.0734,0.1939
9.8262,68.1388,0.2052
9.8262,68.2043,0.2044
9.8262,68.3353,0.342
9.8262,68.9245,0.2143
9.8262,69.0555,0.2494
9.8262,69.1209,0.2209
9.8262,69.2519,0.2148
9.8262,69.3174,0.2163
9.8262,69.3828,0.2011
9.8262,69.4483,0.1918
9.8262,69.5138,0.2257
9.8262,69.6447,0.2156
9.8262,69.8411,0.207
9.8262,69.9066,0.2226
9.8262,70.1685,0.2039
9.8262,70.234,0.2928
9.8262,70.2994,0.2302
9.8262,70.4304,0.2224
9.8262,70.4959,0.2312
9.8262,76.1265,92.076
9.8262,79.2037,9.8718
9.8262,79.2692,7.4584
9.8262,79.3347,13.3341
9.8262,79.4001,9.6476
9.8262,79.4656,10.7268
9.8262,79.5311,11.5996
9.8262,79.5965,10.9224
9.8262,79.662,6.9534
9.8262,79.7275,7.9118
9.8262,79.793,5.0225
9.8262,79.8584,6.7861
9.8262,79.9239,37.4845
9.8262,79.9894,18.67
9.8262,80.0549,5.7042
9.8262,80.3167,5.1082
9.8262,80.3822,0.8882
9.8262,80.4477,1.6933
9.8262,80.5132,1.1992
9.8262,80.5786,1.3741
9.8262,80.6441,1.4183
9.8262,80.7096,0.8818
9.7607,66.4366,1.3775
9.7607,66.5675,0.5365
9.7607,66.633,0.1814
9.7607,66.8294,0.208
9.7607,66.8949,0.2125
9.7607,66.9603,0.2144
9.7607,67.0258,0.2587
9.7607,67.0913,0.3008
9.7607,67.2222,0.3753
9.7607,67.2877,0.2322
9.7607,67.3532,0.2188
9.7607,67.4187,0.2349
9.7607,67.4841,0.2389
9.7607,67.5496,0.2273
9.7607,67.9424,0.2365
9.7607,68.0734,0.2532
9.7607,68.1388,0.2012
9.7607,68.2043,0.1962
9.7607,68.6626,0.2405
9.7607,68.7281,0.2059
9.7607,69.1209,0.431
9.7607,69.2519,0.2139
9.7607,69.3174,0.2163
9.7607,69.3828,0.2112
9.7607,69.4483,0.2064
9.7607,69.5792,0.2092
9.7607,69.6447,0.2056
9.7607,69.7757,0.3087
9.7607,69.8411,0.2031
9.7607,69.9066,0.2188
9.7607,69.9721,0.1946
9.7607,70.103,0.2165
9.7607,70.1685,0.1948
9.7607,70.234,0.1974
9.7607,70.2994,0.2245
9.7607,76.192,7.0953
9.7607,79.0728,42.8491
9.7607,79.1382,14.8463
9.7607,79.2037,12.7803
9.7607,79.2692,9.7217
9.7607,79.3347,9.8428
9.7607,79.4001,9.0389
9.7607,79.4656,8.8308
9.7607,79.5965,10.9887
9.7607,79.662,8.7558
9.7607,79.7275,7.2063
9.7607,79.793,7.9183
9.7607,80.3822,6.8872
9.7607,80.4477,0.7506
9.7607,80.5132,1.5328
9.7607,80.5786,1.2853
9.7607,80.6441,1.4456
9.7607,80.7096,1.0578
9.6953,66.5675,0.4001
9.6953,66.633,0.1976
9.6953,66.6985,0.3581
9.6953,66.7639,0.2184
9.6953,66.8294,0.1913
9.6953,66.8949,0.2141
9.6953,67.2222,0.2748
9.6953,67.2877,0.2079
9.6953,67.6805,0.26
9.6953,67.746,0.2086
9.6953,67.8115,0.4536
9.6953,67.877,0.223
9.6953,67.9424,0.2154
9.6953,68.0734,0.1739
9.6953,68.1388,0.1945
9.6953,68.2043,0.1934
9.6953,68.2698,0.175
9.6953,68.5972,0.2643
9.6953,68.7281,0.2495
9.6953,68.7936,0.2211
9.6953,68.99,0.2263
9.6953,69.1864,0.2475
9.6953,69.3174,0.3096
9.6953,69.3828,0.3005
9.6953,69.4483,0.2658
9.6953,69.5138,0.231
9.6953,69.5792,0.1796
9.6953,69.6447,0.227
9.6953,69.9066,0.2296
9.6953,69.9721,0.2083
9.6953,70.0376,0.2107
9.6953,70.103,0.2161
9.6953,70.1685,0.2841
9.6953,70.234,0.2039
9.6953,70.2994,0.1137
9.6953,70.3649,0.2082
9.6953,70.4304,0.1692
9.6953,76.192,9.7683
9.6953,79.0728,10.6632
9.6953,79.1382,11.014
9.6953,79.2037,8.8224
9.6953,79.2692,7.7254
9.6953,79.3347,10.4134
9.6953,79.4001,7.3085
9.6953,79.4656,9.8441
9.6953,79.5311,13.598
9.6953,79.5965,14.7336
9.6953,79.662,5.9463
9.6953,79.7275,6.0339
9.6953,79.793,61.228
9.6953,80.3822,1.3714
9.6953,80.4477,1.3565
9.6953,80.5132,0.9073
9.6953,80.5786,1.5358
9.6953,80.6441,1.3847
9.6953,80.7096,1.2039
9.6298,66.633,0.1694
9.6298,66.7639,0.2382
9.6298,66.8294,0.1944
9.6298,66.8949,0.185
9.6298,67.1568,0.2121
9.6298,67.2222,0.2415
9.6298,67.2877,0.2007
9.6298,67.3532,0.2009
9.6298,67.4187,0.2894
9.6298,67.746,0.2228
9.6298,67.8115,0.2285
9.6298,67.877,0.2264
9.6298,67.9424,0.2419
9.6298,68.0079,0.1958
9.6298,68.0734,0.1935
9.6298,68.1388,0.1859
9.6298,68.2043,0.0866
9.6298,68.3353,0.1928
9.6298,68.4007,0.1939
9.6298,68.5972,0.2267
9.6298,68.6626,0.2083
9.6298,68.7281,0.2086
9.6298,68.9245,0.2537
9.6298,68.99,0.2101
9.6298,69.0555,0.219
9.6298,69.3174,0.4919
9.6298,69.3828,0.2003
9.6298,69.5138,0.2356
9.6298,69.5792,0.2109
9.6298,69.6447,0.2018
9.6298,69.7102,0.2203
9.6298,69.7757,0.2181
9.6298,69.8411,0.2025
9.6298,69.9066,0.0427
9.6298,69.9721,0.1749
9.6298,70.0376,0.2
9.6298,70.103,0.2726
9.6298,70.1685,0.2265
9.6298,70.234,0.1312
9.6298,70.2994,0.2527
9.6298,70.3649,0.2144
9.6298,70.4304,0.2181
9.6298,76.1265,8.0534
9.6298,76.192,18.327
9.6298,79.0073,25.7723
9.6298,79.0728,11.3045
9.6298,79.1382,9.8019
9.6298,79.2037,10.3096
9.6298,79.2692,6.5017
9.6298,79.3347,10.003
9.6298,79.4001,8.6445
9.6298,79.4656,9.9531
9.6298,79.5311,10.6131
9.6298,79.5965,18.9182
9.6298,79.662,6.7403
9.6298,79.7275,6.8639
9.6298,79.793,27.72
9.6298,80.4477,0.8839
9.6298,80.5132,0.8995
9.6298,80.5786,1.0251
9.6298,80.6441,2.1609
9.5643,66.5675,0.2805
9.5643,66.633,0.2149
9.5643,66.6985,0.1017
9.5643,66.7639,0.2184
9.5643,66.8294,0.1923
9.5643,66.8949,0.1805
9.5643,67.0913,0.6366
9.5643,67.1568,0.2276
9.5643,67.2222,0.2083
9.5643,67.4187,0.2095
9.5643,67.6151,0.179
9.5643,67.6805,0.2371
9.5643,67.746,0.2119
9.5643,67.8115,0.2294
9.5643,67.9424,0.3157
9.5643,68.0079,0.1998
9.5643,68.0734,0.19
9.5643,68.2043,0.1889
9.5643,68.2698,0.191
9.5643,68.3353,0.189
9.5643,68.4007,0.1943
9.5643,68.4662,0.1932
9.5643,68.5972,0.2831
9.5643,68.6626,0.1597
9.5643,68.7936,0.2259
9.5643,68.859,0.1935
9.5643,69.1864,0.2126
9.5643,69.2519,0.217
9.5643,69.3174,0.2144
9.5643,69.3828,0.1956
9.5643,69.5138,0.2002
9.5643,69.5792,0.2244
9.5643,69.6447,0.1811
9.5643,69.7102,0.1912
9.5643,69.7757,0.1955
9.5643,69.9066,0.2282
9.5643,70.0376,0.1981
9.5643,70.103,0.2162
9.5643,70.234,0.0835
9.5643,70.2994,0.2015
9.5643,70.3649,0.2279
9.5643,70.4304,0.2569
9.5643,76.1265,3.121
9.5643,76.192,20.2883
9.5643,79.0073,7.6884
9.5643,79.0728,11.0053
9.5643,79.1382,8.0666
9.5643,79.2037,8.4878
9.5643,79.2692,7.2915
9.5643,79.3347,6.6084
9.5643,79.4001,9.3156
9.5643,79.4656,9.1726
9.5643,79.5311,10.1209
9.5643,79.5965,26.5277
9.5643,79.7275,7.4525
9.5643,79.793,29.7519
9.5643,79.9239,44.2519
9.5643,79.9894,33.7798
9.5643,80.0549,58.9076
9.5643,80.5132,1.1898
9.5643,80.5786,0.9245
9.5643,80.6441,1.27
9.4988,66.633,0.2412
9.4988,66.6985,0.2825
9.4988,66.7639,0.1961
9.4988,66.8294,0.1875
9.4988,66.8949,0.2028
9.4988,66.9603,0.1824
9.4988,67.0258,0.1894
9.4988,67.0913,0.1981
9.4988,67.2222,0.3698
9.4988,67.2877,0.1513
9.4988,67.3532,0.2036
9.4988,67.4841,0.215
9.4988,67.5496,0.2116
9.4988,67.6151,0.2095
9.4988,67.6805,0.1996
9.4988,67.746,0.2163
9.4988,67.877,0.23
9.4988,67.9424,0.2178
9.4988,68.0079,0.2098
9.4988,68.2043,0.2157
9.4988,68.2698,0.2041
9.4988,68.3353,0.1985
9.4988,68.4007,0.1893
9.4988,68.4662,0.2869
9.4988,68.5317,0.2306
9.4988,68.6626,0.1681
9.4988,68.7281,0.2601
9.4988,68.7936,0.2379
9.4988,68.859,0.0398
9.4988,68.99,0.1407
9.4988,69.1209,0.2372
9.4988,69.1864,0.2488
9.4988,69.2519,0.1854
9.4988,69.3174,0.2064
9.4988,69.3828,0.1907
9.4988,69.4483,0.2211
9.4988,69.5138,0.2071
9.4988,69.6447,0.1285
9.4988,69.7102,0.1703
9.4988,69.7757,0.2147
9.4988,69.8411,0.2859
9.4988,69.9066,0.2016
9.4988,70.0376,0.223
9.4988,70.103,0.2081
9.4988,70.3649,0.2065
9.4988,70.4304,0.2168
9.4988,76.1265,4.3554
9.4988,76.192,7.3101
9.4988,79.0073,10.6836
9.4988,79.0728,12.5804
9.4988,79.1382,8.4676
9.4988,79.2037,8.63
9.4988,79.2692,8.2261
9.4988,79.3347,7.1621
9.4988,79.4001,10.8065
9.4988,79.4656,6.8249
9.4988,79.5311,10.0442
9.4988,79.5965,15.8268
9.4988,79.793,7.0819
9.4988,79.8584,7.0306
9.4988,79.9239,15.5577
9.4988,79.9894,7.9083
9.4988,80.0549,19.3805
9.4334,66.633,0.2346
9.4334,66.6985,0.2333
9.4334,66.7639,0.1944
9.4334,66.8294,0.2009
9.4334,66.8949,0.1908
9.4334,66.9603,0.2114
9.4334,67.0258,0.2029
9.4334,67.0913,0.2086
9.4334,67.1568,0.1106
9.4334,67.2222,0.2518
9.4334,67.3532,0.2035
9.4334,67.4187,0.2062
9.4334,67.6151,0.3687
9.4334,67.6805,0.1899
9.4334,67.746,0.2163
9.4334,67.8115,0.2161
9.4334,67.877,0.266
9.4334,67.9424,0.2004
9.4334,68.0079,0.2111
9.4334,68.0734,0.2065
9.4334,68.2698,0.3327
9.4334,68.4662,0.2201
9.4334,68.5317,0.2098
9.4334,68.5972,0.2148
9.4334,68.6626,0.1912
9.4334,68.7281,0.2286
9.4334,68.7936,0.1924
9.4334,68.859,0.1909
9.4334,68.9245,0.1912
9.4334,68.99,0.1976
9.4334,69.0555,0.1961
9.4334,69.2519,0.1977
9.4334,69.3828,0.2115
9.4334,69.4483,0.205
9.4334,69.5138,0.1963
9.4334,69.6447,0.2154
9.4334,69.7102,0.2214
9.4334,69.7757,0.1923
9.4334,69.8411,0.2417
9.4334,69.9066,0.1866
9.4334,69.9721,0.176
9.4334,70.1685,0.2976
9.4334,70.3649,0.2079
9.4334,70.4304,0.2348
9.4334,76.2574,99.8222
9.4334,78.9418,58.2347
9.4334,79.0073,10.6922
9.4334,79.0728,10.0094
9.4334,79.1382,8.6925
9.4334,79.2037,6.9192
9.4334,79.2692,6.6332
9.4334,79.3347,9.0532
9.4334,79.4001,9.2616
9.4334,79.4656,7.7757
9.4334,79.5311,9.9775
9.4334,79.5965,10.3177
9.4334,79.662,30.4245
9.4334,79.7275,10.501
9.4334,79.793,8.2731
9.4334,79.8584,10.2965
9.4334,79.9239,7.964
9.4334,79.9894,8.1008
9.4334,80.0549,67.9246
9.3679,66.7639,0.3507
9.3679,66.8294,0.3169
9.3679,66.8949,0.3464
9.3679,66.9603,0.2073
9.3679,67.0258,0.2371
9.3679,67.0913,0.2869
9.3679,67.1568,0.2908
9.3679,67.2222,0.2002
9.3679,67.2877,0.1988
9.3679,67.3532,0.2212
9.3679,67.4187,0.2092
9.3679,67.6805,0.2129
9.3679,67.746,0.211
9.3679,67.8115,0.2122
9.3679,67.877,0.2056
9.3679,68.4662,0.2357
9.3679,68.5317,0.2244
9.3679,68.5972,0.2465
9.3679,68.6626,0.2939
9.3679,68.7281,0.2374
9.3679,68.7936,0.2003
9.3679,68.859,0.2854
9.3679,68.9245,0.2178
9.3679,68.99,0.2197
9.3679,69.0555,0.2107
9.3679,69.1209,0.3105
9.3679,69.1864,0.6898
9.3679,69.3828,0.2114
9.3679,69.5138,0.2721
9.3679,69.7102,0.0278
9.3679,69.7757,0.176
9.3679,69.8411,0.1857
9.3679,69.9066,0.17
9.3679,69.9721,0.1707
9.3679,70.103,0.1879
9.3679,70.1685,0.0723
9.3679,70.3649,0.2106
9.3679,70.4304,0.1944
9.3679,79.0073,4.6617
9.3679,79.0728,13.5202
9.3679,79.1382,6.3828
9.3679,79.2037,6.5356
9.3679,79.2692,8.5456
9.3679,79.3347,9.6558
9.3679,79.4001,7.103
9.3679,79.4656,8.1145
9.3679,79.5311,7.8269
9.3679,79.5965,26.0556
9.3679,79.662,12.0574
9.3679,79.793,6.7402
9.3679,79.8584,9.6559
9.3679,79.9239,8.5257
9.3679,79.9894,8.9575
9.3024,66.502,0.2038
9.3024,66.5675,0.1851
9.3024,66.6985,0.2652
9.3024,66.7639,0.2324
9.3024,66.8294,0.2312
9.3024,66.8949,0.229
9.3024,66.9603,0.1936
9.3024,67.0913,0.2237
9.3024,67.3532,0.2692
9.3024,67.4187,0.2088
9.3024,67.4841,0.1929
9.3024,67.5496,0.2071
9.3024,67.6151,0.1666
9.3024,67.6805,0.2022
9.3024,67.746,0.1755
9.3024,67.8115,0.2263
9.3024,68.1388,0.2169
9.3024,68.5317,0.2645
9.3024,68.5972,0.2166
9.3024,68.6626,0.2259
9.3024,68.7281,0.1935
9.3024,68.859,0.2229
9.3024,68.99,0.2488
9.3024,69.1209,0.1957
9.3024,69.1864,0.2297
9.3024,69.2519,0.4177
9.3024,69.3174,0.222
9.3024,69.7102,0.1522
9.3024,69.7757,0.2079
9.3024,69.8411,0.1791
9.3024,69.9066,0.1771
9.3024,69.9721,0.1794
9.3024,70.0376,0.1789
9.3024,70.103,0.2835
9.3024,70.1685,0.1733
9.3024,70.234,0.3477
9.3024,70.4304,0.2309
9.3024,79.1382,42.284
9.3024,79.2037,26.3958
9.3024,79.4001,11.7277
9.3024,79.4656,11.0859
9.3024,79.5311,13.2727
9.3024,79.5965,14.2415
9.3024,79.662,11.1429
9.3024,79.7275,12.6123
9.3024,79.793,24.211
9.3024,79.8584,13.7367
9.3024,79.9239,14.4194
9.2369,66.502,0.1787
9.2369,66.633,0.2165
9.2369,66.6985,0.2133
9.2369,66.7639,0.1825
9.2369,66.8294,0.1899
9.2369,67.0913,0.2274
9.2369,67.1568,0.2014
9.2369,67.2222,0.1975
9.2369,67.2877,0.1994
9.2369,67.3532,0.2282
9.2369,67.4841,0.2105
9.2369,67.5496,0.022
9.2369,67.6151,0.208
9.2369,67.6805,0.1999
9.2369,68.0734,0.2236
9.2369,68.1388,0.1734
9.2369,68.5317,0.215
9.2369,68.5972,0.1986
9.2369,68.6626,0.2299
9.2369,68.859,0.1981
9.2369,69.1209,0.211
9.2369,69.1864,0.1931
9.2369,69.2519,0.1988
9.2369,69.3174,0.2038
9.2369,69.3828,0.285
9.2369,69.5792,0.195
9.2369,69.6447,0.1914
9.2369,69.7102,0.1868
9.2369,69.8411,0.1907
9.2369,69.9066,0.2905
9.2369,69.9721,0.2044
9.2369,70.0376,0.1796
9.2369,70.1685,0.1899
9.2369,70.234,0.2084
9.2369,70.2994,0.1876
9.2369,78.8763,21.037
9.2369,79.0073,45.6801
9.2369,79.0728,29.8874
9.2369,79.1382,8.6934
9.2369,79.2692,13.9867
9.2369,79.4001,70.6475
9.2369,79.4656,23.0894
9.2369,79.5311,8.4621
9.2369,79.5965,7.0077
9.2369,79.662,6.947
9.2369,79.7275,8.1061
9.2369,79.793,12.2567
9.2369,79.8584,22.5105
9.2369,79.9239,11.8807
9.2369,79.9894,16.2099
9.1715,66.4366,0.1702
9.1715,66.502,0.1999
9.1715,66.5675,0.1854
9.1715,66.633,0.1924
9.1715,66.6985,0.1945
9.1715,66.7639,0.1958
9.1715,66.8294,0.1952
9.1715,66.8949,0.2085
9.1715,66.9603,0.222
9.1715,67.0258,0.2242
9.1715,67.0913,0.1923
9.1715,67.1568,0.1663
9.1715,67.2222,0.1892
9.1715,67.2877,0.1956
9.1715,67.4841,0.2124
9.1715,67.5496,0.1631
9.1715,67.6151,0.2061
9.1715,67.6805,0.1954
9.1715,67.877,0.2146
9.1715,68.0734,0.2201
9.1715,68.1388,0.1582
9.1715,68.2043,0.1986
9.1715,68.2698,0.2593
9.1715,68.3353,0.2054
9.1715,68.4007,0.2058
9.1715,68.4662,0.2118
9.1715,68.5317,0.2027
9.1715,68.5972,0.2003
9.1715,68.6626,0.2871
9.1715,68.7281,0.2055
9.1715,68.7936,0.2294
9.1715,68.9245,0.1955
9.1715,69.1209,0.3315
9.1715,69.1864,0.2052
9.1715,69.2519,0.2071
9.1715,69.3174,0.1811
9.1715,69.3828,0.252
9.1715,69.5138,0.1892
9.1715,69.5792,0.1868
9.1715,69.7102,0.2075
9.1715,69.7757,0.184
9.1715,69.9066,0.1707
9.1715,69.9721,0.1848
9.1715,70.0376,0.1868
9.1715,70.103,0.1831
9.1715,70.1685,0.2056
9.1715,70.234,0.2371
9.1715,70.2994,0.2216
9.1715,70.3649,0.1842
9.1715,78.7454,26.1171
9.1715,78.8109,26.8563
9.1715,78.8763,15.6529
9.1715,78.9418,54.5547
9.1715,79.0073,9.2424
9.1715,79.0728,5.1339
9.1715,79.1382,3.6832
9.1715,79.2037,5.3105
9.1715,79.2692,5.7036
9.1715,79.3347,8.8201
9.1715,79.4001,9.9474
9.1715,79.4656,5.7572
9.1715,79.5311,7.4873
9.1715,79.5965,9.7086
9.1715,79.662,10.486
9.1715,79.7275,7.7465
9.1715,79.793,10.42
9.1715,79.8584,12.3129
9.1715,79.9239,18.3318
9.1715,79.9894,22.8789
9.106,66.3056,1.3521
9.106,66.4366,0.499
9.106,66.5675,0.2342
9.106,66.633,0.1439
9.106,66.6985,0.1754
9.106,66.7639,0.1983
9.106,66.8294,0.196
9.106,66.8949,0.2096
9.106,66.9603,0.2034
9.106,67.0258,0.1964
9.106,67.0913,0.2479
9.106,67.1568,0.1921
9.106,67.2222,0.1995
9.106,67.2877,0.2016
9.106,67.3532,0.1929
9.106,67.4187,0.1844
9.106,67.4841,0.2011
9.106,67.6151,0.2639
9.106,67.6805,3.494
9.106,67.746,0.2061
9.106,67.877,0.1358
9.106,68.2043,0.1977
9.106,68.2698,0.2061
9.106,68.3353,0.165
9.106,68.5317,0.1654
9.106,68.5972,0.1951
9.106,68.6626,0.0893
9.106,68.7281,0.1919
9.106,68.859,0.287
9.106,68.9245,0.2045
9.106,68.99,0.1937
9.106,69.0555,0.2193
9.106,69.1864,0.2222
9.106,69.2519,0.1767
9.106,69.3174,0.1729
9.106,69.3828,0.1811
9.106,69.4483,0.1328
9.106,69.5138,0.1763
9.106,69.5792,0.1792
9.106,69.7102,0.1331
9.106,69.7757,0.1849
9.106,69.8411,0.1867
9.106,69.9721,0.1845
9.106,70.0376,0.2399
9.106,70.1685,0.2074
9.106,70.234,0.2156
9.106,70.2994,0.1631
9.106,76.2574,12.2241
9.106,76.3229,82.9058
9.106,76.3884,66.3004
9.106,76.4539,25.8773
9.106,78.4835,54.9043
9.106,78.549,77.3075
9.106,78.6145,20.7583
9.106,78.6799,7.9588
9.106,78.7454,3.4505
9.106,78.8109,6.89
9.106,78.8763,4.1772
9.106,78.9418,2.4294
9.106,79.0073,2.8768
9.106,79.0728,4.7525
9.106,79.1382,8.0259
9.106,79.2037,7.8124
9.106,79.2692,18.5793
9.106,79.3347,4.1925
9.106,79.4001,4.0236
9.106,79.4656,12.1103
9.106,79.5311,20.5234
9.106,79.5965,9.9183
9.106,79.662,61.0521
9.106,79.9239,34.8918
9.106,79.9894,70.4409
9.0405,66.4366,0.3441
9.0405,66.5675,0.2562
9.0405,66.633,0.2657
9.0405,66.6985,0.1641
9.0405,66.7639,0.2783
9.0405,66.8294,0.6103
9.0405,66.8949,0.1863
9.0405,66.9603,0.2379
9.0405,67.0258,0.1945
9.0405,67.0913,0.1849
9.0405,67.1568,0.1856
9.0405,67.2222,0.1285
9.0405,67.3532,0.204
9.0405,67.4187,1.0315
9.0405,67.4841,0.2023
9.0405,67.6151,0.349
9.0405,67.746,0.1972
9.0405,67.8115,0.2174
9.0405,68.2043,0.2202
9.0405,68.2698,0.2065
9.0405,68.3353,0.1994
9.0405,68.4007,0.2029
9.0405,68.4662,0.2937
9.0405,68.5972,0.2118
9.0405,68.6626,0.3889
9.0405,68.7281,0.2098
9.0405,68.7936,0.2002
9.0405,68.859,0.3796
9.0405,68.9245,0.2341
9.0405,68.99,0.1875
9.0405,69.0555,0.193
9.0405,69.1864,0.1899
9.0405,69.2519,0.1734
9.0405,69.3174,0.1794
9.0405,69.3828,0.1818
9.0405,69.4483,0.1663
9.0405,69.5138,0.1651
9.0405,69.5792,0.1743
9.0405,69.6447,0.1737
9.0405,69.7102,0.1844
9.0405,69.8411,0.192
9.0405,70.103,0.2285
9.0405,70.1685,0.1995
9.0405,70.234,0.2109
9.0405,70.4304,0.2392
9.0405,76.2574,11.7555
9.0405,76.3229,10.5313
9.0405,76.3884,24.3991
9.0405,78.3526,32.2889
9.0405,78.4835,57.0059
9.0405,78.549,13.0083
9.0405,78.6145,6.487
9.0405,78.6799,11.466
9.0405,78.7454,22.5392
9.0405,78.8109,9.0304
9.0405,78.8763,10.8867
9.0405,78.9418,11.7136
9.0405,79.0073,9.169
9.0405,79.0728,9.4653
9.0405,79.1382,6.3431
9.0405,79.2037,2.9627
9.0405,79.2692,3.5416
9.0405,79.3347,7.1802
9.0405,79.4001,1.9315
9.0405,79.4656,2.619
9.0405,79.5311,4.172
9.0405,79.5965,9.964
9.0405,79.662,18.7938
8.9751,66.4366,0.1873
8.9751,66.502,0.1914
8.9751,66.5675,0.204
8.9751,66.8294,0.2102
8.9751,66.8949,0.2378
8.9751,67.2877,0.1964
8.9751,67.3532,0.198
8.9751,67.4187,0.2028
8.9751,67.4841,0.1988
8.9751,67.5496,0.1982
8.9751,67.6151,0.1961
8.9751,67.6805,0.2222
8.9751,67.746,0.2054
8.9751,68.2043,0.2246
8.9751,68.2698,0.1958
8.9751,68.3353,0.2045
8.9751,68.6626,0.2159
8.9751,68.7281,0.1952
8.9751,68.7936,0.1905
8.9751,68.859,0.1436
8.9751,68.9245,0.179
8.9751,68.99,0.1791
8.9751,69.0555,0.1903
8.9751,69.1864,0.195
8.9751,69.2519,0.1768
8.9751,69.3174,0.1671
8.9751,69.3828,0.1801
8.9751,69.4483,0.1739
8.9751,69.5138,0.1751
8.9751,69.5792,0.1707
8.9751,69.6447,0.1894
8.9751,69.7102,0.1831
8.9751,69.8411,0.1918
8.9751,69.9066,0.1882
8.9751,69.9721,0.2057
8.9751,70.0376,0.2527
8.9751,70.1685,0.2028
8.9751,70.4304,0.2146
8.9751,78.418,17.4246
8.9751,78.4835,2.8541
8.9751,78.549,2.8166
8.9751,78.6145,2.6062
8.9751,78.6799,4.5654
8.9751,78.7454,2.1348
8.9751,78.8109,1.5227
8.9751,78.8763,7.2673
8.9751,78.9418,5.187
8.9751,79.0073,7.1842
8.9751,79.0728,1.4263
8.9751,79.1382,1.3371
8.9751,79.2037,1.2109
8.9751,79.2692,2.0089
8.9751,79.3347,1.8535
8.9751,79.4001,2.553
8.9751,79.4656,3.0246
8.9751,79.5311,7.1125
8.9751,79.5965,3.5832
8.9751,79.662,6.0649
8.9751,79.7275,14.4963
8.9096,66.4366,0.1892
8.9096,66.502,0.1926
8.9096,66.633,0.1996
8.9096,66.6985,0.1746
8.9096,66.7639,0.1869
8.9096,66.8294,0.1906
8.9096,66.8949,0.1853
8.9096,66.9603,0.1939
8.9096,67.0258,0.1939
8.9096,67.1568,0.1441
8.9096,67.3532,0.2072
8.9096,67.4187,0.2027
8.9096,67.4841,0.2023
8.9096,67.5496,0.2011
8.9096,67.6151,0.192
8.9096,67.6805,0.195
8.9096,67.877,0.195
8.9096,68.2698,0.2088
8.9096,68.3353,0.1847
8.9096,68.4007,0.2172
8.9096,68.4662,0.2016
8.9096,68.6626,0.1594
8.9096,68.7281,0.1746
8.9096,68.7936,0.1552
8.9096,68.9245,0.1953
8.9096,68.99,0.1753
8.9096,69.0555,0.1808
8.9096,69.1209,0.1732
8.9096,69.2519,0.1715
8.9096,69.3174,0.1731
8.9096,69.4483,0.2044
8.9096,69.5138,0.1764
8.9096,69.6447,0.2418
8.9096,69.7102,0.1808
8.9096,69.7757,0.1884
8.9096,69.8411,0.1684
8.9096,69.9066,0.1853
8.9096,69.9721,0.1868
8.9096,70.0376,0.1852
8.9096,70.103,0.196
8.9096,70.234,0.2052
8.9096,70.2994,0.2279
8.9096,70.4304,0.2455
8.9096,78.2871,2.1808
8.9096,78.3526,14.5447
8.9096,78.418,1.4529
8.9096,78.4835,2.8001
8.9096,78.549,2.0215
8.9096,78.6145,3.6539
8.9096,78.6799,2.4904
8.9096,78.7454,1.4925
8.9096,78.8109,2.291
8.9096,78.8763,1.9312
8.9096,78.9418,1.2419
8.9096,79.0073,1.4788
8.9096,79.0728,1.2761
8.9096,79.1382,1.2194
8.9096,79.2037,1.278
8.9096,79.2692,1.9624
8.9096,79.3347,1.7294
8.9096,79.4001,1.7302
8.9096,79.4656,3.3982
8.9096,79.5311,3.3459
8.9096,79.5965,4.0404
8.9096,79.662,9.1596
8.9096,79.7275,65.6513
8.9096,79.793,28.7476
8.8441,66.3711,0.1533
8.8441,66.4366,0.2882
8.8441,66.7639,0.2181
8.8441,66.8294,0.1827
8.8441,66.8949,0.1794
8.8441,66.9603,0.1802
8.8441,67.0258,0.1847
8.8441,67.0913,0.167
8.8441,67.4187,0.1934
8.8441,67.4841,0.178
8.8441,67.5496,0.1435
8.8441,67.6151,0.1701
8.8441,67.6805,0.1831
8.8441,67.746,0.185
8.8441,67.8115,0.1841
8.8441,67.877,0.1944
8.8441,67.9424,0.191
8.8441,68.0734,0.2116
8.8441,68.2698,0.1622
8.8441,68.3353,0.2449
8.8441,68.4007,0.1899
8.8441,68.4662,0.1936
8.8441,68.5317,0.1942
8.8441,68.5972,0.1141
8.8441,68.7936,0.1925
8.8441,68.859,0.1692
8.8441,68.9245,0.162
8.8441,68.99,0.2269
8.8441,69.1209,0.1211
8.8441,69.1864,0.1642
8.8441,69.2519,0.1688
8.8441,69.3174,0.1685
8.8441,69.3828,0.2189
8.8441,69.4483,0.1712
8.8441,69.5138,0.174
8.8441,69.6447,0.1632
8.8441,69.7102,0.1889
8.8441,69.7757,0.1695
8.8441,69.8411,0.2085
8.8441,69.9721,0.1675
8.8441,70.103,0.1938
8.8441,70.1685,0.1845
8.8441,70.2994,0.1948
8.8441,70.4304,0.1938
8.8441,76.5193,96.3594
8.8441,78.2216,36.1496
8.8441,78.2871,11.1801
8.8441,78.3526,2.795
8.8441,78.418,1.5619
8.8441,78.4835,2.85
8.8441,78.549,2.8218
8.8441,78.6145,3.9325
8.8441,78.6799,2.537
8.8441,78.7454,7.0948
8.8441,78.8109,2.6028
8.8441,78.8763,1.2537
8.8441,78.9418,1.139
8.8441,79.0073,1.1702
8.8441,79.0728,1.4992
8.8441,79.1382,1.1606
8.8441,79.2037,1.1446
8.8441,79.2692,1.2392
8.8441,79.3347,1.2937
8.8441,79.4001,1.6872
8.8441,79.4656,1.1762
8.8441,79.5311,3.6888
8.8441,79.5965,7.4852
8.8441,79.662,6.4317
8.8441,79.7275,6.5874
8.7786,66.2401,1.3504
8.7786,66.3711,0.4253
8.7786,66.5675,0.2243
8.7786,66.633,0.1834
8.7786,66.6985,0.1736
8.7786,66.7639,0.1797
8.7786,66.8949,0.2067
8.7786,66.9603,0.1849
8.7786,67.0258,0.1796
8.7786,67.1568,0.1873
8.7786,67.2222,0.1763
8.7786,67.2877,0.179
8.7786,67.4187,0.1803
8.7786,67.4841,0.1744
8.7786,67.5496,0.1564
8.7786,67.6151,0.1662
8.7786,67.6805,0.1746
8.7786,67.746,0.1787
8.7786,67.8115,0.1853
8.7786,67.877,0.2026
8.7786,67.9424,0.1637
8.7786,68.1388,0.1884
8.7786,68.2043,0.1832
8.7786,68.2698,0.245
8.7786,68.3353,0.1669
8.7786,68.4007,0.1894
8.7786,68.4662,0.1765
8.7786,68.5317,0.1838
8.7786,68.5972,0.3098
8.7786,68.6626,0.2098
8.7786,68.7281,0.1825
8.7786,68.7936,0.1787
8.7786,68.859,0.1524
8.7786,68.9245,0.1718
8.7786,68.99,0.1965
8.7786,69.0555,0.182
8.7786,69.1209,0.1763
8.7786,69.2519,0.1661
8.7786,69.3174,0.165
8.7786,69.3828,0.2081
8.7786,69.4483,0.172
8.7786,69.5138,0.1806
8.7786,69.5792,0.1732
8.7786,69.7757,0.1254
8.7786,69.9721,0.1563
8.7786,70.1685,0.1884
8.7786,70.234,0.0659
8.7786,70.4304,0.0735
8.7786,76.5193,4.6601
8.7786,76.5848,14.6431
8.7786,78.2871,10.8553
8.7786,78.3526,2.1964
8.7786,78.418,2.9297
8.7786,78.4835,2.085
8.7786,78.549,2.493
8.7786,78.6145,2.7
8.7786,78.6799,2.0752
8.7786,78.7454,3.2425
8.7786,78.8109,1.6663
8.7786,78.8763,1.6988
8.7786,78.9418,1.5007
8.7786,79.0073,1.4169
8.7786,79.0728,1.2481
8.7786,79.1382,1.179
8.7786,79.2037,1.2291
8.7786,79.2692,1.1667
8.7786,79.3347,1.0993
8.7786,79.4001,1.1058
8.7786,79.4656,2.5578
8.7786,79.5311,1.0937
8.7786,79.5965,2.1962
8.7786,79.662,4.9168
8.7786,79.7275,19.3159
8.7786,79.793,54.7128
8.7132,66.3711,0.3167
8.7132,66.502,0.2318
8.7132,66.5675,0.1982
8.7132,66.633,0.1786
8.7132,66.6985,0.1702
8.7132,66.7639,0.1693
8.7132,66.8294,0.164
8.7132,66.8949,0.1925
8.7132,66.9603,0.1275
8.7132,67.0258,0.2
8.7132,67.1568,0.186
8.7132,67.2222,0.1867
8.7132,67.2877,0.1925
8.7132,67.3532,0.3841
8.7132,67.4187,0.1871
8.7132,67.4841,0.1837
8.7132,67.5496,0.1575
8.7132,67.6151,0.1666
8.7132,67.6805,0.1729
8.7132,67.877,0.2325
8.7132,68.0079,0.2237
8.7132,68.1388,0.1646
8.7132,68.2043,0.1997
8.7132,68.2698,0.1991
8.7132,68.3353,0.1732
8.7132,68.4007,0.183
8.7132,68.4662,0.1781
8.7132,68.5317,0.1786
8.7132,68.5972,0.1708
8.7132,68.6626,0.2436
8.7132,68.7281,0.2524
8.7132,68.7936,0.1655
8.7132,68.859,0.1711
8.7132,68.9245,0.1596
8.7132,68.99,0.1891
8.7132,69.0555,0.2036
8.7132,69.2519,0.1752
8.7132,69.3174,0.1711
8.7132,69.3828,0.1523
8.7132,69.4483,0.1893
8.7132,69.5138,0.1873
8.7132,69.5792,0.1728
8.7132,69.6447,0.2367
8.7132,69.7102,0.1842
8.7132,69.7757,0.1757
8.7132,69.8411,0.2009
8.7132,69.9066,0.1725
8.7132,70.0376,0.2878
8.7132,70.1685,0.1914
8.7132,70.234,0.1929
8.7132,70.2994,0.2131
8.7132,70.3649,0.1962
8.7132,76.5848,14.1623
8.7132,76.6503,37.6611
8.7132,78.2216,26.6292
8.7132,78.2871,5.7795
8.7132,78.3526,8.6824
8.7132,78.418,2.6746
8.7132,78.4835,1.9643
8.7132,78.549,1.7599
8.7132,78.6145,3.6676
8.7132,78.6799,1.2749
8.7132,78.7454,2.6497
8.7132,78.8109,1.6095
8.7132,78.8763,2.1448
8.7132,78.9418,2.4804
8.7132,79.0073,1.4948
8.7132,79.0728,1.341
8.7132,79.1382,1.3375
8.7132,79.2037,1.8159
8.7132,79.2692,1.1703
8.7132,79.3347,1.1421
8.7132,79.4001,1.1466
8.7132,79.4656,1.2104
8.7132,79.5311,0.8676
8.7132,79.5965,1.1163
8.7132,79.662,4.094
8.7132,79.793,25.9355
8.7132,79.8584,56.519
8.6477,66.3711,0.3017
8.6477,66.4366,0.2782
8.6477,66.502,0.2556
8.6477,66.633,0.2124
8.6477,66.6985,0.2025
8.6477,66.7639,0.1709
8.6477,66.8294,0.1622
8.6477,66.8949,0.1626
8.6477,66.9603,0.1672
8.6477,67.2222,0.1883
8.6477,67.2877,0.1769
8.6477,67.3532,0.1775
8.6477,67.4187,0.1718
8.6477,67.4841,0.1753
8.6477,67.5496,0.1642
8.6477,67.6151,0.1719
8.6477,67.6805,0.181
8.6477,67.877,0.2533
8.6477,68.2043,0.1771
8.6477,68.2698,0.2288
8.6477,68.3353,0.172
8.6477,68.4007,0.2453
8.6477,68.4662,0.1763
8.6477,68.5317,0.2728
8.6477,68.5972,0.1965
8.6477,68.6626,0.1728
8.6477,68.7936,0.2319
8.6477,68.859,0.1421
8.6477,68.9245,0.1789
8.6477,69.1209,0.2084
8.6477,69.1864,0.1205
8.6477,69.2519,0.182
8.6477,69.3174,0.1785
8.6477,69.3828,0.1792
8.6477,69.4483,0.1797
8.6477,69.5138,0.1704
8.6477,69.5792,0.1676
8.6477,69.6447,0.1811
8.6477,69.7102,0.1849
8.6477,69.7757,0.1853
8.6477,69.9066,0.1694
8.6477,69.9721,0.1777
8.6477,70.1685,0.1804
8.6477,70.234,0.1815
8.6477,70.2994,0.1811
8.6477,70.3649,0.2597
8.6477,70.4304,0.0854
8.6477,76.5193,9.8887
8.6477,76.5848,53.0014
8.6477,76.7158,15.6077
8.6477,78.2216,14.2181
8.6477,78.2871,3.1801
8.6477,78.3526,2.383
8.6477,78.418,1.4407
8.6477,78.4835,2.8348
8.6477,78.549,3.3679
8.6477,78.6145,1.9955
8.6477,78.6799,1.1021
8.6477,78.7454,1.1953
8.6477,78.8109,1.9606
8.6477,78.8763,1.6638
8.6477,78.9418,1.3004
8.6477,79.0073,1.2888
8.6477,79.0728,1.7195
8.6477,79.1382,1.6916
8.6477,79.2037,1.2669
8.6477,79.2692,1.4779
8.6477,79.3347,1.1829
8.6477,79.4001,1.1896
8.6477,79.4656,0.972
8.6477,79.5311,0.8727
8.6477,79.5965,1.0297
8.6477,79.662,6.4167
8.6477,79.7275,61.915
8.6477,79.793,47.1708
8.6477,79.8584,78.7763
8.5822,66.4366,0.2182
8.5822,66.7639,0.1955
8.5822,66.8294,0.1553
8.5822,66.8949,0.1658
8.5822,66.9603,0.1755
8.5822,67.0913,0.1916
8.5822,67.1568,0.0699
8.5822,67.2222,0.1748
8.5822,67.2877,0.1708
8.5822,67.3532,0.1745
8.5822,67.4841,0.1776
8.5822,67.5496,0.1699
8.5822,67.6151,0.184
8.5822,67.6805,0.1879
8.5822,68.0734,0.2229
8.5822,68.2043,0.1769
8.5822,68.2698,0.1738
8.5822,68.3353,0.1839
8.5822,68.4007,0.1727
8.5822,68.4662,0.1867
8.5822,68.5317,0.1803
8.5822,68.5972,0.3646
8.5822,68.6626,0.1578
8.5822,68.7281,0.1633
8.5822,68.7936,0.2901
8.5822,68.99,0.1786
8.5822,69.0555,0.1715
8.5822,69.1864,0.3314
8.5822,69.2519,0.2285
8.5822,69.3174,0.1798
8.5822,69.3828,0.2011
8.5822,69.5138,0.2036
8.5822,69.6447,0.1794
8.5822,69.7102,0.1842
8.5822,69.7757,0.1775
8.5822,69.9066,0.1905
8.5822,69.9721,0.2259
8.5822,70.0376,0.1778
8.5822,70.103,0.1799
8.5822,70.1685,0.209
8.5822,70.234,0.1862
8.5822,70.4304,0.1939
8.5822,76.5193,7.0582
8.5822,76.5848,12.6541
8.5822,76.7158,51.9375
8.5822,76.7812,8.7276
8.5822,78.2216,7.1995
8.5822,78.2871,32.0969
8.5822,78.3526,9.5687
8.5822,78.418,3.8085
8.5822,78.4835,9.6978
8.5822,78.549,7.6932
8.5822,78.6145,2.0153
8.5822,78.6799,1.0952
8.5822,78.7454,0.8779
8.5822,78.8109,1.1141
8.5822,78.8763,1.3213
8.5822,78.9418,0.9967
8.5822,79.0073,1.7145
8.5822,79.0728,1.3763
8.5822,79.1382,1.4025
8.5822,79.2037,1.4321
8.5822,79.2692,1.3981
8.5822,79.3347,1.1624
8.5822,79.4001,1.0756
8.5822,79.4656,1.0984
8.5822,79.5311,0.8173
8.5822,79.5965,0.9386
8.5822,79.662,3.3108
8.5822,79.7275,29.7884
8.5167,66.7639,0.2006
8.5167,66.8294,0.189
8.5167,66.8949,0.1661
8.5167,66.9603,0.1667
8.5167,67.0258,0.1676
8.5167,67.0913,0.1585
8.5167,67.1568,0.17
8.5167,67.2222,0.1714
8.5167,67.2877,0.1701
8.5167,67.3532,0.1523
8.5167,67.4187,0.1214
8.5167,67.4841,0.1696
8.5167,67.5496,0.1642
8.5167,67.6151,0.1684
8.5167,67.6805,0.1727
8.5167,67.746,0.1951
8.5167,68.2043,0.1936
8.5167,68.2698,0.1803
8.5167,68.3353,0.1784
8.5167,68.4007,0.1964
8.5167,68.4662,0.1958
8.5167,68.5317,0.3364
8.5167,68.5972,0.1643
8.5167,68.6626,0.1918
8.5167,68.7281,0.1607
8.5167,68.7936,0.1693
8.5167,68.99,0.1703
8.5167,69.0555,0.1592
8.5167,69.1864,0.2063
8.5167,69.2519,0.2047
8.5167,69.3828,0.2751
8.5167,69.5792,0.1699
8.5167,69.6447,0.1883
8.5167,69.7102,0.2571
8.5167,69.7757,0.1915
8.5167,69.8411,1.3113
8.5167,69.9066,0.1877
8.5167,69.9721,0.1641
8.5167,70.0376,0.1425
8.5167,70.103,0.1545
8.5167,70.1685,0.2321
8.5167,70.234,0.1666
8.5167,70.2994,0.1796
8.5167,70.3649,0.302
8.5167,76.5193,3.662
8.5167,76.5848,15.9532
8.5167,76.6503,17.6257
8.5167,76.7812,36.8809
8.5167,76.8467,27.8048
8.5167,78.1562,85.1429
8.5167,78.2216,86.3411
8.5167,78.2871,70.164
8.5167,78.3526,4.3968
8.5167,78.418,5.7398
8.5167,78.4835,6.4861
8.5167,78.549,2.2041
8.5167,78.6145,2.1525
8.5167,78.6799,1.0783
8.5167,78.7454,1.0028
8.5167,78.8109,1.0343
8.5167,78.8763,1.697
8.5167,78.9418,1.5537
8.5167,79.0073,2.0664
8.5167,79.0728,1.6295
8.5167,79.1382,1.7376
8.5167,79.2037,1.6024
8.5167,79.2692,1.2921
8.5167,79.3347,1.1045
8.5167,79.4001,0.8827
8.5167,79.4656,0.6974
8.5167,79.5311,0.6863
8.5167,79.5965,0.7821
8.5167,79.662,1.3189
8.5167,79.7275,8.2272
8.4513,66.3056,0.5346
8.4513,66.502,0.2188
8.4513,66.7639,0.0969
8.4513,66.9603,0.1166
8.4513,67.0258,0.1861
8.4513,67.0913,0.173
8.4513,67.1568,0.1995
8.4513,67.2222,0.1746
8.4513,67.2877,0.2048
8.4513,67.5496,0.1651
8.4513,67.6151,0.1684
8.4513,67.746,0.1737
8.4513,67.8115,0.1797
8.4513,67.877,0.2158
8.4513,68.2698,0.2838
8.4513,68.3353,0.1962
8.4513,68.4007,0.1806
8.4513,68.4662,0.1897
8.4513,68.5317,0.1758
8.4513,68.5972,0.1658
8.4513,68.6626,0.1616
8.4513,68.7281,0.1735
8.4513,68.859,0.2347
8.4513,68.9245,0.2042
8.4513,68.99,0.355
8.4513,69.0555,0.1534
8.4513,69.1209,0.174
8.4513,69.1864,0.1738
8.4513,69.2519,0.1962
8.4513,69.3174,0.1745
8.4513,69.3828,0.3039
8.4513,69.5792,0.3496
8.4513,69.6447,0.1936
8.4513,69.7102,0.2394
8.4513,69.7757,0.2011
8.4513,69.8411,0.2058
8.4513,69.9066,0.165
8.4513,69.9721,0.1893
8.4513,70.0376,0.1806
8.4513,70.103,0.1725
8.4513,70.1685,0.1763
8.4513,70.234,0.1971
8.4513,70.2994,0.2027
8.4513,70.3649,0.1949
8.4513,70.4304,0.0538
8.4513,76.8467,34.9738
8.4513,76.9122,14.3076
8.4513,78.1562,6.3601
8.4513,78.2871,29.4276
8.4513,78.3526,4.913
8.4513,78.418,2.5697
8.4513,78.4835,1.7022
8.4513,78.549,2.011
8.4513,78.6145,0.9991
8.4513,78.6799,1.6206
8.4513,78.7454,1.1692
8.4513,78.8109,1.4226
8.4513,78.8763,1.4615
8.4513,78.9418,2.2533
8.4513,79.0073,1.9795
8.4513,79.0728,1.7407
8.4513,79.1382,1.7243
8.4513,79.2037,1.7441
8.4513,79.2692,0.9989
8.4513,79.3347,0.9274
8.4513,79.4001,0.7427
8.4513,79.4656,0.8166
8.4513,79.5311,0.5697
8.4513,79.5965,0.8063
8.4513,79.662,1.1205
8.4513,79.7275,7.5605
8.3858,66.3056,0.2699
8.3858,66.3711,0.1686
8.3858,66.633,0.205
8.3858,66.8294,0.1385
8.3858,66.9603,0.1789
8.3858,67.0258,0.1685
8.3858,67.0913,0.1706
8.3858,67.1568,0.174
8.3858,67.2222,0.1741
8.3858,67.4841,0.2223
8.3858,67.5496,0.1904
8.3858,67.6151,0.1419
8.3858,67.6805,0.2101
8.3858,67.746,0.2152
8.3858,67.8115,0.1667
8.3858,68.2043,0.1973
8.3858,68.2698,0.181
8.3858,68.3353,0.1975
8.3858,68.4007,0.2249
8.3858,68.4662,0.1959
8.3858,68.6626,0.294
8.3858,68.7281,0.3023
8.3858,68.7936,0.3063
8.3858,68.859,0.1751
8.3858,68.9245,0.1695
8.3858,68.99,0.1653
8.3858,69.0555,0.1675
8.3858,69.1209,0.1618
8.3858,69.1864,0.1898
8.3858,69.2519,0.159
8.3858,69.3174,0.1861
8.3858,69.3828,0.3074
8.3858,69.4483,0.1487
8.3858,69.5138,0.179
8.3858,69.6447,0.2215
8.3858,69.7757,0.2881
8.3858,69.8411,0.2393
8.3858,69.9066,0.1737
8.3858,69.9721,0.2028
8.3858,70.0376,0.1254
8.3858,70.103,0.1856
8.3858,70.1685,0.1765
8.3858,70.234,0.1832
8.3858,70.2994,0.1929
8.3858,70.3649,0.2042
8.3858,70.4304,0.1496
8.3858,76.7812,43.1512
8.3858,76.9122,25.6484
8.3858,78.0907,44.4039
8.3858,78.1562,3.5877
8.3858,78.2216,8.4286
8.3858,78.2871,18.5433
8.3858,78.3526,7.7808
8.3858,78.418,5.6264
8.3858,78.4835,2.6324
8.3858,78.549,2.2808
8.3858,78.6145,1.8753
8.3858,78.6799,1.5868
8.3858,78.7454,1.3787
8.3858,78.8109,1.4649
8.3858,78.8763,1.7893
8.3858,78.9418,1.9908
8.3858,79.0073,1.8245
8.3858,79.0728,1.688
8.3858,79.1382,1.6077
8.3858,79.2037,1.0801
8.3858,79.2692,0.8628
8.3858,79.3347,0.7584
8.3858,79.4001,0.751
8.3858,79.4656,0.7161
8.3858,79.5311,0.5804
8.3858,79.5965,0.7512
8.3858,79.662,3.82
8.3858,79.7275,13.6337
8.3203,66.3056,0.1737
8.3203,66.3711,0.1627
8.3203,66.4366,0.1501
8.3203,66.502,0.1641
8.3203,66.5675,0.2107
8.3203,66.633,0.1658
8.3203,66.6985,0.0489
8.3203,66.7639,0.1865
8.3203,66.8294,0.2462
8.3203,67.0258,0.178
8.3203,68.2698,0.197
8.3203,68.3353,0.1909
8.3203,68.4007,0.1798
8.3203,68.5317,0.1965
8.3203,68.5972,0.15
8.3203,68.6626,0.1688
8.3203,68.7281,0.1719
8.3203,68.7936,0.1648
8.3203,68.859,0.1585
8.3203,68.9245,0.1573
8.3203,68.99,0.165
8.3203,69.0555,0.1642
8.3203,69.1209,0.166
8.3203,69.1864,0.2677
8.3203,69.2519,0.1669
8.3203,69.3174,0.1728
8.3203,69.3828,0.1614
8.3203,69.4483,0.1636
8.3203,69.5138,0.2307
8.3203,69.5792,0.1524
8.3203,69.6447,0.3115
8.3203,69.7102,0.1566
8.3203,69.7757,0.178
8.3203,69.9066,0.1502
8.3203,69.9721,0.1762
8.3203,70.0376,0.1685
8.3203,70.103,0.1762
8.3203,70.1685,0.1765
8.3203,70.234,0.1845
8.3203,70.2994,0.1817
8.3203,70.4304,0.1992
8.3203,76.7812,20.9793
8.3203,76.9122,30.7143
8.3203,76.9776,5.9169
8.3203,77.0431,5.0149
8.3203,78.0252,4.163
8.3203,78.0907,6.9057
8.3203,78.1562,14.0663
8.3203,78.2216,8.738
8.3203,78.2871,15.3735
8.3203,78.3526,3.452
8.3203,78.418,3.756
8.3203,78.4835,3.4383
8.3203,78.549,4.2013
8.3203,78.6145,3.0043
8.3203,78.6799,1.7967
8.3203,78.7454,1.7748
8.3203,78.8109,1.7385
8.3203,78.8763,2.1774
8.3203,78.9418,1.6863
8.3203,79.0073,1.7652
8.3203,79.0728,1.7959
8.3203,79.1382,1.2798
8.3203,79.2037,0.9249
8.3203,79.2692,0.7572
8.3203,79.3347,0.7257
8.3203,79.4001,0.7017
8.3203,79.4656,0.7356
8.3203,79.5311,0.5891
8.3203,79.5965,0.7231
8.3203,79.662,4.9166
8.3203,79.7275,36.1561
8.2548,66.3056,0.1738
8.2548,66.3711,0.174
8.2548,66.4366,0.1703
8.2548,66.502,0.1669
8.2548,66.5675,0.1636
8.2548,66.633,0.1576
8.2548,66.7639,0.1911
8.2548,67.746,0.2064
8.2548,68.0079,0.2347
8.2548,68.0734,0.1938
8.2548,68.1388,0.1995
8.2548,68.2698,0.2207
8.2548,68.3353,0.2125
8.2548,68.4007,0.1674
8.2548,68.4662,0.1756
8.2548,68.5317,0.235
8.2548,68.5972,0.1659
8.2548,68.6626,0.1755
8.2548,68.7281,0.1661
8.2548,68.7936,0.1531
8.2548,68.859,0.1527
8.2548,68.9245,0.1544
8.2548,68.99,0.1551
8.2548,69.0555,0.161
8.2548,69.1209,0.1643
8.2548,69.1864,0.2359
8.2548,69.2519,0.1588
8.2548,69.3174,0.1526
8.2548,69.3828,0.214
8.2548,69.4483,0.1608
8.2548,69.5138,0.1651
8.2548,69.5792,0.166
8.2548,69.6447,0.18
8.2548,69.7102,0.1553
8.2548,69.7757,0.2099
8.2548,69.8411,0.1908
8.2548,69.9066,0.1698
8.2548,69.9721,0.1744
8.2548,70.0376,0.1661
8.2548,70.103,0.1761
8.2548,70.1685,0.1722
8.2548,70.234,0.1783
8.2548,70.3649,0.1759
8.2548,70.4304,0.1788
8.2548,76.7158,13.155
8.2548,76.7812,22.3781
8.2548,77.0431,2.3524
8.2548,77.1086,2.2603
8.2548,77.8943,34.8591
8.2548,77.9597,8.1077
8.2548,78.0252,8.4443
8.2548,78.0907,3.5216
8.2548,78.1562,3.7802
8.2548,78.2216,2.3815
8.2548,78.2871,3.6718
8.2548,78.3526,4.6196
8.2548,78.418,1.7493
8.2548,78.4835,4.9412
8.2548,78.549,5.5665
8.2548,78.6145,4.3937
8.2548,78.6799,2.0357
8.2548,78.7454,1.6693
8.2548,78.8109,1.5157
8.2548,78.8763,1.9326
8.2548,78.9418,2.3511
8.2548,79.0073,1.8705
8.2548,79.0728,1.444
8.2548,79.1382,1.3738
8.2548,79.2037,1.0563
8.2548,79.2692,0.7678
8.2548,79.3347,0.7062
8.2548,79.4001,0.7328
8.2548,79.4656,0.6615
8.2548,79.5311,0.6382
8.2548,79.5965,0.8304
8.2548,79.662,22.5209
8.1894,66.3056,0.1777
8.1894,66.3711,0.1758
8.1894,66.4366,0.2049
8.1894,66.502,0.1959
8.1894,66.5675,0.1743
8.1894,66.633,0.198
8.1894,67.6151,0.1902
8.1894,67.6805,0.1808
8.1894,67.746,0.1773
8.1894,67.8115,0.1693
8.1894,68.0079,0.204
8.1894,68.0734,0.1779
8.1894,68.1388,0.1885
8.1894,68.2698,0.2306
8.1894,68.4007,0.1729
8.1894,68.4662,0.1728
8.1894,68.6626,0.1625
8.1894,68.7281,0.1529
8.1894,68.7936,0.1483
8.1894,68.859,0.1492
8.1894,68.9245,0.1546
8.1894,68.99,0.1476
8.1894,69.0555,0.164
8.1894,69.1209,0.2172
8.1894,69.1864,0.1588
8.1894,69.2519,0.1459
8.1894,69.3174,0.1535
8.1894,69.3828,0.1552
8.1894,69.4483,0.1553
8.1894,69.5138,0.1934
8.1894,69.5792,0.1715
8.1894,69.6447,0.1709
8.1894,69.7102,0.2005
8.1894,69.7757,0.17
8.1894,69.8411,0.1629
8.1894,69.9066,0.1608
8.1894,69.9721,0.1664
8.1894,70.0376,0.1787
8.1894,70.103,0.165
8.1894,70.1685,0.1943
8.1894,70.234,0.1737
8.1894,70.2994,0.188
8.1894,70.4304,0.1856
8.1894,76.7158,14.0592
8.1894,76.7812,53.9145
8.1894,77.0431,36.909
8.1894,77.1086,5.0283
8.1894,77.1741,27.1983
8.1894,77.8288,14.7504
8.1894,77.8943,10.8435
8.1894,77.9597,7.5012
8.1894,78.0252,10.0959
8.1894,78.0907,3.1988
8.1894,78.1562,3.9127
8.1894,78.2216,15.4214
8.1894,78.2871,3.4624
8.1894,78.3526,2.4872
8.1894,78.418,2.4188
8.1894,78.4835,5.6301
8.1894,78.549,9.1133
8.1894,78.6145,6.0258
8.1894,78.6799,2.9637
8.1894,78.7454,2.0668
8.1894,78.8109,2.4639
8.1894,78.8763,2.933
8.1894,78.9418,1.7815
8.1894,79.0073,1.6364
8.1894,79.0728,0.9672
8.1894,79.1382,0.9635
8.1894,79.2037,0.7372
8.1894,79.2692,0.7501
8.1894,79.3347,0.6454
8.1894,79.4001,0.5769
8.1894,79.4656,0.5799
8.1894,79.5311,0.8495
8.1894,79.5965,0.9357
8.1894,79.662,30.7104
8.1239,66.2401,0.4753
8.1239,66.3056,0.1595
8.1239,66.3711,0.1938
8.1239,66.4366,0.1785
8.1239,67.5496,0.2056
8.1239,67.8115,0.1828
8.1239,68.0079,0.1902
8.1239,68.1388,0.2508
8.1239,68.2043,0.1953
8.1239,68.2698,0.1992
8.1239,68.3353,0.3133
8.1239,68.4007,0.1763
8.1239,68.5317,0.2164
8.1239,68.6626,0.1625
8.1239,68.7281,0.1579
8.1239,68.7936,0.1458
8.1239,68.859,0.1496
8.1239,68.9245,0.1556
8.1239,68.99,0.164
8.1239,69.0555,0.1715
8.1239,69.1209,0.1124
8.1239,69.1864,0.1624
8.1239,69.2519,0.2703
8.1239,69.3174,0.1545
8.1239,69.3828,0.1593
8.1239,69.4483,0.1623
8.1239,69.5138,0.1892
8.1239,69.6447,0.3267
8.1239,69.7102,0.1742
8.1239,69.7757,0.2002
8.1239,69.8411,0.1857
8.1239,69.9066,0.1504
8.1239,69.9721,0.1683
8.1239,70.0376,0.1521
8.1239,70.103,0.1638
8.1239,70.1685,0.1732
8.1239,70.234,0.1821
8.1239,70.2994,0.1936
8.1239,70.4304,0.1783
8.1239,76.7158,30.4475
8.1239,77.1086,77.1531
8.1239,77.1741,24.6548
8.1239,77.6324,43.8535
8.1239,77.9597,14.7557
8.1239,78.0252,5.8113
8.1239,78.0907,6.6557
8.1239,78.1562,36.8824
8.1239,78.2216,3.6723
8.1239,78.2871,3.6241
8.1239,78.3526,3.6188
8.1239,78.418,3.3465
8.1239,78.4835,5.0389
8.1239,78.549,5.3724
8.1239,78.6145,6.6627
8.1239,78.6799,2.0086
8.1239,78.7454,1.6298
8.1239,78.8109,2.8374
8.1239,78.8763,2.0268
8.1239,78.9418,1.7405
8.1239,79.0073,1.5771
8.1239,79.0728,1.0948
8.1239,79.1382,0.7418
8.1239,79.2037,0.7211
8.1239,79.2692,0.8483
8.1239,79.3347,0.6563
8.1239,79.4001,0.595
8.1239,79.4656,0.5924
8.1239,79.5311,0.7277
8.1239,79.5965,1.0696
8.1239,79.662,24.2053
8.0584,66.2401,0.3279
8.0584,66.3056,0.1588
8.0584,66.3711,0.1791
8.0584,66.4366,0.1813
8.0584,66.502,0.1814
8.0584,66.5675,0.174
8.0584,66.633,0.1679
8.0584,66.6985,0.1737
8.0584,67.746,0.1936
8.0584,67.8115,0.2841
8.0584,67.9424,0.1926
8.0584,68.0079,0.2105
8.0584,68.0734,0.1696
8.0584,68.2043,0.184
8.0584,68.2698,0.185
8.0584,68.3353,0.1733
8.0584,68.4007,0.1549
8.0584,68.4662,0.1676
8.0584,68.5972,0.1861
8.0584,68.6626,0.1929
8.0584,68.7281,0.1587
8.0584,68.859,0.1622
8.0584,68.99,0.1699
8.0584,69.0555,0.1674
8.0584,69.1209,0.1793
8.0584,69.1864,0.1658
8.0584,69.2519,0.1568
8.0584,69.3174,0.149
8.0584,69.3828,0.1538
8.0584,69.4483,0.1705
8.0584,69.5138,0.2821
8.0584,69.5792,0.1536
8.0584,69.6447,0.183
8.0584,69.7102,0.1909
8.0584,69.7757,0.1684
8.0584,69.8411,0.143
8.0584,69.9066,0.1569
8.0584,69.9721,0.1692
8.0584,70.0376,0.154
8.0584,70.103,0.1636
8.0584,70.1685,0.1623
8.0584,70.234,0.1842
8.0584,70.2994,0.1788
8.0584,70.3649,0.1699
8.0584,70.4304,0.1946
8.0584,76.6503,35.6443
8.0584,76.7158,38.7078
8.0584,77.1086,20.0763
8.0584,77.1741,27.1279
8.0584,77.2395,24.4475
8.0584,77.305,16.4664
8.0584,77.436,6.3189
8.0584,77.5014,11.6141
8.0584,77.5669,12.1049
8.0584,77.6324,40.5257
8.0584,78.0907,17.4915
8.0584,78.2216,6.1505
8.0584,78.2871,6.8633
8.0584,78.3526,4.8262
8.0584,78.418,6.251
8.0584,78.4835,3.153
8.0584,78.549,4.1632
8.0584,78.6145,4.4474
8.0584,78.6799,1.9737
8.0584,78.7454,2.0256
8.0584,78.8109,1.5487
8.0584,78.8763,1.675
8.0584,78.9418,1.6039
8.0584,79.0073,1.3204
8.0584,79.0728,1.1177
8.0584,79.1382,0.7043
8.0584,79.2037,0.7294
8.0584,79.2692,0.659
8.0584,79.3347,0.6467
8.0584,79.4001,0.783
8.0584,79.4656,0.7071
8.0584,79.5311,0.8306
8.0584,79.5965,1.1513
8.0584,79.662,18.3385
7.9929,66.2401,0.1796
7.9929,66.3056,0.1722
7.9929,66.3711,0.1726
7.9929,66.4366,0.1802
7.9929,66.502,0.1722
7.9929,66.5675,0.1696
7.9929,66.633,0.1668
7.9929,66.6985,0.1655
7.9929,66.7639,0.1595
7.9929,67.746,0.2222
7.9929,67.877,0.2117
7.9929,67.9424,0.1735
7.9929,68.0079,0.1762
7.9929,68.0734,0.1443
7.9929,68.1388,0.1978
7.9929,68.2698,0.1867
7.9929,68.3353,0.1769
7.9929,68.4662,0.3136
7.9929,68.5317,0.0717
7.9929,68.5972,0.1762
7.9929,68.6626,0.2361
7.9929,68.7281,0.2284
7.9929,68.7936,0.2556
7.9929,68.859,0.1871
7.9929,68.9245,0.2284
7.9929,68.99,0.172
7.9929,69.0555,0.1873
7.9929,69.1209,0.1724
7.9929,69.1864,0.1418
7.9929,69.2519,0.1523
7.9929,69.3174,0.143
7.9929,69.3828,0.1541
7.9929,69.4483,0.1584
7.9929,69.5138,0.2505
7.9929,69.5792,0.1676
7.9929,69.6447,0.1663
7.9929,69.7102,0.1768
7.9929,69.7757,0.3304
7.9929,69.8411,0.195
7.9929,69.9066,0.1586
7.9929,69.9721,0.1553
7.9929,70.0376,0.1612
7.9929,70.103,0.1774
7.9929,70.1685,0.1746
7.9929,70.234,0.1937
7.9929,70.2994,0.1979
7.9929,70.3649,0.1922
7.9929,70.4304,0.2085
7.9929,76.5848,18.0614
7.9929,76.6503,5.9501
7.9929,76.7158,6.3695
7.9929,76.7812,12.6591
7.9929,76.8467,2.2336
7.9929,76.9122,2.656
7.9929,76.9776,1.7744
7.9929,77.0431,21.5291
7.9929,77.1086,17.9598
7.9929,77.1741,73.8307
7.9929,77.305,68.0178
7.9929,77.3705,60.227
7.9929,77.436,18.2863
7.9929,77.5014,31.95
7.9929,77.5669,41.8396
7.9929,77.6978,54.5529
7.9929,77.8288,41.0931
7.9929,77.8943,27.9689
7.9929,77.9597,34.2429
7.9929,78.0252,6.9994
7.9929,78.0907,5.933
7.9929,78.1562,22.3475
7.9929,78.2216,6.6121
7.9929,78.2871,11.9231
7.9929,78.3526,2.2116
7.9929,78.418,4.4041
7.9929,78.4835,3.2625
7.9929,78.549,3.2349
7.9929,78.6145,2.6046
7.9929,78.6799,1.6159
7.9929,78.7454,1.6472
7.9929,78.8109,1.5544
7.9929,78.8763,1.7726
7.9929,78.9418,1.6853
7.9929,79.0073,1.0236
7.9929,79.0728,0.9934
7.9929,79.1382,0.7809
7.9929,79.2037,0.6891
7.9929,79.2692,0.736
7.9929,79.3347,0.6904
7.9929,79.4001,0.7417
7.9929,79.4656,0.7465
7.9929,79.5311,1.149
7.9929,79.5965,1.3406
7.9275,66.2401,0.1641
7.9275,66.3056,0.1606
7.9275,66.3711,0.1692
7.9275,66.4366,0.4141
7.9275,66.502,0.1676
7.9275,66.5675,0.1645
7.9275,66.633,0.1671
7.9275,66.6985,0.1774
7.9275,66.7639,0.1663
7.9275,66.8949,0.162
7.9275,66.9603,0.0605
7.9275,67.0913,0.1587
7.9275,67.1568,0.1824
7.9275,67.2222,0.1865
7.9275,67.2877,0.1652
7.9275,67.6805,0.0151
7.9275,67.746,0.1911
7.9275,67.8115,0.1943
7.9275,67.877,0.1715
7.9275,67.9424,0.1676
7.9275,68.0079,0.1758
7.9275,68.0734,0.1816
7.9275,68.2698,0.1513
7.9275,68.3353,0.1668
7.9275,68.4007,0.2196
7.9275,68.4662,0.1795
7.9275,68.5317,0.1447
7.9275,68.6626,0.1443
7.9275,68.7936,0.1882
7.9275,68.859,0.1862
7.9275,68.9245,0.132
7.9275,68.99,0.1619
7.9275,69.0555,0.1936
7.9275,69.1209,0.162
7.9275,69.1864,0.162
7.9275,69.2519,0.1391
7.9275,69.3174,0.1587
7.9275,69.3828,0.1602
7.9275,69.4483,0.1649
7.9275,69.5138,0.16
7.9275,69.5792,0.1693
7.9275,69.6447,0.2208
7.9275,69.7102,0.1677
7.9275,69.8411,0.1739
7.9275,69.9721,0.1681
7.9275,70.0376,0.1733
7.9275,70.103,0.2083
7.9275,70.1685,0.213
7.9275,70.234,0.1578
7.9275,70.2994,0.3437
7.9275,70.3649,0.2072
7.9275,70.4304,0.3062
7.9275,76.5848,1.3136
7.9275,76.6503,1.1393
7.9275,76.7158,1.2827
7.9275,76.7812,1.3409
7.9275,76.8467,1.4052
7.9275,76.9122,1.5237
7.9275,76.9776,1.0639
7.9275,77.0431,1.19
7.9275,77.1086,6.7817
7.9275,77.1741,8.9335
7.9275,77.2395,14.2725
7.9275,77.305,2.6708
7.9275,77.3705,3.1401
7.9275,77.436,6.636
7.9275,77.5014,3.2341
7.9275,77.5669,1.9957
7.9275,77.6324,1.2356
7.9275,77.6978,1.1092
7.9275,77.7633,1.3734
7.9275,77.8288,1.3
7.9275,77.8943,1.4425
7.9275,77.9597,1.3323
7.9275,78.0252,1.4709
7.9275,78.0907,1.4129
7.9275,78.1562,3.8505
7.9275,78.2216,6.6935
7.9275,78.2871,7.0738
7.9275,78.3526,1.6092
7.9275,78.418,4.806
7.9275,78.4835,3.8176
7.9275,78.549,4.6159
7.9275,78.6145,2.1728
7.9275,78.6799,2.7212
7.9275,78.7454,1.778
7.9275,78.8109,1.8842
7.9275,78.8763,1.9261
7.9275,78.9418,1.9615
7.9275,79.0073,1.2635
7.9275,79.0728,1.477
7.9275,79.1382,0.9387
7.9275,79.2037,0.8074
7.9275,79.2692,1.4433
7.9275,79.3347,0.7985
7.9275,79.4001,0.905
7.9275,79.4656,0.797
7.9275,79.5311,1.0506
7.9275,79.7275,35.098
7.862,66.1747,0.2682
7.862,66.2401,0.1525
7.862,66.3056,0.1668
7.862,66.3711,0.178
7.862,66.4366,0.1699
7.862,66.502,0.1672
7.862,66.5675,0.1665
7.862,66.633,0.17
7.862,66.6985,0.1414
7.862,66.8294,0.3557
7.862,67.0258,0.1593
7.862,67.0913,0.1742
7.862,67.1568,0.2304
7.862,67.2222,0.1462
7.862,67.2877,0.1789
7.862,67.5496,0.237
7.862,67.6151,0.1872
7.862,67.6805,0.1769
7.862,67.746,0.1838
7.862,67.8115,0.1831
7.862,67.877,0.1669
7.862,67.9424,0.1659
7.862,68.0079,0.1714
7.862,68.1388,0.1892
7.862,68.2043,0.1877
7.862,68.2698,0.1738
7.862,68.3353,0.1536
7.862,68.4662,0.1732
7.862,68.5317,0.1568
7.862,68.5972,0.1272
7.862,68.6626,0.1968
7.862,68.7936,0.1883
7.862,68.859,0.1658
7.862,68.9245,0.1908
7.862,68.99,0.1866
7.862,69.0555,0.1446
7.862,69.1209,0.1627
7.862,69.1864,0.1691
7.862,69.2519,0.1422
7.862,69.3174,0.151
7.862,69.3828,0.1653
7.862,69.4483,0.1671
7.862,69.5138,0.2173
7.862,69.5792,0.1647
7.862,69.6447,0.164
7.862,69.7102,0.1863
7.862,69.7757,0.1898
7.862,69.8411,0.1723
7.862,69.9066,0.1857
7.862,69.9721,0.172
7.862,70.0376,0.1542
7.862,70.103,0.2706
7.862,70.1685,0.257
7.862,70.234,0.1944
7.862,70.2994,0.1653
7.862,70.3649,0.1949
7.862,76.6503,0.9424
7.862,76.7158,1.0264
7.862,76.7812,0.9277
7.862,76.8467,1.0408
7.862,76.9122,1.009
7.862,76.9776,0.7996
7.862,77.0431,0.7586
7.862,77.1086,0.8359
7.862,77.1741,1.278
7.862,77.2395,1.447
7.862,77.305,1.3332
7.862,77.3705,1.2986
7.862,77.436,1.2712
7.862,77.5014,1.1382
7.862,77.5669,1.2968
7.862,77.6324,1.4978
7.862,77.6978,1.6525
7.862,77.7633,1.5354
7.862,77.8288,3.0175
7.862,77.8943,2.2371
7.862,77.9597,2.6943
7.862,78.0252,3.8821
7.862,78.0907,4.2579
7.862,78.1562,1.8173
7.862,78.2216,14.2697
7.862,78.2871,24.2431
7.862,78.3526,21.9112
7.862,78.418,4.2464
7.862,78.4835,3.9332
7.862,78.549,5.9445
7.862,78.6145,2.1114
7.862,78.6799,2.3685
7.862,78.7454,2.0001
7.862,78.8109,1.8939
7.862,78.8763,2.3146
7.862,78.9418,1.7504
7.862,79.0073,1.6115
7.862,79.0728,1.3219
7.862,79.1382,1.764
7.862,79.2037,1.0628
7.862,79.2692,0.9059
7.862,79.3347,0.8674
7.862,79.4001,0.6337
7.862,79.4656,1.5925
7.862,79.5311,0.7277
7.862,79.5965,1.1999
7.862,79.662,34.8057
7.7965,66.1747,0.4448
7.7965,66.2401,0.1503
7.7965,66.3056,0.1636
7.7965,66.3711,0.1796
7.7965,66.4366,0.1696
7.7965,66.502,0.1697
7.7965,66.5675,0.2017
7.7965,66.9603,0.2077
7.7965,67.0258,0.1795
7.7965,67.0913,0.1384
7.7965,67.1568,0.1706
7.7965,67.2222,0.1606
7.7965,67.3532,0.1625
7.7965,67.5496,0.24
7.7965,67.6151,0.1826
7.7965,67.6805,0.1913
7.7965,67.746,0.1833
7.7965,67.8115,0.1502
7.7965,67.877,0.1625
7.7965,67.9424,0.164
7.7965,68.0079,0.1677
7.7965,68.1388,0.1881
7.7965,68.2043,0.0957
7.7965,68.2698,0.1754
7.7965,68.3353,0.2668
7.7965,68.4007,0.1327
7.7965,68.4662,0.1583
7.7965,68.5972,0.2537
7.7965,68.6626,0.1725
7.7965,68.7936,0.1174
7.7965,68.859,0.1773
7.7965,68.9245,0.1661
7.7965,68.99,0.1424
7.7965,69.0555,0.1484
7.7965,69.1209,0.1507
7.7965,69.1864,0.1517
7.7965,69.2519,0.1472
7.7965,69.3174,0.1521
7.7965,69.3828,0.1754
7.7965,69.4483,0.1706
7.7965,69.5138,0.3092
7.7965,69.5792,0.1673
7.7965,69.6447,0.1717
7.7965,69.7102,0.1742
7.7965,69.7757,0.2361
7.7965,69.8411,0.2073
7.7965,69.9066,0.2232
7.7965,69.9721,0.184
7.7965,70.0376,0.3731
7.7965,70.103,0.1899
7.7965,70.1685,0.1805
7.7965,70.234,0.2485
7.7965,70.2994,0.2934
7.7965,70.3649,0.1976
7.7965,70.4304,0.1187
7.7965,76.5193,0.8006
7.7965,76.6503,1.3711
7.7965,76.7158,0.805
7.7965,76.7812,0.8973
7.7965,76.9122,0.8626
7.7965,76.9776,1.3637
7.7965,77.0431,0.7649
7.7965,77.1086,0.673
7.7965,77.1741,0.7973
7.7965,77.2395,0.9051
7.7965,77.305,1.1148
7.7965,77.3705,1.216
7.7965,77.436,1.5797
7.7965,77.5014,1.462
7.7965,77.5669,1.4924
7.7965,77.6324,2.1359
7.7965,77.6978,2.6739
7.7965,77.7633,2.3908
7.7965,77.8288,2.7947
7.7965,77.8943,1.4467
7.7965,77.9597,1.5604
7.7965,78.0252,1.5402
7.7965,78.0907,2.4657
7.7965,78.1562,2.0879
7.7965,78.2216,3.1669
7.7965,78.2871,10.2198
7.7965,78.3526,21.0329
7.7965,78.418,2.3757
7.7965,78.4835,9.533
7.7965,78.549,5.2374
7.7965,78.6145,2.7319
7.7965,78.6799,2.5371
7.7965,78.7454,2.3342
7.7965,78.8109,2.3426
7.7965,78.8763,2.5282
7.7965,78.9418,1.5253
7.7965,79.0073,1.1913
7.7965,79.0728,1.6801
7.7965,79.1382,1.6708
7.7965,79.2037,1.5417
7.7965,79.2692,0.9183
7.7965,79.3347,0.8639
7.7965,79.4001,0.9068
7.7965,79.4656,0.6322
7.7965,79.5311,0.9717
7.7965,79.5965,0.8912
7.7965,79.662,37.5677
7.7965,79.7275,24.2352
7.731,66.1747,0.2922
7.731,66.2401,0.1462
7.731,66.3056,0.1779
7.731,66.3711,0.17
7.731,66.4366,0.1614
7.731,66.502,0.1564
7.731,66.8949,0.19
7.731,66.9603,0.1828
7.731,67.0258,0.1656
7.731,67.0913,0.1533
7.731,67.1568,0.1551
7.731,67.2222,0.1664
7.731,67.3532,0.1817
7.731,67.4187,0.1701
7.731,67.4841,0.1875
7.731,67.5496,0.1885
7.731,67.6151,0.1843
7.731,67.6805,0.1841
7.731,67.746,0.1721
7.731,67.8115,0.1911
7.731,67.877,0.1636
7.731,67.9424,0.1622
7.731,68.0079,0.1855
7.731,68.0734,0.167
7.731,68.1388,0.1659
7.731,68.2043,0.1739
7.731,68.2698,0.1819
7.731,68.3353,0.1771
7.731,68.4007,0.1541
7.731,68.5317,0.1703
7.731,68.5972,0.204
7.731,68.6626,0.1706
7.731,68.7936,0.1585
7.731,68.859,0.1492
7.731,68.9245,0.1491
7.731,68.99,0.1343
7.731,69.0555,0.1369
7.731,69.1209,0.1558
7.731,69.1864,0.1503
7.731,69.2519,0.1481
7.731,69.3174,0.1495
7.731,69.3828,0.1592
7.731,69.4483,0.1784
7.731,69.5138,0.1767
7.731,69.5792,0.1854
7.731,69.6447,0.1448
7.731,69.7102,0.1811
7.731,69.7757,0.1813
7.731,69.8411,0.1864
7.731,69.9066,0.1804
7.731,69.9721,0.2258
7.731,70.0376,0.1803
7.731,70.103,0.1978
7.731,70.1685,0.201
7.731,70.2994,0.2687
7.731,70.3649,0.1998
7.731,70.4304,0.2822
7.731,76.4539,0.8045
7.731,76.5193,0.774
7.731,76.5848,1.5318
7.731,76.8467,0.9024
7.731,76.9122,0.9219
7.731,76.9776,0.805
7.731,77.0431,2.505
7.731,77.1086,0.5997
7.731,77.1741,0.7415
7.731,77.2395,0.8952
7.731,77.305,0.7781
7.731,77.3705,1.0988
7.731,77.436,1.0284
7.731,77.5014,1.006
7.731,77.5669,1.5704
7.731,77.6324,2.2746
7.731,77.6978,1.8516
7.731,77.7633,2.198
7.731,77.8288,2.2412
7.731,77.8943,1.5069
7.731,77.9597,1.4345
7.731,78.0252,1.5174
7.731,78.0907,1.1443
7.731,78.1562,1.724
7.731,78.2216,1.9627
7.731,78.2871,2.2647
7.731,78.3526,9.9192
7.731,78.418,2.3891
7.731,78.4835,6.3944
7.731,78.549,13.2958
7.731,78.6145,4.1008
7.731,78.6799,2.3929
7.731,78.7454,2.979
7.731,78.8109,3.1518
7.731,78.8763,2.7893
7.731,78.9418,1.17
7.731,79.0073,1.4665
7.731,79.0728,1.0591
7.731,79.1382,2.256
7.731,79.2037,1.6676
7.731,79.2692,1.0008
7.731,79.3347,0.8447
7.731,79.4001,0.7619
7.731,79.5311,1.6399
7.731,79.5965,0.8193
7.731,79.662,63.6931
7.731,79.7275,8.4781
7.6656,66.1747,0.1592
7.6656,66.2401,0.1744
7.6656,66.3056,0.1701
7.6656,66.3711,0.1821
7.6656,66.4366,0.1743
7.6656,66.6985,0.1807
7.6656,66.7639,0.1827
7.6656,66.8294,0.1815
7.6656,66.8949,0.1857
7.6656,66.9603,0.1724
7.6656,67.0258,0.1689
7.6656,67.0913,0.1619
7.6656,67.1568,0.1766
7.6656,67.2222,0.1576
7.6656,67.4187,0.2018
7.6656,67.4841,0.1919
7.6656,67.5496,0.1832
7.6656,67.6151,0.1791
7.6656,67.6805,0.1871
7.6656,67.746,0.1723
7.6656,67.877,0.1618
7.6656,67.9424,0.1978
7.6656,68.0079,0.1895
7.6656,68.0734,0.1685
7.6656,68.1388,0.1753
7.6656,68.2043,0.1827
7.6656,68.2698,0.166
7.6656,68.3353,0.1203
7.6656,68.4007,0.1551
7.6656,68.4662,0.7207
7.6656,68.5317,0.1892
7.6656,68.5972,0.2319
7.6656,68.6626,0.1471
7.6656,68.7936,0.3033
7.6656,68.859,0.1717
7.6656,68.99,0.1397
7.6656,69.0555,0.1349
7.6656,69.1209,0.1535
7.6656,69.1864,0.1373
7.6656,69.2519,0.1457
7.6656,69.3174,0.1469
7.6656,69.3828,0.1641
7.6656,69.4483,0.1765
7.6656,69.5138,0.1568
7.6656,69.5792,0.1682
7.6656,69.6447,0.1801
7.6656,69.7102,0.1829
7.6656,69.7757,0.1693
7.6656,69.8411,0.0554
7.6656,69.9066,0.176
7.6656,69.9721,0.1955
7.6656,70.0376,0.1785
7.6656,70.103,0.1988
7.6656,70.1685,0.1845
7.6656,70.234,0.1811
7.6656,70.2994,0.1576
7.6656,70.3649,0.1782
7.6656,70.4304,0.1388
7.6656,76.7812,0.693
7.6656,76.8467,0.7554
7.6656,76.9122,0.8713
7.6656,76.9776,0.8391
7.6656,77.0431,0.9058
7.6656,77.1086,1.1178
7.6656,77.1741,0.9032
7.6656,77.2395,0.7411
7.6656,77.305,0.6896
7.6656,77.3705,0.7406
7.6656,77.436,0.8017
7.6656,77.5014,1.0049
7.6656,77.5669,1.1248
7.6656,77.6324,1.1645
7.6656,77.6978,1.4061
7.6656,77.7633,1.9345
7.6656,77.8288,2.6372
7.6656,77.8943,1.5315
7.6656,77.9597,1.3525
7.6656,78.0252,1.5903
7.6656,78.0907,1.1975
7.6656,78.1562,1.1836
7.6656,78.2216,1.6331
7.6656,78.2871,1.4683
7.6656,78.3526,3.1371
7.6656,78.418,2.0944
7.6656,78.4835,2.1169
7.6656,78.549,6.054
7.6656,78.6145,9.3417
7.6656,78.6799,3.6972
7.6656,78.7454,2.0564
7.6656,78.8109,2.3881
7.6656,78.8763,2.5736
7.6656,78.9418,1.5647
7.6656,79.0073,1.704
7.6656,79.0728,1.388
7.6656,79.1382,1.5951
7.6656,79.2037,1.7015
7.6656,79.2692,1.4994
7.6656,79.3347,0.848
7.6656,79.4001,0.7492
7.6656,79.4656,1.2227
7.6656,79.5311,0.7318
7.6656,79.5965,0.6965
7.6656,79.7275,3.7534
7.6001,66.1747,0.1585
7.6001,66.2401,0.1625
7.6001,66.3056,0.1773
7.6001,66.3711,0.1753
7.6001,66.4366,0.1607
7.6001,66.633,0.195
7.6001,66.6985,0.1767
7.6001,66.7639,0.1776
7.6001,66.8294,0.1674
7.6001,66.8949,0.1637
7.6001,66.9603,0.1682
7.6001,67.0258,0.1574
7.6001,67.0913,0.166
7.6001,67.1568,0.1705
7.6001,67.2222,0.1962
7.6001,67.4841,0.2007
7.6001,67.5496,0.1978
7.6001,67.6151,0.1843
7.6001,67.6805,0.1722
7.6001,67.746,0.1798
7.6001,67.8115,0.1715
7.6001,67.877,0.1649
7.6001,67.9424,0.1742
7.6001,68.0734,0.1727
7.6001,68.1388,0.1563
7.6001,68.2043,0.2739
7.6001,68.2698,0.1572
7.6001,68.3353,0.2315
7.6001,68.4007,0.1509
7.6001,68.4662,0.1541
7.6001,68.5317,0.0888
7.6001,68.5972,0.1559
7.6001,68.6626,0.1488
7.6001,68.7281,0.1349
7.6001,68.7936,0.211
7.6001,68.859,0.1705
7.6001,68.9245,0.1457
7.6001,69.0555,0.1966
7.6001,69.1209,0.1478
7.6001,69.1864,0.1443
7.6001,69.2519,0.1566
7.6001,69.3174,0.1577
7.6001,69.3828,0.1712
7.6001,69.4483,0.1792
7.6001,69.5138,0.1846
7.6001,69.5792,0.1759
7.6001,69.6447,0.175
7.6001,69.7102,0.1968
7.6001,69.7757,0.2008
7.6001,69.8411,0.1795
7.6001,69.9066,0.1807
7.6001,69.9721,0.1772
7.6001,70.0376,0.1713
7.6001,70.1685,0.2393
7.6001,70.234,0.1619
7.6001,70.2994,0.1946
7.6001,70.3649,0.1837
7.6001,70.4304,0.2038
7.6001,76.3884,0.7779
7.6001,76.5193,0.7317
7.6001,76.5848,3.8977
7.6001,76.7158,0.7326
7.6001,76.7812,0.7515
7.6001,76.8467,0.7815
7.6001,76.9122,0.7787
7.6001,76.9776,2.0273
7.6001,77.0431,0.8316
7.6001,77.1086,0.7493
7.6001,77.1741,0.6782
7.6001,77.2395,0.9903
7.6001,77.305,0.9995
7.6001,77.3705,0.7917
7.6001,77.436,0.7518
7.6001,77.5014,1.0056
7.6001,77.5669,1.0796
7.6001,77.6324,1.2696
7.6001,77.6978,1.3224
7.6001,77.7633,1.2147
7.6001,77.8288,1.3798
7.6001,77.8943,1.7971
7.6001,77.9597,1.5386
7.6001,78.0252,1.463
7.6001,78.0907,1.1044
7.6001,78.1562,1.1408
7.6001,78.2216,1.174
7.6001,78.2871,1.5519
7.6001,78.3526,1.2822
7.6001,78.418,1.5164
7.6001,78.4835,5.4893
7.6001,78.549,3.6589
7.6001,78.6145,7.0526
7.6001,78.6799,9.535
7.6001,78.7454,5.2841
7.6001,78.8109,2.7562
7.6001,78.8763,1.6985
7.6001,78.9418,1.116
7.6001,79.0073,1.4007
7.6001,79.0728,1.4172
7.6001,79.1382,1.9615
7.6001,79.2037,1.6993
7.6001,79.2692,1.4213
7.6001,79.3347,0.8595
7.6001,79.4001,0.7772
7.6001,79.4656,2.097
7.6001,79.5311,0.6789
7.6001,79.5965,0.814
7.6001,79.662,43.2408
7.6001,79.7275,9.4455
7.5346,66.1092,0.297
7.5346,66.1747,0.1673
7.5346,66.2401,0.1547
7.5346,66.3056,0.1732
7.5346,66.3711,0.1671
7.5346,66.4366,0.1588
7.5346,66.502,0.1709
7.5346,66.5675,0.1824
7.5346,66.633,0.175
7.5346,66.6985,0.1755
7.5346,66.7639,0.1679
7.5346,66.8294,0.1703
7.5346,66.8949,0.1581
7.5346,66.9603,0.1604
7.5346,67.0258,0.1592
7.5346,67.0913,0.1645
7.5346,67.1568,0.1637
7.5346,67.4187,0.187
7.5346,67.4841,0.1814
7.5346,67.5496,0.1762
7.5346,67.6151,0.1772
7.5346,67.6805,0.1791
7.5346,67.746,0.172
7.5346,67.8115,0.1681
7.5346,67.877,0.1724
7.5346,68.0734,0.133
7.5346,68.1388,0.1522
7.5346,68.2043,0.1905
7.5346,68.2698,0.1602
7.5346,68.3353,0.2653
7.5346,68.4007,0.1696
7.5346,68.4662,0.2789
7.5346,68.5317,0.2411
7.5346,68.5972,0.1501
7.5346,68.6626,0.1501
7.5346,68.7281,0.1142
7.5346,68.7936,0.2732
7.5346,68.859,0.1399
7.5346,68.9245,0.1574
7.5346,68.99,0.1453
7.5346,69.0555,0.6285
7.5346,69.1209,0.1493
7.5346,69.1864,0.144
7.5346,69.2519,0.3439
7.5346,69.3174,0.1587
7.5346,69.3828,0.1516
7.5346,69.5138,0.2413
7.5346,69.5792,0.1806
7.5346,69.7102,0.1779
7.5346,69.7757,0.3002
7.5346,69.8411,0.1831
7.5346,69.9066,0.1852
7.5346,69.9721,0.1914
7.5346,70.0376,0.2248
7.5346,70.103,0.2013
7.5346,70.234,0.1643
7.5346,70.2994,0.1792
7.5346,70.3649,0.1793
7.5346,70.4304,0.1846
7.5346,76.3884,0.68
7.5346,76.5193,0.6182
7.5346,76.5848,0.6293
7.5346,76.7158,0.9927
7.5346,76.7812,0.7878
7.5346,76.8467,1.0601
7.5346,76.9122,1.3215
7.5346,77.1086,1.5674
7.5346,77.1741,0.6806
7.5346,77.2395,0.9532
7.5346,77.305,1.3036
7.5346,77.3705,1.1662
7.5346,77.436,1.3592
7.5346,77.5014,1.9616
7.5346,77.5669,0.854
7.5346,77.6324,0.9527
7.5346,77.6978,1.1283
7.5346,77.7633,1.2363
7.5346,77.8288,1.5195
7.5346,77.8943,1.6442
7.5346,77.9597,1.3412
7.5346,78.0252,1.3612
7.5346,78.0907,1.027
7.5346,78.1562,1.0336
7.5346,78.2216,1.1246
7.5346,78.2871,1.4652
7.5346,78.3526,1.6348
7.5346,78.418,1.5855
7.5346,78.4835,3.6206
7.5346,78.549,3.9871
7.5346,78.6145,4.807
7.5346,78.6799,9.0038
7.5346,78.7454,8.8677
7.5346,78.8109,3.8042
7.5346,78.8763,1.7267
7.5346,78.9418,1.3227
7.5346,79.0073,1.1941
7.5346,79.0728,1.2185
7.5346,79.1382,1.7528
7.5346,79.2037,1.7132
7.5346,79.2692,1.4339
7.5346,79.3347,0.9347
7.5346,79.4001,0.7064
7.5346,79.4656,0.6605
7.5346,79.5311,0.766
7.5346,79.5965,1.683
7.5346,79.7275,5.0713
7.4692,66.1092,0.5053
7.4692,66.1747,0.1549
7.4692,66.2401,0.1527
7.4692,66.3056,0.1703
7.4692,66.3711,0.1552
7.4692,66.4366,0.1684
7.4692,66.502,0.179
7.4692,66.5675,0.2748
7.4692,66.633,0.1656
7.4692,66.6985,0.1623
7.4692,66.7639,0.1626
7.4692,66.8294,0.1601
7.4692,66.8949,0.1587
7.4692,66.9603,0.153
7.4692,67.0258,0.157
7.4692,67.0913,0.157
7.4692,67.1568,0.1618
7.4692,67.2222,0.162
7.4692,67.2877,0.1649
7.4692,67.3532,0.1664
7.4692,67.4187,0.1711
7.4692,67.4841,0.1687
7.4692,67.5496,0.1716
7.4692,67.6151,0.1728
7.4692,67.6805,0.1717
7.4692,67.746,0.179
7.4692,67.8115,0.167
7.4692,67.877,0.1763
7.4692,67.9424,0.1726
7.4692,68.0079,0.1659
7.4692,68.0734,0.1678
7.4692,68.1388,0.2669
7.4692,68.2043,0.1483
7.4692,68.4007,0.1616
7.4692,68.4662,0.1752
7.4692,68.5317,0.0919
7.4692,68.5972,0.15
7.4692,68.7281,0.1826
7.4692,68.7936,0.156
7.4692,68.859,0.1432
7.4692,68.9245,0.1892
7.4692,68.99,0.143
7.4692,69.0555,0.147
7.4692,69.1209,0.1645
7.4692,69.1864,0.1486
7.4692,69.2519,0.1635
7.4692,69.3174,0.2112
7.4692,69.3828,0.2498
7.4692,69.4483,0.1432
7.4692,69.5138,0.0879
7.4692,69.5792,0.1878
7.4692,69.6447,0.164
7.4692,69.7102,0.1287
7.4692,69.7757,0.1579
7.4692,69.8411,0.1464
7.4692,69.9066,0.1786
7.4692,69.9721,0.1792
7.4692,70.0376,0.1995
7.4692,70.103,0.1773
7.4692,70.1685,0.1773
7.4692,70.234,0.1744
7.4692,70.2994,0.1723
7.4692,70.3649,0.1918
7.4692,70.4304,0.1795
7.4692,76.2574,0.8218
7.4692,76.3884,0.6942
7.4692,76.4539,0.6775
7.4692,76.6503,0.7403
7.4692,76.7158,0.7003
7.4692,76.7812,0.8582
7.4692,76.8467,0.8314
7.4692,76.9122,0.979
7.4692,76.9776,0.8773
7.4692,77.0431,0.7389
7.4692,77.305,0.4804
7.4692,77.436,0.6924
7.4692,77.5014,0.9799
7.4692,77.5669,1.2941
7.4692,77.6324,1.5942
7.4692,77.6978,1.2852
7.4692,77.7633,1.2338
7.4692,77.8288,1.4873
7.4692,77.8943,1.3404
7.4692,77.9597,1.3012
7.4692,78.0252,1.4352
7.4692,78.0907,1.0923
7.4692,78.1562,1.1848
7.4692,78.2216,1.1968
7.4692,78.2871,1.0255
7.4692,78.3526,1.1862
7.4692,78.418,1.345
7.4692,78.4835,1.2468
7.4692,78.549,3.1424
7.4692,78.6145,6.2722
7.4692,78.6799,4.9714
7.4692,78.7454,6.2055
7.4692,78.8109,3.1812
7.4692,78.8763,1.1331
7.4692,78.9418,1.4934
7.4692,79.0073,1.1121
7.4692,79.0728,1.1371
7.4692,79.1382,1.7965
7.4692,79.2037,2.3378
7.4692,79.2692,2.0401
7.4692,79.3347,1.5949
7.4692,79.4001,0.8972
7.4692,79.4656,0.7061
7.4692,79.5311,0.7506
7.4692,79.5965,0.8463
7.4692,79.662,69.1816
7.4692,79.7275,6.3296
7.4037,66.1092,0.2053
7.4037,66.1747,0.1599
7.4037,66.2401,0.1557
7.4037,66.3056,0.1664
7.4037,66.3711,0.1619
7.4037,66.4366,0.1637
7.4037,66.5675,0.1921
7.4037,66.633,0.1721
7.4037,66.6985,0.1654
7.4037,66.7639,0.1627
7.4037,66.8294,0.1637
7.4037,66.8949,0.17
7.4037,66.9603,0.1715
7.4037,67.0258,0.1567
7.4037,67.0913,0.1534
7.4037,67.1568,0.1601
7.4037,67.2222,0.1585
7.4037,67.2877,0.1686
7.4037,67.4187,0.1733
7.4037,67.4841,0.162
7.4037,67.5496,0.1693
7.4037,67.6151,0.1735
7.4037,67.6805,0.1809
7.4037,67.746,0.1763
7.4037,67.8115,0.1801
7.4037,67.877,0.1714
7.4037,67.9424,0.1701
7.4037,68.0079,0.1629
7.4037,68.0734,0.2063
7.4037,68.1388,0.2683
7.4037,68.2043,0.1697
7.4037,68.2698,0.1679
7.4037,68.3353,0.1558
7.4037,68.4007,0.1373
7.4037,68.5317,0.1538
7.4037,68.5972,0.1552
7.4037,68.6626,0.1727
7.4037,68.7281,0.0724
7.4037,68.7936,0.1543
7.4037,68.859,0.2802
7.4037,68.9245,0.1367
7.4037,68.99,0.1424
7.4037,69.0555,0.1828
7.4037,69.1209,0.1281
7.4037,69.1864,0.1543
7.4037,69.3174,0.1516
7.4037,69.3828,0.1789
7.4037,69.4483,0.1057
7.4037,69.5138,0.1605
7.4037,69.5792,0.1685
7.4037,69.6447,0.1628
7.4037,69.7102,0.1588
7.4037,69.7757,0.1656
7.4037,69.8411,0.1545
7.4037,69.9066,0.2292
7.4037,69.9721,0.1674
7.4037,70.0376,0.2629
7.4037,70.103,0.2019
7.4037,70.1685,0.1741
7.4037,70.234,0.2891
7.4037,70.2994,0.1866
7.4037,70.3649,0.1719
7.4037,70.4304,0.3507
7.4037,76.2574,1.0479
7.4037,76.3229,0.9306
7.4037,76.3884,0.7807
7.4037,76.4539,0.7393
7.4037,76.6503,0.7738
7.4037,76.7812,0.7629
7.4037,76.8467,0.669
7.4037,76.9122,0.6086
7.4037,77.0431,0.7884
7.4037,77.1086,1.0695
7.4037,77.2395,0.6515
7.4037,77.305,0.6422
7.4037,77.3705,0.8802
7.4037,77.5014,0.5406
7.4037,77.6324,0.6095
7.4037,77.6978,2.268
7.4037,77.7633,0.9217
7.4037,77.8288,1.1643
7.4037,77.8943,1.1349
7.4037,77.9597,1.3469
7.4037,78.0252,1.117
7.4037,78.0907,1.0272
7.4037,78.1562,1.2058
7.4037,78.2216,1.0866
7.4037,78.2871,1.0943
7.4037,78.3526,0.984
7.4037,78.418,1.157
7.4037,78.4835,1.3368
7.4037,78.549,1.739
7.4037,78.6145,4.8699
7.4037,78.6799,15.1929
7.4037,78.7454,3.5762
7.4037,78.8109,4.4019
7.4037,78.8763,1.9191
7.4037,78.9418,1.0684
7.4037,79.0073,1.0644
7.4037,79.0728,1.0185
7.4037,79.1382,1.6042
7.4037,79.2037,2.6962
7.4037,79.2692,2.0775
7.4037,79.3347,1.7341
7.4037,79.4001,0.8987
7.4037,79.4656,0.9156
7.4037,79.5311,0.6469
7.4037,79.5965,0.6755
7.4037,79.662,36.3756
7.4037,79.7275,5.3198
7.3382,66.1092,0.1686
7.3382,66.1747,0.162
7.3382,66.2401,0.1621
7.3382,66.3056,0.171
7.3382,66.3711,0.1656
7.3382,66.4366,0.1587
7.3382,66.502,0.1675
7.3382,66.5675,0.1741
7.3382,66.633,0.1691
7.3382,66.6985,0.17
7.3382,66.7639,0.1605
7.3382,66.8294,0.1571
7.3382,67.0258,0.1707
7.3382,67.0913,0.1568
7.3382,67.1568,0.1597
7.3382,67.2222,0.1547
7.3382,67.3532,0.1892
7.3382,67.4187,0.1648
7.3382,67.4841,0.1689
7.3382,67.5496,0.1795
7.3382,67.6151,0.1659
7.3382,67.6805,0.1655
7.3382,67.746,0.1642
7.3382,67.8115,0.1835
7.3382,67.877,0.1208
7.3382,68.0079,0.18
7.3382,68.1388,0.1869
7.3382,68.2043,0.1761
7.3382,68.2698,0.1711
7.3382,68.3353,0.008
7.3382,68.4007,0.0705
7.3382,68.4662,0.0677
7.3382,68.5317,0.2139
7.3382,68.5972,0.1482
7.3382,68.6626,0.1309
7.3382,68.7281,0.2973
7.3382,68.7936,0.1424
7.3382,68.859,0.1666
7.3382,68.99,0.146
7.3382,69.0555,0.1471
7.3382,69.1209,0.17
7.3382,69.1864,0.1432
7.3382,69.2519,0.1899
7.3382,69.3174,0.1908
7.3382,69.3828,0.2474
7.3382,69.4483,0.1949
7.3382,69.5138,0.1592
7.3382,69.5792,0.1661
7.3382,69.7757,0.1519
7.3382,69.8411,0.1574
7.3382,69.9066,0.1568
7.3382,69.9721,0.1519
7.3382,70.0376,0.1576
7.3382,70.103,0.1741
7.3382,70.1685,0.2009
7.3382,70.234,0.1733
7.3382,70.2994,0.1775
7.3382,70.3649,0.1367
7.3382,70.4304,0.1768
7.3382,76.192,1.1957
7.3382,76.2574,3.5007
7.3382,76.3229,0.9561
7.3382,76.3884,0.8135
7.3382,76.4539,0.6705
7.3382,76.5193,0.7563
7.3382,76.6503,0.9698
7.3382,76.7812,0.927
7.3382,76.8467,0.6971
7.3382,76.9122,0.6138
7.3382,76.9776,0.552
7.3382,77.0431,0.5852
7.3382,77.1086,0.8373
7.3382,77.1741,1.1345
7.3382,77.2395,0.6974
7.3382,77.305,0.7319
7.3382,77.3705,1.0445
7.3382,77.436,0.8028
7.3382,77.6978,0.5377
7.3382,77.7633,0.9738
7.3382,77.8288,1.1114
7.3382,77.8943,1.0363
7.3382,77.9597,1.0866
7.3382,78.0252,1.1359
7.3382,78.0907,1.2392
7.3382,78.1562,1.0577
7.3382,78.2216,1.072
7.3382,78.2871,0.9661
7.3382,78.3526,0.9243
7.3382,78.418,1.0317
7.3382,78.4835,1.2265
7.3382,78.549,6.8
7.3382,78.6145,12.973
7.3382,78.6799,34.2279
7.3382,78.7454,3.484
7.3382,78.8109,4.536
7.3382,78.8763,5.6881
7.3382,78.9418,2.6795
7.3382,79.0073,1.3273
7.3382,79.0728,1.1648
7.3382,79.1382,1.9335
7.3382,79.2037,3.0291
7.3382,79.2692,2.2207
7.3382,79.3347,1.4952
7.3382,79.4001,0.7487
7.3382,79.4656,0.6241
7.3382,79.5311,0.9855
7.3382,79.5965,0.6852
7.3382,79.662,3.5182
7.3382,79.793,69.1326
7.2727,66.1092,0.168
7.2727,66.1747,0.1635
7.2727,66.2401,0.1693
7.2727,66.3056,0.1674
7.2727,66.3711,0.1561
7.2727,66.4366,0.1624
7.2727,66.502,0.1671
7.2727,66.5675,0.1727
7.2727,66.633,0.1738
7.2727,66.6985,0.164
7.2727,66.7639,0.1134
7.2727,66.8294,0.1786
7.2727,66.9603,0.1738
7.2727,67.0258,0.1587
7.2727,67.0913,0.1538
7.2727,67.1568,0.1568
7.2727,67.2222,0.1563
7.2727,67.2877,0.1679
7.2727,67.3532,0.1371
7.2727,67.4187,0.1632
7.2727,67.4841,0.1753
7.2727,67.5496,0.1632
7.2727,67.6151,0.1632
7.2727,67.6805,0.1651
7.2727,67.746,0.1667
7.2727,67.8115,0.1701
7.2727,67.877,0.1788
7.2727,67.9424,0.1754
7.2727,68.0079,0.174
7.2727,68.0734,0.1648
7.2727,68.3353,0.1525
7.2727,68.4662,0.1438
7.2727,68.5317,0.1491
7.2727,68.5972,0.1379
7.2727,68.6626,0.1924
7.2727,68.7281,0.2193
7.2727,68.7936,0.1892
7.2727,68.9245,0.085
7.2727,68.99,0.1644
7.2727,69.0555,0.1685
7.2727,69.1209,0.1548
7.2727,69.1864,0.1445
7.2727,69.2519,0.2114
7.2727,69.3174,0.2709
7.2727,69.3828,0.1624
7.2727,69.4483,0.1627
7.2727,69.5138,0.1989
7.2727,69.5792,0.2144
7.2727,69.6447,0.1261
7.2727,69.7757,0.1548
7.2727,69.8411,0.1493
7.2727,69.9066,0.1514
7.2727,69.9721,0.1573
7.2727,70.0376,0.1494
7.2727,70.103,0.1659
7.2727,70.1685,0.1462
7.2727,70.234,0.1717
7.2727,70.2994,0.1623
7.2727,70.3649,0.1697
7.2727,70.4304,0.1768
7.2727,76.192,0.594
7.2727,76.3229,0.8534
7.2727,76.3884,0.6749
7.2727,76.5193,0.6613
7.2727,76.5848,0.4757
7.2727,76.6503,0.6811
7.2727,76.9122,0.7365
7.2727,76.9776,0.5901
7.2727,77.0431,1.0643
7.2727,77.1086,0.7286
7.2727,77.1741,0.5038
7.2727,77.305,0.6939
7.2727,77.5014,0.4891
7.2727,77.7633,0.5181
7.2727,77.8288,1.2313
7.2727,77.8943,0.9411
7.2727,77.9597,0.9099
7.2727,78.0252,1.0575
7.2727,78.0907,1.1101
7.2727,78.1562,1.5248
7.2727,78.2216,1.1248
7.2727,78.2871,1.0871
7.2727,78.3526,1.1483
7.2727,78.418,0.9744
7.2727,78.4835,1.0194
7.2727,78.549,2.5836
7.2727,78.6145,6.4132
7.2727,78.6799,21.3958
7.2727,78.7454,16.0326
7.2727,78.8109,3.7656
7.2727,78.8763,5.495
7.2727,78.9418,2.8516
7.2727,79.0073,1.5933
7.2727,79.0728,1.8792
7.2727,79.1382,4.0616
7.2727,79.2037,3.4718
7.2727,79.2692,1.8678
7.2727,79.3347,1.8472
7.2727,79.4001,0.7225
7.2727,79.4656,0.6741
7.2727,79.5311,0.6899
7.2727,79.5965,0.9215
7.2073,66.0437,0.5944
7.2073,66.1092,1.0907
7.2073,66.1747,0.1752
7.2073,66.2401,0.1847
7.2073,66.3056,0.1737
7.2073,66.3711,0.1834
7.2073,66.4366,0.1644
7.2073,66.502,0.173
7.2073,66.633,0.2306
7.2073,66.8294,0.2053
7.2073,66.9603,0.1735
7.2073,67.0258,0.1618
7.2073,67.0913,0.1545
7.2073,67.2222,0.158
7.2073,67.2877,0.1562
7.2073,67.3532,0.1891
7.2073,67.4187,0.1843
7.2073,67.4841,0.1622
7.2073,67.5496,0.1674
7.2073,67.6151,0.1653
7.2073,67.6805,0.1684
7.2073,67.746,0.1775
7.2073,67.877,0.1808
7.2073,67.9424,0.1663
7.2073,68.0079,0.1623
7.2073,68.0734,0.1723
7.2073,68.4007,0.0386
7.2073,68.4662,0.1281
7.2073,68.5317,0.1784
7.2073,68.5972,0.1604
7.2073,68.6626,0.2087
7.2073,68.859,0.161
7.2073,68.9245,0.2867
7.2073,68.99,0.2561
7.2073,69.0555,0.1402
7.2073,69.1209,0.1509
7.2073,69.1864,0.1605
7.2073,69.2519,0.1997
7.2073,69.3174,0.1657
7.2073,69.3828,0.2868
7.2073,69.4483,0.158
7.2073,69.5138,0.1598
7.2073,69.5792,0.1657
7.2073,69.6447,0.2353
7.2073,69.7102,0.1461
7.2073,69.7757,0.2771
7.2073,69.8411,0.1469
7.2073,69.9066,0.1413
7.2073,69.9721,0.1585
7.2073,70.0376,0.1405
7.2073,70.103,0.2351
7.2073,70.1685,0.123
7.2073,70.234,0.164
7.2073,70.2994,0.1672
7.2073,70.3649,0.2498
7.2073,70.4304,0.1014
7.2073,76.1265,1.3832
7.2073,76.2574,0.8078
7.2073,76.3229,0.7971
7.2073,76.3884,0.8239
7.2073,76.5193,0.648
7.2073,76.5848,0.5707
7.2073,76.7158,0.6109
7.2073,76.9776,0.6339
7.2073,77.0431,0.4586
7.2073,77.1086,0.6521
7.2073,77.1741,0.6845
7.2073,77.2395,0.6126
7.2073,77.305,0.7851
7.2073,77.3705,0.49
7.2073,77.436,0.4862
7.2073,77.5014,0.6442
7.2073,77.7633,0.6953
7.2073,77.8288,0.5228
7.2073,77.8943,0.974
7.2073,77.9597,0.8647
7.2073,78.0252,1.0064
7.2073,78.0907,0.9761
7.2073,78.1562,1.5723
7.2073,78.2216,1.0388
7.2073,78.2871,1.7217
7.2073,78.3526,1.6973
7.2073,78.418,1.1335
7.2073,78.4835,1.0199
7.2073,78.549,1.2616
7.2073,78.6145,5.9428
7.2073,78.6799,12.3816
7.2073,78.7454,37.1432
7.2073,78.8109,11.3039
7.2073,78.8763,6.7626
7.2073,78.9418,2.3269
7.2073,79.0073,1.7729
7.2073,79.0728,4.5277
7.2073,79.1382,5.38
7.2073,79.2037,4.1876
7.2073,79.2692,2.4278
7.2073,79.3347,1.8009
7.2073,79.4001,0.786
7.2073,79.4656,0.7819
7.2073,79.5311,0.8747
7.2073,79.5965,0.7904
7.2073,79.7275,7.5696
7.1418,66.0437,0.5067
7.1418,66.1092,0.1561
7.1418,66.1747,0.2281
7.1418,66.2401,0.1872
7.1418,66.3056,0.1795
7.1418,66.3711,0.1741
7.1418,66.4366,0.182
7.1418,66.9603,0.1852
7.1418,67.0258,0.1625
7.1418,67.0913,0.2271
7.1418,67.1568,0.1652
7.1418,67.2222,0.1652
7.1418,67.2877,0.1613
7.1418,67.3532,0.2995
7.1418,67.4187,0.1765
7.1418,67.4841,0.1811
7.1418,67.5496,0.1557
7.1418,67.6151,0.1618
7.1418,67.6805,0.1792
7.1418,67.746,0.182
7.1418,68.0079,0.1879
7.1418,68.1388,0.1553
7.1418,68.2698,0.1661
7.1418,68.3353,0.2458
7.1418,68.4662,0.162
7.1418,68.5317,0.1651
7.1418,68.5972,0.3184
7.1418,68.6626,0.2922
7.1418,68.7281,0.1419
7.1418,68.7936,0.1527
7.1418,68.859,0.1213
7.1418,68.9245,0.1466
7.1418,68.99,0.1495
7.1418,69.0555,0.1551
7.1418,69.1209,0.1495
7.1418,69.1864,0.1437
7.1418,69.2519,0.0459
7.1418,69.3174,0.0843
7.1418,69.3828,0.204
7.1418,69.4483,0.1608
7.1418,69.5138,0.1782
7.1418,69.5792,0.0982
7.1418,69.6447,0.1893
7.1418,69.7102,0.1873
7.1418,69.7757,0.1617
7.1418,69.8411,0.1513
7.1418,69.9066,0.153
7.1418,69.9721,0.1542
7.1418,70.0376,0.1567
7.1418,70.103,0.1658
7.1418,70.1685,0.2333
7.1418,70.234,0.1636
7.1418,70.2994,0.1717
7.1418,70.3649,0.168
7.1418,70.4304,0.1291
7.1418,76.061,1.1625
7.1418,76.1265,0.9254
7.1418,76.192,4.5218
7.1418,76.2574,1.0678
7.1418,76.3884,1.8877
7.1418,76.4539,0.6513
7.1418,76.5193,1.0505
7.1418,76.5848,0.7621
7.1418,76.6503,0.6235
7.1418,76.7158,0.52
7.1418,76.7812,0.5989
7.1418,76.8467,0.9427
7.1418,76.9122,0.5052
7.1418,76.9776,0.5335
7.1418,77.0431,0.4561
7.1418,77.1086,0.438
7.1418,77.1741,0.4433
7.1418,77.2395,0.5428
7.1418,77.305,0.5142
7.1418,77.3705,0.4752
7.1418,77.436,0.9691
7.1418,77.7633,1.0118
7.1418,77.8288,0.5406
7.1418,77.8943,0.3486
7.1418,77.9597,0.6996
7.1418,78.0252,0.9238
7.1418,78.0907,0.7759
7.1418,78.1562,1.1176
7.1418,78.2216,1.3084
7.1418,78.2871,1.1488
7.1418,78.3526,1.002
7.1418,78.418,0.7433
7.1418,78.4835,0.8755
7.1418,78.549,0.86
7.1418,78.6145,1.5507
7.1418,78.6799,6.3508
7.1418,78.7454,15.7491
7.1418,78.8109,9.3836
7.1418,78.8763,2.2718
7.1418,78.9418,2.6526
7.1418,79.0073,4.1926
7.1418,79.0728,5.6544
7.1418,79.1382,5.2428
7.1418,79.2037,4.5933
7.1418,79.2692,3.212
7.1418,79.3347,2.0045
7.1418,79.4001,0.8045
7.1418,79.4656,0.9997
7.1418,79.5311,0.8722
7.1418,79.662,1.7038
7.1418,79.7275,2.3034
7.0763,66.0437,0.1908
7.0763,66.1092,0.2632
7.0763,66.1747,0.374
7.0763,66.2401,0.2474
7.0763,66.3056,0.2284
7.0763,66.3711,0.1763
7.0763,67.0258,0.1638
7.0763,67.1568,0.1916
7.0763,67.2222,0.1775
7.0763,67.2877,0.1748
7.0763,67.4187,0.1926
7.0763,67.4841,0.1782
7.0763,67.6151,0.1706
7.0763,67.6805,0.1898
7.0763,68.0079,0.1751
7.0763,68.0734,0.2943
7.0763,68.1388,0.2046
7.0763,68.2698,0.1269
7.0763,68.3353,0.158
7.0763,68.4007,0.1572
7.0763,68.4662,0.173
7.0763,68.5317,0.1577
7.0763,68.5972,0.1179
7.0763,68.6626,0.2245
7.0763,68.7281,0.1361
7.0763,68.7936,0.1818
7.0763,68.859,0.2139
7.0763,68.9245,0.1264
7.0763,68.99,0.2084
7.0763,69.0555,0.1259
7.0763,69.1209,0.1793
7.0763,69.1864,0.1541
7.0763,69.2519,0.1674
7.0763,69.3174,0.1563
7.0763,69.3828,0.1677
7.0763,69.4483,0.1606
7.0763,69.5138,0.1673
7.0763,69.5792,0.1949
7.0763,69.6447,0.1387
7.0763,69.7757,0.1633
7.0763,69.8411,0.1551
7.0763,69.9066,0.1536
7.0763,69.9721,0.1533
7.0763,70.0376,0.1665
7.0763,70.103,0.1565
7.0763,70.234,0.1704
7.0763,70.2994,0.1636
7.0763,70.3649,0.1748
7.0763,70.4304,0.0956
7.0763,76.061,2.7747
7.0763,76.1265,2.7484
7.0763,76.192,2.0862
7.0763,76.2574,0.8935
7.0763,76.3229,0.8769
7.0763,76.4539,1.1555
7.0763,76.5193,0.7096
7.0763,76.5848,0.5693
7.0763,76.6503,0.6405
7.0763,76.7812,0.5452
7.0763,76.8467,0.4988
7.0763,76.9122,0.4433
7.0763,77.0431,0.4151
7.0763,77.1741,0.4658
7.0763,77.305,0.4174
7.0763,77.3705,0.4958
7.0763,77.436,0.4141
7.0763,77.6324,0.529
7.0763,77.7633,0.5974
7.0763,77.8288,0.4838
7.0763,77.9597,0.5825
7.0763,78.0252,0.5768
7.0763,78.0907,1.0604
7.0763,78.1562,0.9536
7.0763,78.2216,0.8235
7.0763,78.2871,0.8511
7.0763,78.3526,0.9754
7.0763,78.418,0.8465
7.0763,78.4835,0.6364
7.0763,78.549,0.8353
7.0763,78.6145,1.0537
7.0763,78.6799,1.4512
7.0763,78.7454,7.702
7.0763,78.8109,3.5291
7.0763,78.8763,3.6856
7.0763,78.9418,7.0466
7.0763,79.0073,4.3142
7.0763,79.0728,2.7614
7.0763,79.1382,1.2995
7.0763,79.2037,2.472
7.0763,79.2692,2.9927
7.0763,79.3347,2.364
7.0763,79.4001,0.9821
7.0763,79.4656,1.068
7.0763,79.5311,0.82
7.0763,79.5965,0.7976
7.0763,79.662,0.8422
7.0763,79.7275,1.5697
7.0763,79.793,19.5136
7.0108,66.1092,0.2541
7.0108,66.1747,0.1904
7.0108,66.3056,0.2231
7.0108,66.3711,0.1823
7.0108,67.0258,0.2072
7.0108,67.0913,0.2585
7.0108,67.1568,0.257
7.0108,67.4187,0.1783
7.0108,67.4841,0.1755
7.0108,67.5496,0.1705
7.0108,67.6151,0.1758
7.0108,67.6805,0.1385
7.0108,67.9424,0.1809
7.0108,68.0079,0.1943
7.0108,68.0734,0.1275
7.0108,68.3353,0.1845
7.0108,68.4007,0.0922
7.0108,68.6626,0.1412
7.0108,68.7281,0.1276
7.0108,68.7936,0.1487
7.0108,68.859,0.137
7.0108,68.9245,0.1412
7.0108,68.99,0.1525
7.0108,69.0555,0.1734
7.0108,69.1209,0.1421
7.0108,69.1864,0.1524
7.0108,69.2519,0.1394
7.0108,69.3828,0.1761
7.0108,69.4483,0.1576
7.0108,69.5138,0.1571
7.0108,69.5792,0.2625
7.0108,69.6447,0.1727
7.0108,69.7102,0.169
7.0108,69.7757,0.2384
7.0108,69.9066,0.1847
7.0108,69.9721,0.1538
7.0108,70.0376,0.1615
7.0108,70.103,0.1497
7.0108,70.234,0.1646
7.0108,70.2994,0.1641
7.0108,70.3649,0.1613
7.0108,70.4304,0.041
7.0108,75.9956,3.1697
7.0108,76.061,2.5671
7.0108,76.1265,2.43
7.0108,76.192,2.1541
7.0108,76.2574,0.8557
7.0108,76.3229,1.2853
7.0108,76.3884,1.2545
7.0108,76.6503,0.4827
7.0108,76.7158,0.4953
7.0108,76.7812,0.5492
7.0108,76.8467,0.7497
7.0108,76.9122,0.5855
7.0108,76.9776,0.6534
7.0108,77.1086,0.4603
7.0108,77.1741,0.9078
7.0108,77.2395,0.5403
7.0108,77.305,0.6124
7.0108,77.3705,0.4154
7.0108,77.436,0.4785
7.0108,77.5014,0.4289
7.0108,77.5669,0.466
7.0108,77.6978,0.4191
7.0108,77.7633,0.4202
7.0108,77.8288,0.3973
7.0108,77.8943,1.0086
7.0108,77.9597,0.4372
7.0108,78.0252,0.5516
7.0108,78.0907,0.5051
7.0108,78.1562,0.7352
7.0108,78.2216,0.8044
7.0108,78.2871,1.1186
7.0108,78.3526,0.8172
7.0108,78.418,0.827
7.0108,78.4835,0.714
7.0108,78.549,0.7774
7.0108,78.6145,0.8294
7.0108,78.6799,0.9892
7.0108,78.7454,0.9783
7.0108,78.8109,1.194
7.0108,78.8763,1.1556
7.0108,78.9418,1.0076
7.0108,79.0073,0.942
7.0108,79.0728,0.8096
7.0108,79.1382,0.8522
7.0108,79.2037,0.9969
7.0108,79.2692,1.0609
7.0108,79.3347,1.7482
7.0108,79.4001,0.9742
7.0108,79.5311,0.9012
7.0108,79.5965,0.834
7.0108,79.662,2.3539
7.0108,79.7275,2.2663
7.0108,79.793,10.6192
6.9454,66.8949,0.2006
6.9454,67.0913,0.2623
6.9454,67.1568,0.1972
6.9454,67.3532,0.1937
6.9454,67.4187,0.1851
6.9454,67.4841,0.1787
6.9454,67.5496,0.256
6.9454,67.6805,0.1833
6.9454,67.877,0.1449
6.9454,67.9424,0.2713
6.9454,68.0079,0.1668
6.9454,68.0734,0.1751
6.9454,68.2043,0.1259
6.9454,68.3353,0.1163
6.9454,68.4007,0.0318
6.9454,68.4662,0.1514
6.9454,68.5317,0.1461
6.9454,68.5972,0.1187
6.9454,68.6626,0.1557
6.9454,68.7281,0.1311
6.9454,68.7936,0.1577
6.9454,68.859,0.2195
6.9454,68.9245,0.7506
6.9454,68.99,0.1949
6.9454,69.0555,0.1414
6.9454,69.1209,0.1729
6.9454,69.1864,0.1313
6.9454,69.3174,0.1516
6.9454,69.3828,0.2028
6.9454,69.4483,0.1554
6.9454,69.5138,0.2139
6.9454,69.6447,0.1474
6.9454,69.7757,0.1599
6.9454,69.8411,0.1142
6.9454,69.9066,0.1411
6.9454,69.9721,0.1569
6.9454,70.0376,0.1636
6.9454,70.103,0.1827
6.9454,70.234,0.1393
6.9454,70.2994,0.1684
6.9454,70.3649,0.1541
6.9454,70.4304,0.1433
6.9454,75.9301,1.8782
6.9454,75.9956,3.2506
6.9454,76.061,2.0637
6.9454,76.1265,1.9738
6.9454,76.2574,1.9029
6.9454,76.3229,0.9996
6.9454,76.3884,0.7253
6.9454,76.4539,0.8724
6.9454,76.5848,0.474
6.9454,76.6503,0.385
6.9454,76.7158,0.4805
6.9454,76.9122,0.4737
6.9454,77.0431,0.5494
6.9454,77.1086,0.5204
6.9454,77.1741,0.5365
6.9454,77.2395,0.4031
6.9454,77.305,0.423
6.9454,77.3705,0.5364
6.9454,77.436,0.4472
6.9454,77.5014,0.4587
6.9454,77.5669,0.4291
6.9454,77.6324,0.402
6.9454,77.6978,1.3398
6.9454,77.7633,0.4313
6.9454,77.8288,0.4534
6.9454,77.8943,0.4327
6.9454,77.9597,0.4175
6.9454,78.0252,0.4259
6.9454,78.0907,0.4805
6.9454,78.1562,0.5193
6.9454,78.2216,0.6925
6.9454,78.2871,0.7749
6.9454,78.3526,0.6279
6.9454,78.418,0.7063
6.9454,78.4835,0.7093
6.9454,78.549,0.6866
6.9454,78.6145,0.7101
6.9454,78.6799,0.8302
6.9454,78.7454,0.7246
6.9454,78.8109,0.618
6.9454,78.8763,0.6206
6.9454,78.9418,0.521
6.9454,79.0073,0.6192
6.9454,79.0728,0.7733
6.9454,79.1382,1.0228
6.9454,79.2037,1.0132
6.9454,79.2692,1.4232
6.9454,79.3347,1.3181
6.9454,79.4001,0.6268
6.9454,79.4656,0.6684
6.9454,79.5311,0.8344
6.9454,79.5965,0.926
6.9454,79.662,2.4705
6.9454,79.7275,1.1233
6.9454,79.793,44.5747
6.8799,66.8949,0.1947
6.8799,67.1568,0.2325
6.8799,67.2222,0.1995
6.8799,67.4187,0.1707
6.8799,67.4841,0.1692
6.8799,67.5496,0.0601
6.8799,67.6151,0.1722
6.8799,67.746,0.2006
6.8799,67.877,0.1776
6.8799,67.9424,0.1463
6.8799,68.0734,0.1783
6.8799,68.1388,0.1727
6.8799,68.2043,0.1519
6.8799,68.2698,0.1414
6.8799,68.3353,0.0985
6.8799,68.4007,0.0905
6.8799,68.4662,0.1685
6.8799,68.5317,0.1473
6.8799,68.5972,0.1509
6.8799,68.6626,0.1488
6.8799,68.7281,0.1679
6.8799,68.7936,0.1592
6.8799,68.859,0.165
6.8799,68.9245,0.1598
6.8799,68.99,0.1501
6.8799,69.1209,0.1337
6.8799,69.3174,0.158
6.8799,69.3828,0.1477
6.8799,69.4483,0.178
6.8799,69.5138,0.2092
6.8799,69.5792,0.2321
6.8799,69.7102,0.1739
6.8799,69.7757,0.1698
6.8799,69.8411,0.2951
6.8799,69.9066,0.1377
6.8799,69.9721,0.1578
6.8799,70.103,0.1855
6.8799,70.1685,0.1478
6.8799,70.234,0.1333
6.8799,70.2994,0.3101
6.8799,70.3649,0.0159
6.8799,70.4304,0.1606
6.8799,75.9301,2.4544
6.8799,75.9956,1.6746
6.8799,76.061,1.611
6.8799,76.192,1.6145
6.8799,76.2574,0.7634
6.8799,76.3229,0.6778
6.8799,76.3884,0.6603
6.8799,76.5848,0.6353
6.8799,76.6503,0.372
6.8799,76.7812,0.367
6.8799,76.9122,0.3549
6.8799,76.9776,0.3824
6.8799,77.0431,0.4289
6.8799,77.1086,0.2108
6.8799,77.1741,0.8878
6.8799,77.305,0.4422
6.8799,77.3705,0.3727
6.8799,77.6978,0.4681
6.8799,77.8288,0.4451
6.8799,77.9597,1.2749
6.8799,78.1562,0.4402
6.8799,78.2216,0.4986
6.8799,78.2871,0.8158
6.8799,78.3526,0.7682
6.8799,78.418,0.7646
6.8799,78.4835,0.7606
6.8799,78.549,0.7058
6.8799,78.6145,0.7133
6.8799,78.6799,0.7129
6.8799,78.7454,0.7478
6.8799,78.8109,0.6443
6.8799,78.8763,0.5069
6.8799,78.9418,0.521
6.8799,79.0073,0.5879
6.8799,79.0728,1.0165
6.8799,79.1382,0.8601
6.8799,79.2037,0.9337
6.8799,79.3347,1.3208
6.8799,79.4656,1.8388
6.8799,79.5965,0.7977
6.8799,79.662,0.7295
6.8799,79.7275,1.7092
6.8799,79.793,1.9263
6.8144,67.3532,0.289
6.8144,67.4187,0.1844
6.8144,67.4841,0.1935
6.8144,67.5496,0.1615
6.8144,67.8115,0.1102
6.8144,67.877,0.1544
6.8144,67.9424,0.1602
6.8144,68.1388,0.1526
6.8144,68.2698,0.1937
6.8144,68.3353,0.1158
6.8144,68.4007,0.1313
6.8144,68.4662,0.1506
6.8144,68.5317,0.1511
6.8144,68.5972,0.1469
6.8144,68.6626,0.303
6.8144,68.7281,0.187
6.8144,68.7936,0.1771
6.8144,68.859,0.1485
6.8144,68.9245,0.1405
6.8144,68.99,0.146
6.8144,69.0555,0.1596
6.8144,69.2519,0.1511
6.8144,69.3174,0.2351
6.8144,69.3828,0.3971
6.8144,69.4483,0.1896
6.8144,69.5138,0.1587
6.8144,69.5792,0.1628
6.8144,69.6447,0.2728
6.8144,69.7102,0.1486
6.8144,69.7757,0.222
6.8144,69.8411,0.1567
6.8144,69.9066,0.1493
6.8144,69.9721,0.2463
6.8144,70.103,0.0046
6.8144,70.1685,0.152
6.8144,70.234,0.1688
6.8144,70.2994,0.172
6.8144,70.3649,0.1931
6.8144,70.4304,0.1472
6.8144,75.8646,2.0102
6.8144,75.9301,2.1727
6.8144,75.9956,1.2768
6.8144,76.061,1.1481
6.8144,76.1265,3.329
6.8144,76.192,1.5236
6.8144,76.2574,0.8324
6.8144,76.3229,0.6995
6.8144,76.3884,0.7389
6.8144,76.4539,0.6266
6.8144,76.5193,0.4125
6.8144,76.5848,0.3591
6.8144,76.6503,0.3532
6.8144,76.7158,0.3363
6.8144,76.7812,0.376
6.8144,76.8467,0.3738
6.8144,76.9776,0.3725
6.8144,77.0431,0.3254
6.8144,77.1086,0.4175
6.8144,77.2395,0.3766
6.8144,77.305,0.3863
6.8144,77.3705,0.5218
6.8144,77.436,0.6436
6.8144,77.6324,0.4264
6.8144,77.6978,0.3175
6.8144,77.7633,0.9552
6.8144,77.8288,0.4456
6.8144,77.8943,0.4801
6.8144,77.9597,0.865
6.8144,78.0252,0.2683
6.8144,78.0907,0.5104
6.8144,78.1562,0.4592
6.8144,78.2216,0.5221
6.8144,78.2871,1.0156
6.8144,78.3526,1.06
6.8144,78.418,0.8997
6.8144,78.4835,0.8766
6.8144,78.549,0.7603
6.8144,78.6145,0.8063
6.8144,78.6799,0.7177
6.8144,78.7454,0.6229
6.8144,78.8109,0.5246
6.8144,78.8763,0.5902
6.8144,78.9418,0.5865
6.8144,79.0073,0.6665
6.8144,79.0728,0.7134
6.8144,79.1382,0.6498
6.8144,79.2037,1.6324
6.8144,79.3347,0.7163
6.8144,79.4656,0.8098
6.8144,79.5311,0.7151
6.8144,79.5965,1.7797
6.8144,79.7275,0.9496
6.8144,79.793,1.7863
6.7489,67.746,0.1669
6.7489,67.8115,0.1661
6.7489,67.877,0.2002
6.7489,67.9424,0.1664
6.7489,68.0079,0.169
6.7489,68.0734,0.1565
6.7489,68.2043,0.1691
6.7489,68.2698,0.1831
6.7489,68.3353,0.1109
6.7489,68.4007,0.142
6.7489,68.4662,0.1631
6.7489,68.5317,0.1665
6.7489,68.5972,0.1494
6.7489,68.6626,0.1421
6.7489,68.7281,0.142
6.7489,68.7936,0.1401
6.7489,68.859,0.1379
6.7489,68.9245,0.1442
6.7489,68.99,0.14
6.7489,69.0555,0.2098
6.7489,69.1209,0.1865
6.7489,69.1864,0.1391
6.7489,69.2519,0.1518
6.7489,69.3174,0.1581
6.7489,69.4483,0.1692
6.7489,69.5138,0.1299
6.7489,69.5792,0.1594
6.7489,69.6447,0.1648
6.7489,69.7102,0.2485
6.7489,69.7757,0.1607
6.7489,69.8411,0.1504
6.7489,69.9066,0.1377
6.7489,69.9721,0.1547
6.7489,70.0376,0.1482
6.7489,70.103,0.1801
6.7489,70.234,0.1827
6.7489,70.2994,0.1309
6.7489,70.3649,0.084
6.7489,70.4304,0.1847
6.7489,75.8646,2.3372
6.7489,75.9301,1.4789
6.7489,75.9956,1.1036
6.7489,76.061,1.2411
6.7489,76.1265,1.5949
6.7489,76.192,4.6451
6.7489,76.2574,1.2814
6.7489,76.3229,2.5517
6.7489,76.3884,0.5831
6.7489,76.4539,0.4776
6.7489,76.5193,0.3982
6.7489,76.5848,0.3526
6.7489,76.6503,0.3887
6.7489,76.7158,0.5499
6.7489,76.7812,0.3456
6.7489,76.9122,0.3133
6.7489,76.9776,0.4652
6.7489,77.1086,0.4988
6.7489,77.1741,0.6619
6.7489,77.2395,0.4795
6.7489,77.305,0.387
6.7489,77.3705,0.6298
6.7489,77.436,0.6851
6.7489,77.5014,0.4223
6.7489,77.6324,0.4936
6.7489,77.7633,0.4018
6.7489,77.8288,0.5023
6.7489,77.8943,0.5011
6.7489,77.9597,0.5386
6.7489,78.0252,0.4075
6.7489,78.0907,0.4465
6.7489,78.1562,0.7664
6.7489,78.2216,0.4936
6.7489,78.2871,0.5459
6.7489,78.3526,0.7018
6.7489,78.418,0.8052
6.7489,78.549,0.7735
6.7489,78.6145,0.9907
6.7489,78.6799,0.8441
6.7489,78.7454,0.81
6.7489,78.8109,0.7065
6.7489,78.8763,0.6596
6.7489,78.9418,0.652
6.7489,79.0073,0.6311
6.7489,79.2037,0.4963
6.7489,79.2692,0.8707
6.7489,79.4001,1.1138
6.7489,79.4656,0.7064
6.7489,79.5311,0.7282
6.7489,79.5965,1.6455
6.7489,79.662,1.5395
6.7489,79.7275,0.8951
6.7489,79.793,1.1049
6.6835,68.0079,0.1906
6.6835,68.0734,0.1637
6.6835,68.2043,0.1521
6.6835,68.2698,0.4671
6.6835,68.3353,0.1364
6.6835,68.4007,0.2557
6.6835,68.4662,0.1277
6.6835,68.5317,0.1506
6.6835,68.5972,0.1574
6.6835,68.6626,0.1468
6.6835,68.7281,0.1339
6.6835,68.7936,0.1396
6.6835,68.859,0.1715
6.6835,68.9245,0.1562
6.6835,68.99,0.1349
6.6835,69.0555,0.3237
6.6835,69.1209,0.2222
6.6835,69.1864,0.122
6.6835,69.2519,0.1549
6.6835,69.3174,0.1545
6.6835,69.3828,0.1817
6.6835,69.4483,0.1641
6.6835,69.5138,0.4459
6.6835,69.5792,0.1576
6.6835,69.6447,0.1888
6.6835,69.7102,0.1573
6.6835,69.7757,0.1504
6.6835,69.8411,0.1849
6.6835,69.9066,0.0928
6.6835,69.9721,0.1528
6.6835,70.0376,0.166
6.6835,70.103,0.1701
6.6835,70.1685,0.0925
6.6835,70.234,0.1601
6.6835,70.2994,0.1397
6.6835,70.3649,0.142
6.6835,70.4304,0.1417
6.6835,75.7991,1.3709
6.6835,75.8646,1.3166
6.6835,75.9301,1.5195
6.6835,75.9956,1.21
6.6835,76.061,1.0024
6.6835,76.1265,1.096
6.6835,76.192,1.2121
6.6835,76.2574,0.7975
6.6835,76.3229,0.7271
6.6835,76.3884,0.5623
6.6835,76.4539,0.4426
6.6835,76.5193,0.3895
6.6835,76.5848,0.3968
6.6835,76.6503,0.3324
6.6835,76.7158,0.3031
6.6835,76.7812,0.3263
6.6835,76.8467,0.4381
6.6835,76.9122,0.3324
6.6835,76.9776,0.6336
6.6835,77.0431,0.4578
6.6835,77.1086,0.3231
6.6835,77.1741,0.3808
6.6835,77.2395,0.3541
6.6835,77.305,0.321
6.6835,77.3705,1.2428
6.6835,77.436,0.5712
6.6835,77.5014,0.3751
6.6835,77.6324,0.5805
6.6835,77.6978,0.4461
6.6835,77.7633,0.5037
6.6835,77.8288,0.3922
6.6835,77.8943,0.4258
6.6835,77.9597,0.3452
6.6835,78.0252,0.4074
6.6835,78.0907,0.5237
6.6835,78.1562,0.4062
6.6835,78.2216,0.8922
6.6835,78.2871,0.4918
6.6835,78.418,0.5893
6.6835,78.4835,0.8185
6.6835,78.6145,1.1527
6.6835,78.6799,0.9965
6.6835,78.8763,0.8571
6.6835,78.9418,0.6438
6.6835,79.2692,0.8825
6.6835,79.4001,0.8622
6.6835,79.5311,0.8673
6.6835,79.5965,0.7747
6.6835,79.793,1.8299
6.618,68.5317,0.2132
6.618,68.5972,0.2347
6.618,68.6626,0.159
6.618,68.7281,0.1471
6.618,68.7936,0.1349
6.618,68.859,0.1462
6.618,68.9245,0.1401
6.618,68.99,0.3094
6.618,69.0555,0.2794
6.618,69.1209,0.1178
6.618,69.1864,0.1095
6.618,69.2519,0.0657
6.618,69.3828,0.1765
6.618,69.4483,0.1611
6.618,69.5138,0.1526
6.618,69.5792,0.1513
6.618,69.6447,0.1364
6.618,69.7102,0.1659
6.618,69.7757,0.1786
6.618,69.8411,0.1799
6.618,69.9721,0.1803
6.618,70.0376,0.1448
6.618,70.103,0.16
6.618,70.1685,0.154
6.618,70.234,0.1661
6.618,70.2994,0.1599
6.618,70.3649,0.1519
6.618,70.4304,0.1612
6.618,75.7337,1.4319
6.618,75.7991,1.2526
6.618,75.8646,1.2357
6.618,75.9301,1.1687
6.618,75.9956,1.3341
6.618,76.061,1.0312
6.618,76.1265,2.9193
6.618,76.192,2.1195
6.618,76.3884,0.534
6.618,76.4539,0.4426
6.618,76.5193,0.5313
6.618,76.5848,0.3962
6.618,76.6503,0.3471
6.618,76.7158,0.3657
6.618,76.7812,0.3723
6.618,76.8467,0.3321
6.618,76.9122,0.3603
6.618,77.1086,0.3462
6.618,77.1741,0.4057
6.618,77.305,0.3523
6.618,77.3705,0.3727
6.618,77.436,0.3274
6.618,77.5014,0.3784
6.618,77.6324,0.6828
6.618,77.6978,0.3012
6.618,77.7633,0.4092
6.618,77.8288,0.525
6.618,77.8943,0.3143
6.618,77.9597,0.773
6.618,78.0907,0.388
6.618,78.1562,0.4452
6.618,78.2216,0.5255
6.618,78.2871,0.4313
6.618,78.3526,0.4414
6.618,78.418,0.5654
6.618,78.6145,1.3725
6.618,78.9418,0.5554
6.618,79.0728,0.7091
6.618,79.2037,0.7054
6.618,79.4001,0.8268
6.618,79.4656,0.8599
6.618,79.5311,0.9829
6.618,79.662,0.8941
6.618,79.7275,0.7779
6.618,79.793,1.2506
6.618,79.8584,3.5692
6.5525,68.7936,0.1487
6.5525,68.859,0.1459
6.5525,68.9245,0.1467
6.5525,68.99,0.1325
6.5525,69.0555,0.4608
6.5525,69.1209,0.2826
6.5525,69.1864,0.3653
6.5525,69.2519,0.1339
6.5525,69.3174,0.1291
6.5525,69.3828,0.1609
6.5525,69.4483,0.269
6.5525,69.5138,0.1551
6.5525,69.5792,0.1149
6.5525,69.6447,0.1586
6.5525,69.8411,0.1524
6.5525,69.9066,0.2786
6.5525,69.9721,0.0135
6.5525,70.103,0.1277
6.5525,70.1685,0.1536
6.5525,70.234,0.1553
6.5525,70.2994,0.1557
6.5525,70.3649,0.1516
6.5525,70.4304,0.1673
6.5525,75.7337,1.0544
6.5525,75.7991,1.0979
6.5525,75.8646,1.048
6.5525,75.9301,1.0766
6.5525,75.9956,1.2835
6.5525,76.061,1.0805
6.5525,76.1265,1.1005
6.5525,76.192,0.9776
6.5525,76.2574,11.4463
6.5525,76.3229,0.4849
6.5525,76.3884,0.5391
6.5525,76.5193,0.3313
6.5525,76.5848,0.5635
6.5525,76.6503,0.3192
6.5525,76.7158,0.4189
6.5525,76.7812,0.4661
6.5525,76.8467,0.3967
6.5525,76.9122,0.3322
6.5525,76.9776,0.3821
6.5525,77.0431,0.3478
6.5525,77.1086,0.3224
6.5525,77.1741,0.3013
6.5525,77.2395,0.3379
6.5525,77.305,0.3274
6.5525,77.3705,0.335
6.5525,77.436,0.3064
6.5525,77.6324,0.3472
6.5525,77.6978,0.8167
6.5525,77.7633,0.3652
6.5525,77.8943,0.5202
6.5525,77.9597,0.3341
6.5525,78.0907,0.3656
6.5525,78.1562,0.4213
6.5525,78.2216,2.594
6.5525,78.2871,0.3872
6.5525,78.3526,0.4011
6.5525,78.418,0.5524
6.5525,78.9418,0.7567
6.5525,79.0073,0.7142
6.5525,79.0728,0.2772
6.5525,79.1382,0.637
6.5525,79.2692,0.0296
6.5525,79.3347,0.6438
6.5525,79.4001,0.6595
6.5525,79.4656,0.689
6.5525,79.5965,0.789
6.5525,79.662,0.9624
6.5525,79.7275,0.8924
6.5525,79.793,0.8918
6.5525,79.8584,1.9555
6.5525,79.9239,10.8791
6.487,69.1864,0.1486
6.487,69.2519,0.1591
6.487,69.3174,0.1566
6.487,69.3828,0.0894
6.487,69.4483,0.1738
6.487,69.5138,0.1745
6.487,69.5792,0.2773
6.487,69.7102,0.155
6.487,69.7757,0.1644
6.487,69.8411,0.1821
6.487,69.9066,0.0625
6.487,69.9721,0.0634
6.487,70.103,0.1806
6.487,70.1685,0.1291
6.487,70.234,0.1424
6.487,70.2994,0.16
6.487,70.3649,0.1555
6.487,70.4304,0.049
6.487,75.6027,0.7619
6.487,75.6682,0.7674
6.487,75.7337,1.1586
6.487,75.7991,0.913
6.487,75.8646,1.0264
6.487,75.9301,0.9521
6.487,75.9956,1.0363
6.487,76.061,1.1072
6.487,76.1265,1.0423
6.487,76.192,0.7171
6.487,76.2574,0.745
6.487,76.3884,0.5246
6.487,76.4539,0.5805
6.487,76.5193,0.3273
6.487,76.5848,0.3996
6.487,76.6503,0.3294
6.487,76.7158,0.5479
6.487,76.7812,0.2808
6.487,76.8467,0.3034
6.487,76.9122,0.3347
6.487,76.9776,0.2827
6.487,77.0431,0.2775
6.487,77.1086,0.2742
6.487,77.1741,0.2779
6.487,77.2395,0.2975
6.487,77.305,0.3289
6.487,77.3705,0.3245
6.487,77.436,0.3418
6.487,77.5014,0.2976
6.487,77.5669,0.3339
6.487,77.6324,0.3963
6.487,77.6978,0.3162
6.487,77.7633,0.293
6.487,77.8288,0.2977
6.487,77.8943,0.3108
6.487,78.0907,0.3053
6.487,78.1562,0.3199
6.487,78.2871,0.3693
6.487,78.3526,0.3782
6.487,78.418,0.4304
6.487,78.549,1.0658
6.487,78.6799,0.4595
6.487,78.7454,0.8817
6.487,78.8109,0.6172
6.487,78.9418,0.8497
6.487,79.0073,1.1691
6.487,79.0728,0.8186
6.487,79.2692,0.651
6.487,79.3347,0.5963
6.487,79.4001,0.687
6.487,79.5311,0.5342
6.487,79.5965,0.6668
6.487,79.662,0.7523
6.487,79.7275,1.1816
6.487,79.8584,2.7676
6.487,79.9239,4.0408
6.4216,69.5138,0.1254
6.4216,69.5792,0.1194
6.4216,69.6447,0.1592
6.4216,69.7102,0.3713
6.4216,69.7757,0.1655
6.4216,69.8411,0.1397
6.4216,69.9066,0.1676
6.4216,69.9721,0.1902
6.4216,70.1685,0.1432
6.4216,70.234,0.1581
6.4216,70.2994,0.1609
6.4216,70.4304,0.1296
6.4216,75.6027,0.7359
6.4216,75.6682,0.6728
6.4216,75.7337,0.7483
6.4216,75.7991,0.7783
6.4216,75.8646,0.9406
6.4216,75.9301,0.9011
6.4216,75.9956,1.1338
6.4216,76.061,1.1003
6.4216,76.1265,0.9677
6.4216,76.192,43.6969
6.4216,76.2574,0.4749
6.4216,76.3229,0.6358
6.4216,76.3884,0.4922
6.4216,76.4539,0.4139
6.4216,76.5193,0.3697
6.4216,76.5848,0.3091
6.4216,76.7158,0.5001
6.4216,76.7812,0.4491
6.4216,76.8467,0.3979
6.4216,76.9122,0.3097
6.4216,76.9776,0.3466
6.4216,77.1741,0.319
6.4216,77.2395,0.3027
6.4216,77.305,0.1823
6.4216,77.3705,0.305
6.4216,77.436,0.2754
6.4216,77.5014,0.8779
6.4216,77.5669,0.3129
6.4216,77.6324,0.2687
6.4216,77.6978,0.4413
6.4216,77.8288,0.2838
6.4216,77.8943,0.2388
6.4216,77.9597,0.2778
6.4216,78.0252,0.2586
6.4216,78.0907,0.5141
6.4216,78.1562,0.2704
6.4216,78.2216,0.3496
6.4216,78.2871,0.3273
6.4216,78.3526,0.3287
6.4216,78.4835,0.3684
6.4216,78.549,0.4778
6.4216,78.6145,0.4245
6.4216,78.6799,0.5658
6.4216,78.7454,0.561
6.4216,78.8109,0.5344
6.4216,79.0073,0.7856
6.4216,79.1382,0.6634
6.4216,79.2037,0.8339
6.4216,79.2692,1.0099
6.4216,79.3347,0.5396
6.4216,79.4001,0.6276
6.4216,79.5311,0.7774
6.4216,79.5965,0.8566
6.4216,79.662,0.7806
6.4216,79.793,1.4764
6.4216,79.8584,1.1682
6.4216,79.9239,5.0401
6.3561,69.9066,0.1702
6.3561,69.9721,0.3991
6.3561,70.0376,0.1036
6.3561,70.1685,0.1983
6.3561,70.3649,0.1378
6.3561,70.4304,0.1627
6.3561,75.6027,0.7595
6.3561,75.6682,0.7818
6.3561,75.7337,0.7906
6.3561,75.7991,0.9203
6.3561,75.9301,1.1837
6.3561,75.9956,1.014
6.3561,76.061,0.7662
6.3561,76.192,0.6299
6.3561,76.2574,0.6174
6.3561,76.3884,0.6284
6.3561,76.4539,0.4888
6.3561,76.5193,0.3243
6.3561,76.5848,0.2739
6.3561,76.7158,0.2752
6.3561,76.7812,0.6091
6.3561,76.8467,0.2794
6.3561,76.9122,0.499
6.3561,77.1741,0.2698
6.3561,77.3705,0.2655
6.3561,77.436,0.2824
6.3561,77.5014,0.7889
6.3561,77.5669,0.2419
6.3561,77.6324,0.2272
6.3561,77.6978,0.2593
6.3561,77.7633,0.3513
6.3561,77.8288,0.2673
6.3561,77.8943,0.2388
6.3561,77.9597,0.7134
6.3561,78.0252,0.2423
6.3561,78.0907,0.2792
6.3561,78.1562,0.3482
6.3561,78.2216,0.3301
6.3561,78.2871,0.297
6.3561,78.3526,0.5176
6.3561,78.4835,0.8427
6.3561,78.549,0.4341
6.3561,78.6145,0.4383
6.3561,78.7454,0.8664
6.3561,78.8109,0.4811
6.3561,78.8763,1.2239
6.3561,78.9418,0.5734
6.3561,79.0073,0.5472
6.3561,79.0728,0.6998
6.3561,79.1382,0.448
6.3561,79.2037,0.819
6.3561,79.2692,0.5186
6.3561,79.3347,0.6172
6.3561,79.4001,0.6873
6.3561,79.4656,0.5273
6.3561,79.5965,0.5859
6.3561,79.662,1.0386
6.3561,79.8584,1.0061
6.2906,70.4304,0.2562
6.2906,75.5372,0.8302
6.2906,75.6027,0.8893
6.2906,75.6682,0.8684
6.2906,75.7337,0.8561
6.2906,75.7991,1.0413
6.2906,75.8646,0.9152
6.2906,75.9301,0.8892
6.2906,75.9956,0.9701
6.2906,76.1265,0.5828
6.2906,76.2574,0.4639
6.2906,76.5193,0.4434
6.2906,76.5848,0.3001
6.2906,76.6503,0.2972
6.2906,76.7158,0.3102
6.2906,76.7812,0.2677
6.2906,76.8467,0.2416
6.2906,76.9122,0.3201
6.2906,77.1741,0.279
6.2906,77.2395,0.2833
6.2906,77.3705,0.3053
6.2906,77.436,0.5636
6.2906,77.5014,0.2368
6.2906,77.5669,0.2221
6.2906,77.6324,0.2074
6.2906,77.6978,0.2258
6.2906,77.8288,0.2612
6.2906,77.8943,0.2281
6.2906,77.9597,0.2038
6.2906,78.0252,0.1914
6.2906,78.0907,0.2276
6.2906,78.1562,0.4705
6.2906,78.2216,0.2849
6.2906,78.418,0.2138
6.2906,78.4835,0.3974
6.2906,78.549,0.3813
6.2906,78.6145,1.2413
6.2906,78.8109,0.5125
6.2906,78.8763,0.7167
6.2906,78.9418,0.6662
6.2906,79.0073,0.7073
6.2906,79.0728,0.7315
6.2906,79.1382,0.5891
6.2906,79.2037,0.5182
6.2906,79.3347,0.6165
6.2906,79.4001,0.7266
6.2906,79.4656,1.1999
6.2906,79.5311,1.9869
6.2906,79.662,1.8935
6.2906,79.7275,1.6018
6.2906,79.793,0.9453
6.2906,79.8584,1.2327
6.2252,75.4718,0.9564
6.2252,75.6027,0.8386
6.2252,75.6682,0.8686
6.2252,75.7337,0.7948
6.2252,75.7991,0.9083
6.2252,75.8646,1.0123
6.2252,75.9301,0.8385
6.2252,75.9956,1.1559
6.2252,76.061,0.6671
6.2252,76.1265,0.4373
6.2252,76.192,0.8643
6.2252,76.2574,0.3751
6.2252,76.3229,1.4975
6.2252,76.3884,0.724
6.2252,76.4539,0.3099
6.2252,76.5848,0.6538
6.2252,76.6503,0.2461
6.2252,76.7158,0.3126
6.2252,76.7812,0.2882
6.2252,76.8467,0.2466
6.2252,76.9122,0.2389
6.2252,77.0431,0.3156
6.2252,77.2395,0.2518
6.2252,77.305,0.2288
6.2252,77.3705,0.245
6.2252,77.436,0.2564
6.2252,77.5014,0.2278
6.2252,77.5669,0.2219
6.2252,77.6324,0.2975
6.2252,77.6978,0.2506
6.2252,77.7633,0.285
6.2252,77.8288,0.2355
6.2252,77.8943,0.2322
6.2252,77.9597,0.4271
6.2252,78.0252,0.269
6.2252,78.1562,0.2132
6.2252,78.2216,0.2432
6.2252,78.2871,0.4117
6.2252,78.3526,0.5852
6.2252,78.4835,0.3501
6.2252,78.6145,0.8266
6.2252,78.6799,0.6715
6.2252,78.7454,0.6838
6.2252,78.8109,0.7106
6.2252,78.8763,0.6173
6.2252,78.9418,0.6239
6.2252,79.0073,0.4997
6.2252,79.0728,0.5997
6.2252,79.1382,0.5897
6.2252,79.2037,0.7417
6.2252,79.2692,0.4689
6.2252,79.3347,1.1858
6.2252,79.4001,0.9084
6.2252,79.4656,0.785
6.2252,79.5311,0.7529
6.2252,79.5965,0.5936
6.2252,79.662,0.753
6.2252,79.7275,0.7811
6.2252,79.793,1.257
6.2252,79.8584,1.6223
6.1597,75.4063,0.5192
6.1597,75.4718,0.7799
6.1597,75.7337,0.712
6.1597,75.7991,0.8797
6.1597,75.8646,0.9972
6.1597,75.9301,0.9884
6.1597,75.9956,0.8821
6.1597,76.061,0.528
6.1597,76.192,0.4465
6.1597,76.2574,0.4051
6.1597,76.3229,0.5078
6.1597,76.3884,0.3389
6.1597,76.4539,0.3304
6.1597,76.5848,0.2432
6.1597,76.7158,0.2989
6.1597,76.7812,0.348
6.1597,76.8467,0.3306
6.1597,76.9122,0.2445
6.1597,76.9776,0.2716
6.1597,77.0431,0.3111
6.1597,77.1741,0.3323
6.1597,77.2395,0.2386
6.1597,77.305,0.2371
6.1597,77.3705,0.2351
6.1597,77.436,0.2173
6.1597,77.5014,0.3407
6.1597,77.5669,0.5923
6.1597,77.6324,0.2284
6.1597,77.6978,0.2203
6.1597,77.7633,0.2203
6.1597,77.8288,0.2225
6.1597,77.8943,0.2535
6.1597,78.0252,0.2764
6.1597,78.0907,0.6139
6.1597,78.1562,0.4522
6.1597,78.2216,0.2308
6.1597,78.2871,0.3549
6.1597,78.3526,0.3283
6.1597,78.418,0.4147
6.1597,78.4835,0.3649
6.1597,78.549,0.3855
6.1597,78.6145,0.4356
6.1597,78.6799,0.4783
6.1597,78.7454,0.5002
6.1597,78.8109,0.7294
6.1597,78.8763,0.5699
6.1597,78.9418,0.5301
6.1597,79.0073,0.4891
6.1597,79.0728,0.5531
6.1597,79.1382,0.5953
6.1597,79.2037,0.546
6.1597,79.2692,0.5906
6.1597,79.3347,0.7076
6.1597,79.4656,1.4967
6.1597,79.5311,0.3469
6.1597,79.5965,0.8179
6.1597,79.662,0.704
6.1597,79.7275,0.6569
6.1597,79.8584,1.4364
6.0942,75.4063,0.4405
6.0942,75.4718,0.9125
6.0942,75.7991,0.8011
6.0942,75.9301,0.5503
6.0942,75.9956,0.4383
6.0942,76.1265,0.6014
6.0942,76.2574,0.3684
6.0942,76.3229,0.338
6.0942,76.3884,0.3042
6.0942,76.4539,0.2707
6.0942,76.5193,0.3694
6.0942,76.6503,0.2437
6.0942,76.7812,0.2287
6.0942,76.8467,0.4454
6.0942,76.9122,0.2745
6.0942,76.9776,0.2216
6.0942,77.0431,0.2175
6.0942,77.1086,0.1715
6.0942,77.1741,0.2238
6.0942,77.2395,0.2188
6.0942,77.305,0.2267
6.0942,77.3705,0.2373
6.0942,77.436,0.2321
6.0942,77.5014,0.2118
6.0942,77.5669,0.2734
6.0942,77.6324,0.2843
6.0942,77.6978,0.3175
6.0942,77.7633,0.2224
6.0942,77.8288,0.2686
6.0942,77.9597,0.3138
6.0942,78.0252,0.2554
6.0942,78.2871,0.2563
6.0942,78.3526,0.2405
6.0942,78.418,0.7547
6.0942,78.4835,0.3221
6.0942,78.549,0.3291
6.0942,78.6145,1.3537
6.0942,78.6799,0.3535
6.0942,78.7454,0.4594
6.0942,78.8109,0.5583
6.0942,78.8763,0.6577
6.0942,78.9418,0.5653
6.0942,79.0073,0.4698
6.0942,79.0728,0.5436
6.0942,79.1382,0.5107
6.0942,79.2037,0.6412
6.0942,79.2692,0.6032
6.0942,79.3347,0.8871
6.0942,79.4001,1.4498
6.0942,79.4656,0.7484
6.0942,79.5965,0.6276
6.0942,79.7275,0.7041
6.0942,79.793,1.2192
6.0287,75.4063,0.4068
6.0287,75.9301,0.4259
6.0287,75.9956,0.5004
6.0287,76.061,0.4246
6.0287,76.2574,0.3876
6.0287,76.3229,0.3343
6.0287,76.3884,0.2858
6.0287,76.5193,0.2648
6.0287,76.5848,0.3794
6.0287,76.6503,0.2366
6.0287,76.7812,0.2565
6.0287,76.9122,0.2978
6.0287,76.9776,0.2446
6.0287,77.0431,0.2401
6.0287,77.1086,0.2096
6.0287,77.1741,0.2321
6.0287,77.2395,0.2254
6.0287,77.305,0.2189
6.0287,77.3705,0.2438
6.0287,77.436,0.3007
6.0287,77.5014,0.2333
6.0287,77.5669,0.2332
6.0287,77.6324,0.1715
6.0287,77.6978,0.2385
6.0287,77.7633,0.2429
6.0287,77.8288,0.2324
6.0287,77.9597,0.2627
6.0287,78.0907,0.4652
6.0287,78.2871,0.2007
6.0287,78.3526,0.2491
6.0287,78.418,0.2602
6.0287,78.4835,0.2926
6.0287,78.6145,0.4126
6.0287,78.6799,0.4584
6.0287,78.7454,0.5051
6.0287,78.8109,0.615
6.0287,78.9418,0.7205
6.0287,79.0073,0.5194
6.0287,79.0728,0.5824
6.0287,79.1382,0.6891
6.0287,79.2037,0.6553
6.0287,79.2692,1.1406
6.0287,79.3347,0.8806
6.0287,79.4001,0.7542
5.9633,75.2754,0.3727
5.9633,75.3408,0.4385
5.9633,75.4063,0.3933
5.9633,75.4718,0.4258
5.9633,75.6682,0.6104
5.9633,75.7337,0.5121
5.9633,75.7991,0.484
5.9633,75.8646,0.4427
5.9633,75.9956,0.6484
5.9633,76.061,0.3795
5.9633,76.1265,0.3998
5.9633,76.192,0.3695
5.9633,76.3229,0.2921
5.9633,76.3884,0.2843
5.9633,76.4539,0.2893
5.9633,76.5193,0.2785
5.9633,76.5848,0.226
5.9633,76.6503,0.2285
5.9633,76.7158,0.1396
5.9633,77.0431,0.2593
5.9633,77.1086,0.2313
5.9633,77.1741,0.2243
5.9633,77.2395,0.2267
5.9633,77.305,0.2328
5.9633,77.3705,0.2231
5.9633,77.436,0.2301
5.9633,77.5014,0.2375
5.9633,77.5669,0.258
5.9633,77.6324,0.2059
5.9633,77.6978,0.3678
5.9633,77.7633,0.2553
5.9633,77.8943,0.5201
5.9633,77.9597,0.2408
5.9633,78.2871,0.252
5.9633,78.3526,0.2669
5.9633,78.418,0.2158
5.9633,78.4835,0.2408
5.9633,78.549,0.4535
5.9633,78.6145,0.9459
5.9633,78.6799,0.4629
5.9633,78.7454,0.4664
5.9633,78.8109,0.4981
5.9633,78.8763,1.3199
5.9633,78.9418,0.5741
5.9633,79.0073,0.7373
5.9633,79.0728,0.7235
5.9633,79.1382,0.8241
5.9633,79.2037,1.831
5.9633,79.2692,0.8862
5.9633,79.3347,1.7634
5.9633,79.4001,1.1052
5.9633,79.793,0.8627
5.8978,75.5372,0.4826
5.8978,75.6682,0.3147
5.8978,75.7337,0.5182
5.8978,75.8646,0.4016
5.8978,76.1265,0.3443
5.8978,76.192,0.3636
5.8978,76.2574,0.4059
5.8978,76.3884,0.3121
5.8978,76.4539,0.2606
5.8978,76.5193,0.2611
5.8978,76.5848,0.3678
5.8978,76.7812,0.1999
5.8978,76.8467,0.2047
5.8978,76.9122,0.2262
5.8978,76.9776,0.4159
5.8978,77.0431,0.2688
5.8978,77.1086,0.2639
5.8978,77.1741,0.1904
5.8978,77.2395,0.2134
5.8978,77.305,0.2205
5.8978,77.3705,0.2465
5.8978,77.436,0.2741
5.8978,77.6324,0.3927
5.8978,77.8288,0.2575
5.8978,77.8943,0.2055
5.8978,77.9597,0.2395
5.8978,78.0252,0.2393
5.8978,78.3526,0.2653
5.8978,78.4835,1.0
5.8978,78.6799,0.4488
5.8978,78.7454,0.4338
5.8978,78.8109,0.5523
5.8978,78.8763,0.6888
5.8978,78.9418,0.601
5.8978,79.0073,0.5457
5.8978,79.0728,0.6665
5.8978,79.1382,1.401
5.8978,79.2037,0.6181
5.8978,79.2692,1.1164
5.8978,79.793,0.7795
5.8323,75.2754,0.3437
5.8323,75.4718,0.2693
5.8323,75.5372,0.3606
5.8323,75.6027,0.3218
5.8323,75.6682,0.5708
5.8323,75.7337,0.4781
5.8323,75.9301,0.4427
5.8323,76.192,0.345
5.8323,76.4539,0.3682
5.8323,76.5848,0.2376
5.8323,76.6503,0.2385
5.8323,76.7812,0.2711
5.8323,76.8467,0.2312
5.8323,76.9122,0.2287
5.8323,77.0431,0.2259
5.8323,77.1741,0.2168
5.8323,77.2395,0.3471
5.8323,77.305,0.3194
5.8323,77.3705,0.2343
5.8323,77.436,0.2653
5.8323,77.5669,0.2684
5.8323,77.6324,0.469
5.8323,77.8288,0.2853
5.8323,78.4835,0.2906
5.8323,78.6799,0.6572
5.8323,78.8109,0.5698
5.8323,78.8763,1.2877
5.8323,78.9418,0.62
5.8323,79.0073,0.7623
5.8323,79.1382,0.8521
5.8323,79.2037,0.8132
5.8323,79.2692,0.9881
5.8323,79.3347,0.8993
5.8323,79.4001,0.8989
5.8323,79.4656,0.7361
5.7668,75.2754,0.3473
5.7668,75.4063,0.3377
5.7668,75.5372,0.3533
5.7668,75.6027,0.3976
5.7668,76.192,0.3151
5.7668,76.3229,0.3798
5.7668,76.4539,0.4293
5.7668,76.6503,0.245
5.7668,76.7812,0.2411
5.7668,76.8467,0.2036
5.7668,76.9122,0.2504
5.7668,77.1086,0.428
5.7668,77.1741,0.2697
5.7668,77.2395,0.2402
5.7668,77.3705,0.4167
5.7668,77.436,0.1455
5.7668,77.5014,0.277
5.7668,77.5669,0.2639
5.7668,77.6324,0.2775
5.7668,77.8288,0.3202
5.7668,77.8943,0.4986
5.7668,78.2216,0.2622
5.7668,78.418,0.3234
5.7668,78.4835,0.462
5.7668,78.549,0.3776
5.7668,78.6145,0.3501
5.7668,78.6799,0.599
5.7668,78.8109,0.4663
5.7668,78.8763,0.6066
5.7668,78.9418,2.0065
5.7668,79.0073,1.2257
5.7668,79.0728,0.9555
5.7668,79.1382,0.7932
5.7668,79.2037,0.8476
5.7668,79.2692,0.9342
5.7668,79.3347,2.2091
5.7668,79.793,0.5722
5.7014,75.1444,0.3471
5.7014,75.2099,0.3258
5.7014,75.2754,0.355
5.7014,75.7337,0.3891
5.7014,75.7991,0.4137
5.7014,76.2574,0.3941
5.7014,76.3229,0.3624
5.7014,76.3884,0.3404
5.7014,76.5193,0.2655
5.7014,76.5848,0.2729
5.7014,76.7812,0.2675
5.7014,76.8467,0.4426
5.7014,76.9122,0.2674
5.7014,76.9776,0.3298
5.7014,77.0431,0.3007
5.7014,77.1086,0.2379
5.7014,77.1741,0.3831
5.7014,77.436,0.2427
5.7014,77.5014,0.2447
5.7014,77.5669,0.3205
5.7014,77.8288,0.2321
5.7014,78.3526,0.3178
5.7014,78.418,0.3045
5.7014,78.4835,0.2895
5.7014,78.6145,0.9874
5.7014,78.6799,0.5259
5.7014,78.7454,0.4333
5.7014,78.8109,1.2743
5.7014,78.8763,0.9796
5.7014,78.9418,0.7798
5.7014,79.0073,0.755
5.7014,79.0728,0.9938
5.7014,79.1382,0.8339
5.7014,79.2037,0.8034
5.7014,79.2692,1.1382
5.6359,75.0789,0.2663
5.6359,75.1444,0.3067
5.6359,75.2099,0.6584
5.6359,75.2754,0.3299
5.6359,75.3408,0.3073
5.6359,75.4063,0.2762
5.6359,75.4718,0.735
5.6359,75.7991,0.3971
5.6359,75.9301,0.3375
5.6359,75.9956,0.325
5.6359,76.192,0.3164
5.6359,76.2574,0.2818
5.6359,76.7812,0.3092
5.6359,76.8467,0.255
5.6359,77.0431,0.2405
5.6359,77.1086,0.2545
5.6359,77.305,0.3747
5.6359,77.5014,0.245
5.6359,77.5669,0.2661
5.6359,77.7633,0.239
5.6359,77.8288,0.26
5.6359,77.8943,0.2769
5.6359,78.0252,0.2577
5.6359,78.2871,0.3034
5.6359,78.3526,0.7002
5.6359,78.418,0.3157
5.6359,78.549,0.3194
5.6359,78.6145,0.4869
5.6359,78.7454,1.6202
5.6359,78.8109,0.5861
5.6359,78.8763,0.6045
5.6359,78.9418,0.6872
5.6359,79.0073,0.8894
5.6359,79.2037,1.0214
5.6359,79.2692,1.3297
5.6359,79.3347,10.8612
5.5704,75.0789,0.2742
5.5704,75.1444,0.5895
5.5704,75.3408,0.3671
5.5704,75.4063,0.3326
5.5704,75.5372,0.4042
5.5704,75.6027,0.3465
5.5704,75.7337,0.4871
5.5704,75.9956,0.3553
5.5704,76.3884,0.2688
5.5704,76.4539,0.2492
5.5704,76.5848,0.2588
5.5704,76.8467,0.2571
5.5704,77.5669,0.2966
5.5704,77.8943,0.2496
5.5704,77.9597,0.2893
5.5704,78.0252,0.2932
5.5704,78.2216,0.2539
5.5704,78.2871,0.2779
5.5704,78.3526,0.2563
5.5704,78.6145,0.344
5.5704,78.6799,0.4159
5.5704,78.7454,0.4765
5.5704,78.8109,0.6527
5.5704,78.8763,0.6862
5.5704,78.9418,0.7369
5.5704,79.2692,1.2158
5.5704,79.3347,1.3774
5.5704,79.4656,0.7405
5.5704,79.5311,0.7989
5.5704,79.5965,0.4795
5.5704,79.662,0.6722
5.5704,79.7275,0.944
5.5049,75.0135,0.3145
5.5049,75.0789,0.2639
5.5049,75.2754,0.3142
5.5049,75.5372,0.4363
5.5049,75.6027,0.2577
5.5049,75.8646,0.4601
5.5049,75.9301,0.3679
5.5049,75.9956,0.3189
5.5049,76.061,0.3051
5.5049,76.5193,0.2299
5.5049,76.5848,0.2922
5.5049,77.305,0.3233
5.5049,77.5014,0.459
5.5049,77.5669,0.3025
5.5049,77.6324,0.285
5.5049,77.8288,0.2881
5.5049,77.8943,0.2976
5.5049,77.9597,0.2745
5.5049,78.0252,0.2429
5.5049,78.3526,0.3506
5.5049,78.418,0.2959
5.5049,78.4835,0.3216
5.5049,78.6145,0.3894
5.5049,78.6799,0.5823
5.5049,78.8109,0.8849
5.5049,78.8763,0.6362
5.5049,79.0073,0.8682
5.5049,79.0728,1.1477
5.5049,79.2692,1.1167
5.5049,79.3347,1.2395
5.5049,79.4001,0.9284
5.5049,79.4656,0.8536
5.5049,79.5311,1.1396
5.5049,79.5965,1.1854
5.5049,79.662,1.0991
5.5049,79.7275,1.781
5.4395,74.948,0.2787
5.4395,75.0135,0.3042
5.4395,75.0789,0.3033
5.4395,75.1444,0.304
5.4395,75.3408,0.4323
5.4395,75.4063,0.3717
5.4395,75.4718,0.2924
5.4395,75.6682,0.3702
5.4395,75.7337,0.3222
5.4395,75.8646,0.2468
5.4395,76.061,0.3617
5.4395,76.3229,0.309
5.4395,76.5848,0.3671
5.4395,76.6503,0.2349
5.4395,76.8467,0.2842
5.4395,77.3705,0.2398
5.4395,77.436,0.2523
5.4395,77.5014,0.3034
5.4395,77.6324,0.2646
5.4395,77.6978,0.244
5.4395,77.7633,0.2486
5.4395,77.8288,0.2807
5.4395,78.0252,0.2154
5.4395,78.418,0.2916
5.4395,78.4835,0.3027
5.4395,78.549,0.3672
5.4395,78.6145,0.4874
5.4395,78.6799,0.4406
5.4395,78.7454,0.5417
5.4395,78.8109,0.6457
5.4395,78.8763,0.6245
5.4395,79.4001,1.5161
5.4395,79.4656,0.88
5.4395,79.5311,0.8421
5.4395,79.5965,1.1279
5.4395,79.662,1.185
5.374,74.948,0.3386
5.374,75.1444,0.5189
5.374,75.2099,0.2977
5.374,75.2754,0.2982
5.374,75.3408,0.3354
5.374,75.6682,0.3492
5.374,75.7337,0.3265
5.374,75.7991,0.2826
5.374,75.8646,0.3146
5.374,76.061,0.3163
5.374,76.192,0.3473
5.374,76.3229,0.4027
5.374,76.5193,0.286
5.374,76.5848,0.1848
5.374,76.6503,0.2307
5.374,76.8467,0.2538
5.374,76.9122,0.2514
5.374,77.2395,0.2938
5.374,77.305,0.4079
5.374,77.3705,0.2386
5.374,77.436,0.3458
5.374,77.6978,0.2554
5.374,77.7633,0.2691
5.374,77.8288,0.4815
5.374,77.8943,0.2496
5.374,77.9597,0.2806
5.374,78.0252,0.7858
5.374,78.0907,0.3534
5.374,78.2216,1.6164
5.374,78.3526,0.2971
5.374,78.418,0.5737
5.374,78.4835,0.4269
5.374,78.549,0.407
5.374,78.6145,0.5083
5.374,78.6799,0.2787
5.374,78.8109,0.7151
5.374,78.8763,0.6935
5.374,78.9418,0.7607
5.374,79.1382,0.8695
5.374,79.4001,1.1725
5.374,79.4656,0.9325
5.374,79.5311,0.9678
5.374,79.5965,1.2716
5.374,79.662,1.1963
5.3085,74.8825,0.2693
5.3085,74.948,0.2029
5.3085,75.0135,0.3249
5.3085,75.0789,0.5885
5.3085,75.2754,0.2951
5.3085,75.3408,0.2029
5.3085,75.4063,0.3011
5.3085,75.4718,0.2989
5.3085,75.5372,0.2634
5.3085,75.6027,0.1932
5.3085,75.6682,0.3541
5.3085,75.7337,0.5466
5.3085,75.7991,0.3453
5.3085,75.8646,0.6065
5.3085,75.9301,0.3052
5.3085,75.9956,0.2745
5.3085,76.061,0.3319
5.3085,76.1265,0.3022
5.3085,76.192,0.2875
5.3085,76.3884,0.3667
5.3085,76.4539,0.3782
5.3085,76.6503,0.2352
5.3085,76.7812,0.3329
5.3085,76.9122,0.2334
5.3085,76.9776,0.3043
5.3085,77.1741,0.2309
5.3085,77.305,0.2321
5.3085,77.3705,0.182
5.3085,77.436,0.3308
5.3085,77.6978,0.2757
5.3085,77.7633,0.2839
5.3085,77.8288,0.2972
5.3085,77.8943,0.3668
5.3085,77.9597,0.3253
5.3085,78.0252,0.3426
5.3085,78.0907,0.2972
5.3085,78.1562,0.2902
5.3085,78.2216,0.4263
5.3085,78.3526,0.3916
5.3085,78.418,0.4512
5.3085,78.4835,0.3876
5.3085,78.6799,0.6078
5.3085,78.7454,0.7009
5.3085,78.8763,0.6065
5.3085,78.9418,1.1374
5.3085,79.2692,1.8992
5.3085,79.3347,1.0644
5.3085,79.4001,1.6716
5.3085,79.4656,1.1214
5.3085,79.5311,2.1642
5.3085,79.5965,10.2829
5.243,75.1444,0.4495
5.243,75.2099,0.3115
5.243,75.2754,0.2392
5.243,75.4063,0.4964
5.243,75.4718,0.3228
5.243,75.5372,0.3066
5.243,75.6682,0.304
5.243,75.7337,0.2923
5.243,75.7991,0.2927
5.243,75.9301,0.2645
5.243,75.9956,0.3239
5.243,76.061,0.2816
5.243,76.1265,0.2837
5.243,76.192,0.2783
5.243,76.2574,0.2643
5.243,76.3229,0.273
5.243,76.3884,0.4093
5.243,76.4539,0.2555
5.243,76.5848,0.2484
5.243,76.8467,0.2508
5.243,76.9122,0.2512
5.243,77.305,0.2587
5.243,77.436,0.3993
5.243,77.7633,0.2925
5.243,77.8288,0.3172
5.243,77.8943,0.5413
5.243,77.9597,0.3901
5.243,78.0252,0.3253
5.243,78.0907,0.3067
5.243,78.1562,0.9663
5.243,78.2216,0.3262
5.243,78.2871,0.8657
5.243,78.3526,0.4083
5.243,78.418,0.3817
5.243,78.549,0.4865
5.243,78.6799,1.2383
5.243,78.7454,0.7048
5.243,79.2692,1.0218
5.243,79.3347,0.9985
5.243,79.4001,1.1061
5.243,79.4656,2.6961
5.1776,75.4718,0.3014
5.1776,75.5372,0.282
5.1776,75.9301,0.2345
5.1776,75.9956,0.2882
5.1776,76.061,0.275
5.1776,76.1265,0.2876
5.1776,76.192,0.2781
5.1776,76.2574,0.2633
5.1776,76.3884,0.2267
5.1776,76.4539,0.2939
5.1776,76.5193,0.2395
5.1776,76.5848,0.234
5.1776,76.6503,0.4742
5.1776,76.7812,0.2775
5.1776,77.305,0.2184
5.1776,77.6324,0.275
5.1776,77.6978,0.3094
5.1776,77.7633,0.3329
5.1776,77.8288,0.3468
5.1776,77.8943,0.3392
5.1776,77.9597,0.3823
5.1776,78.0252,0.4303
5.1776,78.0907,0.3673
5.1776,78.1562,0.3738
5.1776,78.2216,0.4773
5.1776,78.2871,0.3829
5.1776,78.3526,0.373
5.1776,78.418,0.6313
5.1776,78.4835,0.7279
5.1776,78.549,0.3653
5.1776,78.7454,0.6493
5.1776,79.1382,1.0359
5.1776,79.4001,0.9324
5.1776,79.4656,1.1677
5.1776,79.5311,1.4223
5.1121,75.7991,0.3993
5.1121,75.9301,0.2596
5.1121,75.9956,0.2823
5.1121,76.061,0.4714
5.1121,76.1265,0.5164
5.1121,76.4539,0.2167
5.1121,76.5848,0.5212
5.1121,76.6503,0.2183
5.1121,76.7158,0.2232
5.1121,76.7812,0.3295
5.1121,76.9776,0.391
5.1121,77.6324,0.2953
5.1121,77.6978,0.4497
5.1121,77.7633,0.6728
5.1121,77.8288,0.3292
5.1121,77.8943,0.3325
5.1121,77.9597,0.3339
5.1121,78.0252,0.3495
5.1121,78.0907,0.4469
5.1121,78.1562,0.4511
5.1121,78.2216,0.4459
5.1121,78.2871,0.7797
5.1121,78.3526,0.4191
5.1121,78.418,0.4379
5.1121,78.4835,0.2212
5.1121,78.6145,0.6061
5.1121,78.8763,0.7695
5.1121,79.1382,1.1447
5.1121,79.3347,0.9845
5.1121,79.4001,1.0172
5.1121,79.4656,1.1707
5.1121,79.5311,1.5595
5.1121,79.5965,1.863
5.0466,75.9956,0.2822
5.0466,76.061,0.3055
5.0466,76.192,0.258
5.0466,76.2574,0.2727
5.0466,76.3229,0.2746
5.0466,76.4539,0.2419
5.0466,76.5193,0.2257
5.0466,76.5848,0.4458
5.0466,76.6503,0.2302
5.0466,76.7158,0.2129
5.0466,76.9122,0.2155
5.0466,76.9776,0.2358
5.0466,77.1741,0.2511
5.0466,77.2395,0.2234
5.0466,77.3705,0.2675
5.0466,77.436,0.2411
5.0466,77.5014,0.3496
5.0466,77.5669,0.2592
5.0466,77.6324,0.3949
5.0466,77.7633,0.3558
5.0466,77.8943,0.3551
5.0466,77.9597,0.3864
5.0466,78.0252,0.3716
5.0466,78.0907,0.4031
5.0466,78.1562,0.4378
5.0466,78.2871,0.5279
5.0466,78.3526,0.6059
5.0466,78.418,0.9979
5.0466,78.549,0.6443
5.0466,78.9418,1.384
5.0466,79.0073,1.1051
5.0466,79.0728,0.9401
5.0466,79.2692,0.9803
5.0466,79.3347,0.8822
5.0466,79.4001,0.9196
5.0466,79.4656,0.9952
5.0466,79.5311,1.3642
5.0466,79.5965,1.2757
4.9811,76.2574,0.2762
4.9811,76.3229,0.2641
4.9811,76.3884,0.245
4.9811,76.4539,0.2547
4.9811,76.5193,0.2509
4.9811,76.5848,0.2891
4.9811,76.6503,0.2815
4.9811,76.7158,0.2746
4.9811,76.7812,0.2343
4.9811,76.8467,0.2318
4.9811,76.9122,0.2212
4.9811,77.0431,0.2346
4.9811,77.1741,0.2417
4.9811,77.2395,0.2352
4.9811,77.3705,0.2342
4.9811,77.436,0.3995
4.9811,77.5669,0.2415
4.9811,77.6324,0.2334
4.9811,77.6978,0.2382
4.9811,77.7633,0.3195
4.9811,77.8288,0.3748
4.9811,77.8943,0.375
4.9811,77.9597,0.7033
4.9811,78.0252,0.3986
4.9811,78.0907,0.4061
4.9811,78.1562,0.42
4.9811,78.2216,0.5613
4.9811,78.2871,0.6585
4.9811,78.3526,0.5341
4.9811,79.2692,0.9837
4.9811,79.3347,0.8618
4.9811,79.4001,0.8723
4.9811,79.4656,0.9313
4.9811,79.5311,1.4881
4.9157,76.5193,0.2715
4.9157,76.7812,0.2519
4.9157,76.8467,0.2393
4.9157,76.9122,0.245
4.9157,76.9776,0.3283
4.9157,77.0431,0.2225
4.9157,77.1086,0.2384
4.9157,77.1741,0.41
4.9157,77.2395,0.2304
4.9157,77.305,0.3616
4.9157,77.436,0.2776
4.9157,77.5014,0.2233
4.9157,77.5669,0.232
4.9157,77.6324,0.2501
4.9157,77.9597,0.387
4.9157,78.0252,0.4049
4.9157,78.0907,0.3552
4.9157,78.418,0.6685
4.9157,79.4001,0.8137
4.9157,79.4656,1.0687
4.9157,79.5311,1.0021
4.8502,76.7812,0.2692
4.8502,76.9122,0.2702
4.8502,77.0431,0.2824
4.8502,77.1086,0.2385
4.8502,77.1741,0.2439
4.8502,77.2395,0.27
4.8502,77.305,0.3098
4.8502,77.3705,0.2436
4.8502,77.436,0.2006
4.8502,77.5669,0.1859
4.8502,77.6324,0.2681
4.8502,77.6978,0.2366
4.8502,77.7633,0.2655
4.8502,77.8288,0.255
4.8502,77.8943,0.3227
4.8502,77.9597,0.3014
4.8502,78.0252,0.3509
4.8502,78.0907,0.5838
4.8502,78.6799,0.6403
4.8502,78.9418,0.3508
4.8502,79.0728,0.682
4.8502,79.2037,0.7495
4.8502,79.2692,0.7618
4.8502,79.3347,0.5442
4.8502,79.4001,0.6193
4.8502,79.4656,0.6825
4.8502,79.5311,0.8469
4.7847,76.9776,0.2593
4.7847,77.0431,0.28
4.7847,77.1086,0.2935
4.7847,77.1741,0.2711
4.7847,77.2395,0.2705
4.7847,77.3705,0.251
4.7847,77.436,0.2878
4.7847,77.5669,0.2887
4.7847,77.7633,0.2908
4.7847,78.7454,0.6856
4.7847,78.8109,0.68
4.7847,78.9418,0.5745
4.7847,79.0073,0.8738
4.7847,79.2037,0.7254
4.7847,79.3347,0.6637
4.7847,79.4001,0.7212
4.7847,79.4656,0.5783
4.7847,79.5311,0.7332
4.7193,77.3705,0.3987
4.7193,77.5014,0.2807
4.7193,77.6324,0.2934
4.7193,78.0252,0.3036
4.7193,78.3526,0.2948
4.7193,78.6799,1.1349
4.7193,78.8109,0.4674
4.7193,79.1382,0.6027
4.7193,79.2037,0.3895
4.7193,79.2692,0.4611
4.7193,79.3347,0.6758
4.7193,79.4656,0.375
4.7193,79.5311,0.4298
4.6538,77.8943,0.299
4.6538,78.4835,0.3383
4.6538,78.549,0.4298
4.6538,78.6145,0.4075
4.6538,78.6799,0.5889
4.6538,78.7454,0.4355
4.6538,79.0728,0.5363
4.6538,79.1382,0.6275
4.6538,79.2692,0.6035
4.6538,79.3347,0.5084
4.6538,79.4001,1.2608
4.6538,79.4656,0.39
4.5883,78.1562,0.2846
4.5883,78.2216,0.2849
4.5883,78.2871,0.2893
4.5883,78.3526,0.2838
4.5883,78.418,0.2928
4.5883,78.4835,0.2657
4.5883,78.549,0.3269
4.5883,78.6145,0.3102
4.5883,78.6799,0.4864
4.5883,79.0073,0.4889
4.5883,79.0728,0.6173
4.5883,79.2037,0.8244
4.5883,79.3347,0.4129
4.5883,79.4001,0.4158
4.5883,79.4656,0.4147
4.5228,78.0907,0.4134
4.5228,78.1562,0.2724
4.5228,78.2216,0.2919
4.5228,78.2871,0.3176
4.5228,78.3526,0.3471
4.5228,78.4835,0.311
4.5228,78.549,0.3131
4.5228,78.6145,0.3253
4.5228,78.6799,0.4922
4.5228,78.8109,0.3447
4.5228,79.1382,0.8149
4.5228,79.2037,0.9358
4.5228,79.2692,0.5398
4.5228,79.3347,0.4374
4.5228,79.4001,0.4144
4.5228,79.4656,0.3722
4.4574,78.2871,0.3861
4.4574,78.549,0.9978
4.4574,78.6145,0.3764
4.4574,78.6799,0.4783
4.4574,78.8109,0.3632
4.4574,78.8763,0.3302
4.4574,78.9418,0.728
4.4574,79.0073,0.6268
4.4574,79.0728,0.6099
4.4574,79.1382,0.5144
4.4574,79.2037,0.5135
4.4574,79.2692,0.5021
4.4574,79.3347,0.4099
4.4574,79.4001,0.4044
4.4574,79.4656,0.3715
4.3919,78.6145,0.5874
4.3919,78.8109,0.3789
4.3919,78.9418,0.3449
4.3919,79.0073,0.8666
4.3919,79.0728,0.5602
4.3919,79.1382,0.6611
4.3919,79.2037,0.4637
4.3919,79.2692,0.4492
4.3919,79.3347,0.4018
4.3919,79.4001,0.4011
4.3919,79.4656,0.3889
4.3264,78.8763,0.4473
4.3264,78.9418,0.3511
4.3264,79.0073,0.8528
4.3264,79.0728,0.2096
4.3264,79.2037,0.6129
4.3264,79.2692,0.1697
4.3264,79.3347,0.4206
4.3264,79.4001,0.4086
4.2609,79.0728,0.4093
4.2609,79.1382,0.4571
4.2609,79.2037,0.474
4.2609,79.3347,0.4384
4.2609,79.4001,0.4302
4.1955,79.2692,0.3924
4.1955,79.3347,0.4423
4.1955,79.4001,0.4566
20.4499,69.0082,0.4361
19.5332,67.9607,0.1931
19.4678,67.8952,0.009
19.4678,67.9607,0.1279
19.4678,68.0261,0.1296
19.4023,68.0261,0.2694
19.2059,69.2046,0.0671
19.2059,69.2701,0.225
19.2059,69.3356,0.4031
19.1404,69.2046,0.1041
19.0094,69.2701,0.2911
18.944,67.175,0.1264
18.8785,67.306,0.9621
18.8785,67.3714,1.625
18.813,67.175,0.5994
18.6821,69.1392,0.063
18.6821,69.2046,0.0329
18.5511,69.1392,0.004
18.5511,69.2046,0.0472
