latitude,longitude,sst_celsius
19.2544,68.7936,2.46
19.2544,68.859,2.45
19.2544,68.9245,2.5
19.189,68.7936,2.44
19.189,68.859,2.45
18.8616,71.8708,2.31
18.7961,71.8053,2.42
18.7961,71.9363,2.36
18.7961,72.0017,2.35
18.7961,72.0672,2.38
18.7307,71.347,2.59
18.7307,71.8053,2.48
18.7307,71.8708,2.44
18.7307,72.0017,2.33
18.7307,72.0672,2.36
18.6652,71.2161,2.51
18.6652,71.2815,2.46
18.6652,71.6744,2.51
18.6652,72.0672,2.36
18.5997,70.8887,2.44
18.5997,70.9542,2.42
18.5997,71.0851,2.45
18.5997,71.2815,2.54
18.5997,71.6744,2.51
18.5997,71.8053,2.33
18.5997,71.8708,2.37
18.5997,72.0017,2.36
18.5997,72.0672,2.37
18.5342,70.8232,2.6
18.5342,71.0851,2.45
18.5342,71.2161,2.49
18.5342,72.0017,2.36
18.4688,70.9542,2.38
18.4688,71.0196,2.4
18.4688,71.0851,2.43
18.4688,71.1506,2.42
18.4688,71.2161,2.43
18.4688,71.2815,2.46
18.4688,71.4125,2.5
18.4688,71.478,2.4
18.4688,71.8708,2.36
18.4033,71.0196,2.35
18.4033,71.0851,2.36
18.4033,71.1506,2.31
18.4033,71.2161,2.37
18.4033,71.2815,2.4
18.4033,71.347,2.46
18.4033,71.4125,2.48
18.4033,71.8053,2.53
18.4033,71.8708,2.52
18.3378,70.5613,2.45
18.3378,71.0196,2.39
18.3378,71.2161,2.4
18.3378,71.2815,2.39
18.3378,71.347,2.41
18.3378,71.4125,2.44
18.3378,71.478,2.42
18.3378,71.8053,2.33
18.3378,71.8708,2.52
18.2723,70.4959,2.55
18.2723,70.8887,2.48
18.2723,70.9542,2.43
18.2723,71.2161,2.45
18.2723,71.2815,2.47
18.2723,71.4125,2.45
18.2069,70.4959,2.33
18.2069,70.5613,2.52
18.2069,70.6268,2.56
18.2069,70.8887,2.46
18.2069,70.9542,2.42
18.2069,71.0196,2.38
18.2069,71.0851,2.41
18.1414,70.4959,2.62
18.1414,70.6923,2.54
18.1414,70.7578,2.34
18.1414,70.8232,2.46
18.1414,70.8887,2.47
18.1414,70.9542,2.44
18.1414,71.0196,2.46
18.1414,71.0851,2.44
18.1414,71.1506,2.52
18.1414,71.2161,2.48
18.1414,71.2815,2.56
18.0759,70.4304,2.65
18.0759,70.4959,2.54
18.0759,70.5613,2.43
18.0759,70.6923,2.49
18.0759,70.7578,2.49
18.0759,70.8232,2.52
18.0759,70.8887,2.46
18.0759,70.9542,2.47
18.0759,71.0196,2.52
18.0759,71.1506,2.46
18.0759,71.2161,2.5
18.0104,70.2994,2.65
18.0104,70.3649,2.61
18.0104,70.4959,2.51
18.0104,70.5613,2.52
18.0104,70.6268,2.47
18.0104,70.6923,2.45
18.0104,70.7578,2.46
18.0104,70.8232,2.45
18.0104,70.8887,2.49
18.0104,70.9542,2.52
18.0104,71.0851,2.48
18.0104,71.2161,2.49
18.0104,71.2815,2.36
18.0104,71.347,2.52
18.0104,71.8053,2.37
17.945,70.2994,2.6
17.945,70.3649,2.68
17.945,70.5613,2.52
17.945,70.6268,2.47
17.945,70.6923,2.46
17.945,70.7578,2.48
17.945,70.8887,2.56
17.945,71.0196,2.52
17.945,71.2161,2.5
17.945,71.2815,2.48
17.8795,70.234,2.46
17.8795,70.2994,2.43
17.8795,70.4304,2.55
17.8795,70.4959,2.5
17.8795,70.5613,2.52
17.814,70.4959,2.43
17.814,70.5613,2.5
17.814,70.7578,2.5
17.814,71.5434,2.41
17.7485,70.4959,2.49
17.7485,70.5613,2.49
17.7485,70.6268,2.47
17.7485,70.6923,2.51
17.7485,70.7578,2.47
17.7485,70.8232,2.48
17.7485,70.8887,2.53
17.7485,70.9542,2.53
17.7485,71.0196,2.55
17.7485,71.0851,2.55
17.7485,71.1506,2.37
17.7485,71.2815,2.56
17.6831,70.4959,2.41
17.6831,70.5613,2.47
17.6831,70.6268,2.47
17.6831,70.6923,2.46
17.6831,70.7578,2.48
17.6831,70.8232,2.36
17.6831,71.0851,2.37
17.6831,71.1506,2.55
17.6831,71.2161,2.56
17.6831,71.2815,2.56
17.6831,71.4125,2.48
17.6831,71.6089,2.34
17.6176,70.4959,2.51
17.6176,70.5613,2.52
17.6176,70.6268,2.46
17.6176,70.6923,2.47
17.6176,70.7578,2.45
17.6176,70.8232,2.45
17.6176,70.8887,2.44
17.6176,70.9542,2.45
17.6176,71.0196,2.49
17.6176,71.0851,2.51
17.6176,71.1506,2.53
17.6176,71.2161,2.33
17.6176,71.4125,2.53
17.5521,70.4304,2.56
17.5521,70.5613,2.49
17.5521,70.6268,2.54
17.5521,70.6923,2.49
17.5521,70.7578,2.53
17.5521,70.8232,2.46
17.5521,70.8887,2.46
17.5521,70.9542,2.43
17.5521,71.0196,2.48
17.5521,71.0851,2.46
17.5521,71.1506,2.52
17.5521,71.2161,2.48
17.4866,70.4959,2.5
17.4866,70.5613,2.51
17.4866,70.6923,2.46
17.4866,70.7578,2.45
17.4866,70.8232,2.49
17.4866,70.8887,2.46
17.4866,70.9542,2.46
17.4866,71.0196,2.46
17.4866,71.0851,2.49
17.4866,71.1506,2.54
17.4866,71.2161,2.5
17.4866,71.2815,2.52
17.4212,69.7102,2.6
17.4212,70.4959,2.5
17.4212,70.5613,2.47
17.4212,70.6268,2.49
17.4212,70.6923,2.51
17.4212,70.7578,2.49
17.4212,70.8232,2.49
17.4212,70.8887,2.49
17.4212,70.9542,2.49
17.4212,71.0196,2.48
17.4212,71.1506,2.47
17.4212,71.2161,2.49
17.4212,71.347,2.47
17.3557,70.3649,2.51
17.3557,70.5613,2.47
17.3557,70.7578,2.51
17.3557,70.8887,2.54
17.3557,70.9542,2.52
17.3557,71.0196,2.52
17.3557,71.0851,2.44
17.3557,71.1506,2.48
17.3557,71.2161,2.51
17.3557,71.2815,2.53
17.2902,70.6268,2.45
17.2902,70.7578,2.51
17.2902,70.8232,2.54
17.2902,70.8887,2.6
17.2902,70.9542,2.36
17.2902,71.0196,2.54
17.2902,71.0851,2.56
17.2248,70.1685,2.48
17.2248,70.2994,2.57
17.2248,70.4959,2.55
17.2248,70.5613,2.54
17.2248,70.6268,2.56
17.2248,70.6923,2.56
17.2248,70.7578,2.54
17.2248,71.0196,2.57
17.2248,71.347,2.37
17.2248,71.4125,2.37
17.2248,71.478,2.38
17.1593,70.5613,2.53
17.1593,70.8232,2.49
17.1593,70.8887,2.6
17.1593,70.9542,2.57
17.0938,70.4304,2.55
17.0938,70.7578,2.42
17.0283,71.347,2.42
16.9629,70.103,2.63
16.9629,70.9542,2.39
16.8974,70.5613,2.6
16.8974,70.6923,2.57
16.8974,70.7578,2.67
16.8319,70.234,2.38
16.8319,70.5613,2.55
16.8319,70.6923,2.59
16.8319,70.7578,2.6
16.8319,71.2815,2.52
16.8319,71.4125,2.42
16.7664,69.7102,2.59
16.7664,70.234,2.53
16.7664,70.2994,2.53
16.7664,70.4304,2.4
16.7664,70.6923,2.67
16.7664,70.7578,2.41
16.7664,70.8232,2.45
16.6355,71.2161,2.49
16.6355,71.2815,2.53
16.57,69.9721,2.47
16.57,70.103,2.41
16.57,70.1685,2.4
16.57,71.2161,2.71
16.5045,70.103,2.51
16.5045,70.1685,2.33
16.5045,70.7578,2.44
16.5045,70.9542,2.51
16.4391,67.9424,2.38
16.4391,69.9066,2.7
16.4391,70.0376,2.45
16.4391,70.103,2.53
16.4391,70.1685,2.33
16.4391,70.7578,2.59
16.4391,70.8232,2.61
16.4391,70.9542,2.39
16.3736,67.877,3.99
16.3736,69.5792,2.41
16.3736,69.6447,2.59
16.3736,69.7102,2.52
16.3736,69.8411,2.51
16.3736,70.0376,2.47
16.3736,70.103,2.46
16.3736,70.1685,2.52
16.3736,70.234,2.45
16.3736,70.3649,2.38
16.3736,70.5613,2.58
16.3736,70.6268,2.59
16.3736,70.8232,2.59
16.3736,71.0196,2.37
16.3081,69.5138,2.37
16.3081,69.5792,2.38
16.3081,69.9066,2.54
16.3081,69.9721,2.24
16.3081,70.1685,2.47
16.3081,70.2994,2.49
16.3081,70.3649,2.54
16.3081,70.4304,2.39
16.3081,70.6268,2.63
16.3081,70.6923,2.52
16.3081,70.7578,2.34
16.3081,70.8232,2.6
16.3081,70.8887,2.59
16.3081,70.9542,2.39
16.3081,71.0196,2.53
16.3081,71.0851,2.39
16.3081,71.1506,2.64
16.2426,69.5138,2.33
16.2426,69.6447,2.35
16.2426,69.7102,2.48
16.2426,69.7757,2.61
16.2426,69.8411,2.44
16.2426,70.0376,2.46
16.2426,70.103,2.65
16.2426,70.1685,2.41
16.2426,70.234,2.41
16.2426,70.3649,2.47
16.2426,70.4304,2.57
16.2426,70.6268,2.58
16.2426,70.7578,2.6
16.2426,70.8232,2.54
16.2426,70.8887,2.56
16.2426,70.9542,2.42
16.2426,71.1506,2.41
16.1772,69.1864,2.44
16.1772,69.2519,2.43
16.1772,69.3828,2.56
16.1772,69.4483,2.5
16.1772,69.5138,2.35
16.1772,69.5792,2.49
16.1772,69.6447,2.48
16.1772,69.7102,2.47
16.1772,69.7757,2.49
16.1772,69.8411,2.44
16.1772,69.9066,2.49
16.1772,70.103,2.44
16.1772,70.234,2.48
16.1772,70.2994,2.46
16.1772,70.3649,2.44
16.1772,70.4304,2.53
16.1772,70.8232,2.62
16.1772,70.8887,2.42
16.1117,67.8115,2.29
16.1117,68.2698,2.54
16.1117,68.3353,2.56
16.1117,68.5317,2.52
16.1117,68.7281,2.51
16.1117,68.7936,2.46
16.1117,68.9245,2.51
16.1117,69.1864,2.37
16.1117,69.2519,2.53
16.1117,69.3174,2.53
16.1117,69.3828,2.55
16.1117,69.4483,2.49
16.1117,69.5138,2.47
16.1117,69.5792,2.45
16.1117,69.6447,2.59
16.1117,69.7102,2.44
16.1117,69.7757,2.37
16.1117,69.8411,2.46
16.1117,69.9066,2.45
16.1117,69.9721,2.46
16.1117,70.0376,2.48
16.1117,70.1685,2.39
16.1117,70.234,2.35
16.1117,70.2994,2.44
16.1117,70.3649,2.44
16.1117,70.8232,2.32
16.0462,67.8115,3.83
16.0462,67.877,2.4
16.0462,68.3353,2.4
16.0462,68.4007,2.48
16.0462,68.4662,2.47
16.0462,68.5317,2.46
16.0462,68.5972,2.46
16.0462,68.6626,2.42
16.0462,68.859,2.41
16.0462,69.2519,2.5
16.0462,69.3174,2.46
16.0462,69.3828,2.52
16.0462,69.4483,2.49
16.0462,69.5138,2.48
16.0462,69.5792,2.52
16.0462,69.6447,2.44
16.0462,69.7102,2.44
16.0462,69.7757,2.48
16.0462,69.8411,2.48
16.0462,69.9066,2.47
16.0462,69.9721,2.48
16.0462,70.0376,2.43
16.0462,70.103,2.42
16.0462,70.1685,2.44
16.0462,70.2994,2.48
16.0462,70.4959,2.46
16.0462,70.8232,2.47
15.9808,68.4007,2.5
15.9808,68.4662,2.42
15.9808,68.5317,2.43
15.9808,68.5972,2.44
15.9808,68.6626,2.42
15.9808,68.7281,2.47
15.9808,68.859,2.35
15.9808,68.9245,2.32
15.9808,68.99,2.32
15.9808,69.1209,2.47
15.9808,69.3174,2.51
15.9808,69.3828,2.33
15.9808,69.4483,2.5
15.9808,69.5138,2.5
15.9808,69.5792,2.52
15.9808,69.7102,2.48
15.9808,69.7757,2.48
15.9808,69.8411,2.49
15.9808,69.9066,2.49
15.9808,69.9721,2.48
15.9808,70.103,2.45
15.9808,70.1685,2.46
15.9808,70.234,2.52
15.9808,70.2994,2.52
15.9153,68.4007,2.45
15.9153,68.4662,2.42
15.9153,68.5317,2.42
15.9153,68.5972,2.42
15.9153,68.6626,2.43
15.9153,68.7281,2.36
15.9153,68.859,2.5
15.9153,68.9245,2.32
15.9153,68.99,2.36
15.9153,69.0555,2.47
15.9153,69.1209,2.34
15.9153,69.1864,2.48
15.9153,69.2519,2.5
15.9153,69.3174,2.52
15.9153,69.3828,2.47
15.9153,69.4483,2.47
15.9153,69.5138,2.37
15.9153,69.5792,2.39
15.9153,69.6447,2.54
15.9153,69.7102,2.5
15.9153,69.7757,2.49
15.9153,69.8411,2.5
15.9153,69.9066,2.45
15.9153,69.9721,2.56
15.9153,70.0376,2.45
15.9153,70.1685,2.51
15.9153,70.3649,2.47
15.8498,67.8115,2.47
15.8498,67.877,2.42
15.8498,67.9424,2.5
15.8498,68.4662,2.41
15.8498,68.5317,2.39
15.8498,68.5972,2.41
15.8498,68.6626,2.43
15.8498,68.7281,2.4
15.8498,68.7936,2.38
15.8498,68.859,2.34
15.8498,68.9245,2.33
15.8498,68.99,2.37
15.8498,69.0555,2.34
15.8498,69.1209,2.35
15.8498,69.1864,2.35
15.8498,69.2519,2.5
15.8498,69.5792,2.52
15.8498,69.6447,2.51
15.8498,69.7102,2.49
15.7843,67.746,2.91
15.7843,67.8115,2.36
15.7843,68.0734,2.42
15.7843,68.1388,2.46
15.7843,68.2043,2.41
15.7843,68.5317,2.36
15.7843,68.5972,2.4
15.7843,68.6626,2.4
15.7843,68.7281,2.42
15.7843,68.7936,2.37
15.7843,68.9245,2.29
15.7843,68.99,2.21
15.7843,69.1209,2.41
15.7843,69.1864,2.55
15.7843,69.2519,2.38
15.7843,69.3174,2.39
15.7843,69.3828,2.37
15.7843,69.7757,2.6
15.7189,67.746,3.89
15.7189,68.0079,2.44
15.7189,68.2043,2.45
15.7189,68.2698,2.46
15.7189,68.4662,2.53
15.7189,68.5317,2.45
15.7189,68.6626,2.44
15.7189,68.7281,2.42
15.7189,68.7936,2.46
15.7189,68.9245,2.38
15.7189,68.99,2.33
15.7189,69.0555,2.4
15.7189,69.1209,2.41
15.6534,67.8115,2.26
15.6534,67.877,2.45
15.6534,68.2043,2.48
15.6534,68.5972,2.38
15.6534,68.6626,2.35
15.6534,68.7281,2.41
15.6534,68.7936,2.41
15.6534,68.859,2.36
15.6534,68.9245,2.39
15.6534,69.0555,2.41
15.6534,69.1864,2.43
15.6534,69.6447,2.37
15.6534,69.7102,2.36
15.6534,69.8411,2.49
15.5879,67.8115,2.4
15.5879,68.4662,2.5
15.5879,68.5972,2.46
15.5879,68.7281,2.35
15.5879,68.7936,2.38
15.5879,68.859,2.68
15.5879,68.9245,2.36
15.5879,68.99,2.38
15.5879,69.0555,2.39
15.5879,69.1209,2.39
15.5879,69.2519,2.46
15.5879,69.5138,2.33
15.5879,69.5792,2.58
15.5879,69.8411,2.5
15.5879,69.9721,2.53
15.5224,68.3353,2.47
15.5224,68.4007,2.23
15.5224,68.4662,2.52
15.5224,68.5317,2.45
15.5224,68.5972,2.44
15.5224,68.7281,2.37
15.5224,68.859,2.35
15.5224,68.9245,2.37
15.5224,68.99,2.46
15.5224,69.0555,2.38
15.5224,69.1209,2.42
15.5224,69.1864,2.44
15.5224,69.2519,2.5
15.5224,69.3174,2.51
15.5224,70.8887,2.46
15.457,67.6805,2.24
15.457,67.746,2.39
15.457,67.8115,2.36
15.457,67.877,2.33
15.457,67.9424,2.39
15.457,68.2043,2.37
15.457,68.5317,2.43
15.457,68.5972,2.41
15.457,68.6626,2.44
15.457,68.7281,2.37
15.457,68.7936,2.4
15.457,68.859,2.33
15.457,68.9245,2.4
15.457,69.1209,2.45
15.457,69.1864,2.46
15.457,69.5792,2.64
15.457,70.9542,2.4
15.3915,67.6805,3.98
15.3915,67.746,2.25
15.3915,67.8115,2.37
15.3915,67.877,2.41
15.3915,67.9424,2.36
15.3915,68.2698,2.43
15.3915,68.5972,2.43
15.3915,68.6626,2.44
15.3915,68.7281,2.44
15.3915,68.859,2.37
15.3915,68.9245,2.36
15.3915,68.99,2.44
15.3915,69.0555,2.48
15.3915,69.1209,2.57
15.3915,69.1864,2.5
15.3915,70.234,2.44
15.3915,70.3649,2.55
15.3915,70.5613,2.58
15.326,67.6805,2.94
15.326,67.746,2.37
15.326,67.8115,2.34
15.326,67.877,2.58
15.326,67.9424,2.43
15.326,68.0079,2.38
15.326,68.0734,2.39
15.326,68.1388,2.37
15.326,68.5317,2.45
15.326,68.5972,2.4
15.326,68.6626,2.32
15.326,68.7281,2.38
15.326,68.859,2.49
15.326,69.9066,2.36
15.326,70.103,2.37
15.326,70.1685,2.61
15.326,70.234,2.42
15.326,70.2994,2.42
15.326,70.4304,2.46
15.326,70.5613,2.45
15.326,70.6268,2.52
15.326,70.8232,2.56
15.326,70.8887,2.47
15.326,71.0196,2.4
15.2605,67.6805,2.35
15.2605,67.746,2.33
15.2605,67.8115,2.31
15.2605,68.0734,2.37
15.2605,68.3353,2.41
15.2605,68.4662,2.43
15.2605,68.5972,2.35
15.2605,68.6626,2.4
15.2605,68.7936,2.45
15.2605,68.859,2.35
15.2605,69.2519,2.49
15.2605,70.234,2.55
15.2605,70.2994,2.34
15.2605,70.4959,2.47
15.1951,67.6805,2.34
15.1951,67.746,2.33
15.1951,67.9424,2.41
15.1951,68.1388,2.35
15.1951,68.2043,2.51
15.1951,68.3353,2.5
15.1951,68.4007,2.35
15.1951,68.4662,2.36
15.1951,68.5317,2.43
15.1951,68.5972,2.34
15.1951,68.6626,2.4
15.1951,70.2994,2.36
15.1951,70.3649,2.46
15.1951,70.6923,2.53
15.1296,67.6151,2.22
15.1296,67.6805,2.33
15.1296,67.746,2.34
15.1296,67.8115,2.33
15.1296,68.0079,2.37
15.1296,68.1388,2.4
15.1296,68.2043,2.28
15.1296,68.2698,2.4
15.1296,68.3353,2.53
15.1296,68.4007,2.34
15.1296,68.4662,2.53
15.1296,68.5972,2.47
15.1296,68.6626,2.5
15.1296,68.7281,2.37
15.1296,68.7936,2.4
15.1296,68.859,2.4
15.1296,68.9245,2.26
15.1296,68.99,2.56
15.1296,69.2519,2.5
15.1296,69.3174,2.5
15.1296,69.3828,2.57
15.1296,69.5792,2.65
15.1296,69.9066,2.48
15.1296,70.0376,2.32
15.1296,70.1685,2.53
15.1296,70.234,2.32
15.1296,70.2994,2.48
15.1296,70.3649,2.41
15.0641,67.6151,3.93
15.0641,67.6805,2.33
15.0641,67.746,2.32
15.0641,67.8115,2.31
15.0641,67.9424,2.36
15.0641,68.0079,2.36
15.0641,68.0734,2.42
15.0641,68.2698,2.39
15.0641,68.3353,2.41
15.0641,68.4662,2.45
15.0641,68.5317,2.34
15.0641,68.5972,2.43
15.0641,68.6626,2.31
15.0641,68.7281,2.41
15.0641,68.7936,2.36
15.0641,68.859,2.38
15.0641,68.9245,2.4
15.0641,69.0555,2.5
15.0641,69.1209,2.53
15.0641,69.1864,2.47
15.0641,69.3174,2.41
15.0641,69.3828,2.47
15.0641,69.5138,2.59
15.0641,69.8411,2.52
15.0641,69.9066,2.45
15.0641,70.0376,2.55
15.0641,70.103,2.39
15.0641,70.234,2.35
15.0641,70.3649,2.4
15.0641,70.4304,2.42
15.0641,70.4959,2.39
14.9986,67.6151,2.83
14.9986,67.6805,2.32
14.9986,67.746,2.31
14.9986,67.8115,2.33
14.9986,67.877,2.34
14.9986,67.9424,2.37
14.9986,68.0079,2.51
14.9986,68.1388,2.36
14.9986,68.2043,2.44
14.9986,68.4662,2.46
14.9986,68.5317,2.38
14.9986,68.5972,2.32
14.9986,68.6626,2.52
14.9986,68.7281,2.44
14.9986,68.7936,2.38
14.9986,68.859,2.35
14.9986,68.9245,2.38
14.9986,69.0555,2.41
14.9986,69.1209,2.43
14.9986,69.1864,2.4
14.9986,69.7757,2.53
14.9986,70.8887,2.46
14.9332,67.6151,2.3
14.9332,67.6805,2.29
14.9332,67.746,2.3
14.9332,67.8115,2.31
14.9332,67.877,2.32
14.9332,67.9424,2.32
14.9332,68.0079,2.31
14.9332,68.0734,2.4
14.9332,68.2043,2.34
14.9332,68.2698,2.36
14.9332,68.4662,2.43
14.9332,68.5317,2.37
14.9332,68.5972,2.37
14.9332,68.6626,2.41
14.9332,68.7281,2.39
14.9332,68.9245,2.32
14.9332,68.99,2.38
14.9332,69.5138,2.68
14.9332,69.5792,2.59
14.9332,69.7102,2.53
14.9332,69.9721,2.47
14.8677,67.6151,2.31
14.8677,67.6805,2.31
14.8677,67.746,2.29
14.8677,67.8115,2.3
14.8677,67.877,2.33
14.8677,67.9424,2.35
14.8677,68.0079,2.38
14.8677,68.2043,2.35
14.8677,68.2698,2.24
14.8677,68.5317,2.22
14.8677,68.5972,2.44
14.8677,68.7281,2.38
14.8677,68.7936,2.42
14.8677,68.9245,2.36
14.8677,68.99,2.38
14.8677,69.0555,2.45
14.8677,69.1209,2.45
14.8677,69.5138,2.65
14.8677,69.6447,2.63
14.8677,69.7757,2.56
14.8677,69.9066,2.47
14.8677,70.0376,2.51
14.8677,70.8887,2.61
14.8022,67.5496,2.19
14.8022,67.6151,2.32
14.8022,67.6805,2.3
14.8022,67.746,2.29
14.8022,67.8115,2.28
14.8022,67.877,2.32
14.8022,67.9424,2.34
14.8022,68.0079,2.32
14.8022,68.0734,2.49
14.8022,68.1388,2.37
14.8022,68.2043,2.37
14.8022,68.4662,2.38
14.8022,68.5317,2.43
14.8022,68.5972,2.42
14.8022,68.6626,2.39
14.8022,68.7281,2.34
14.8022,68.7936,2.36
14.8022,68.859,2.35
14.8022,68.99,2.42
14.8022,69.3828,2.54
14.8022,69.5792,2.65
14.8022,69.6447,2.5
14.8022,69.7757,2.4
14.8022,69.8411,2.39
14.8022,69.9066,2.44
14.8022,70.1685,2.6
14.8022,70.8887,2.49
14.7367,67.5496,3.39
14.7367,67.6151,2.3
14.7367,67.6805,2.3
14.7367,67.746,2.31
14.7367,67.8115,2.28
14.7367,67.877,2.28
14.7367,67.9424,2.34
14.7367,68.0734,2.3
14.7367,68.1388,2.38
14.7367,68.2043,2.36
14.7367,68.2698,2.38
14.7367,68.3353,2.29
14.7367,68.4662,2.43
14.7367,68.5972,2.41
14.7367,68.6626,2.36
14.7367,68.7281,2.36
14.7367,68.7936,2.38
14.7367,68.859,2.51
14.7367,68.9245,2.35
14.7367,68.99,2.46
14.7367,69.1209,2.49
14.7367,69.1864,2.41
14.7367,69.2519,2.44
14.7367,69.3174,2.76
14.7367,69.3828,2.47
14.7367,69.4483,2.53
14.7367,69.5792,2.63
14.7367,69.7102,2.55
14.7367,69.9066,2.45
14.7367,70.0376,2.38
14.7367,70.234,2.38
14.7367,70.2994,2.41
14.7367,70.6268,2.39
14.7367,70.8232,2.34
14.7367,70.8887,2.47
14.6713,67.5496,3.39
14.6713,67.6151,2.3
14.6713,67.6805,2.31
14.6713,67.746,2.3
14.6713,67.8115,2.28
14.6713,67.877,2.37
14.6713,68.0079,2.32
14.6713,68.0734,2.38
14.6713,68.2043,2.3
14.6713,68.2698,2.43
14.6713,68.3353,2.31
14.6713,68.4662,2.45
14.6713,68.5317,2.42
14.6713,68.6626,2.44
14.6713,68.7281,2.38
14.6713,68.7936,2.38
14.6713,68.859,2.38
14.6713,68.9245,2.48
14.6713,69.1209,2.53
14.6713,69.2519,2.39
14.6713,69.3174,2.37
14.6713,69.4483,2.51
14.6713,69.5138,2.39
14.6713,69.7102,2.46
14.6713,69.9066,2.58
14.6713,70.3649,2.56
14.6713,70.4304,2.56
14.6713,70.4959,2.62
14.6713,70.5613,2.38
14.6058,67.5496,2.34
14.6058,67.6151,2.3
14.6058,67.6805,2.29
14.6058,67.746,2.32
14.6058,67.8115,2.33
14.6058,67.877,2.34
14.6058,67.9424,2.44
14.6058,68.0079,2.37
14.6058,68.0734,2.54
14.6058,68.1388,2.26
14.6058,68.5972,2.47
14.6058,68.6626,2.38
14.6058,68.7281,2.36
14.6058,68.7936,2.37
14.6058,68.859,2.41
14.6058,69.1864,2.48
14.6058,69.2519,2.44
14.6058,69.3174,2.5
14.6058,69.4483,2.41
14.6058,69.5138,2.34
14.6058,69.5792,2.51
14.6058,70.234,2.46
14.6058,70.2994,2.38
14.6058,70.8232,2.63
14.5403,67.5496,2.32
14.5403,67.6151,2.32
14.5403,67.6805,2.29
14.5403,67.746,2.34
14.5403,67.8115,2.34
14.5403,67.877,2.4
14.5403,67.9424,2.35
14.5403,68.0734,2.39
14.5403,68.3353,2.41
14.5403,68.4007,2.41
14.5403,68.4662,2.47
14.5403,68.5317,2.37
14.5403,68.5972,2.4
14.5403,68.6626,2.48
14.5403,68.7281,2.35
14.5403,68.7936,2.41
14.5403,68.9245,2.41
14.5403,68.99,2.53
14.5403,69.0555,2.46
14.5403,69.1209,2.53
14.5403,69.3174,2.59
14.5403,69.3828,2.43
14.5403,69.5138,2.6
14.5403,69.6447,2.4
14.4749,67.5496,2.34
14.4749,67.6151,2.29
14.4749,67.6805,2.33
14.4749,67.746,2.3
14.4749,67.8115,2.29
14.4749,67.877,2.32
14.4749,67.9424,2.26
14.4749,68.0079,2.27
14.4749,68.0734,2.29
14.4749,68.4007,2.44
14.4749,68.4662,2.32
14.4749,68.5317,2.37
14.4749,68.5972,2.3
14.4749,68.859,2.36
14.4749,68.9245,2.4
14.4749,68.99,2.45
14.4749,69.0555,2.47
14.4749,69.3828,2.67
14.4749,70.0376,2.47
14.4094,67.4841,3.53
14.4094,67.5496,2.27
14.4094,67.6151,2.28
14.4094,67.6805,2.31
14.4094,67.746,2.3
14.4094,67.8115,2.33
14.4094,67.877,2.28
14.4094,67.9424,2.23
14.4094,68.0079,2.35
14.4094,68.0734,2.35
14.4094,68.1388,2.57
14.4094,68.7281,2.31
14.4094,68.7936,2.42
14.4094,68.859,2.38
14.4094,69.6447,2.61
14.4094,70.0376,2.58
14.4094,70.7578,2.6
14.4094,70.8232,2.32
14.3439,67.4841,3.65
14.3439,67.5496,2.37
14.3439,67.6151,2.3
14.3439,67.6805,2.31
14.3439,67.746,2.2
14.3439,67.9424,2.42
14.3439,68.0079,2.35
14.3439,68.0734,2.35
14.3439,68.3353,2.52
14.3439,68.5317,2.38
14.3439,68.5972,2.37
14.3439,68.7281,2.36
14.3439,68.7936,2.32
14.3439,68.859,2.37
14.3439,68.9245,2.38
14.3439,69.4483,2.51
14.3439,69.5138,2.55
14.3439,69.5792,2.63
14.3439,69.6447,2.55
14.3439,69.7102,2.57
14.3439,69.9721,2.51
14.3439,70.0376,2.52
14.3439,70.103,2.42
14.3439,70.1685,2.43
14.3439,70.3649,2.55
14.3439,70.5613,2.46
14.3439,70.6923,2.44
14.2784,67.4841,2.53
14.2784,67.5496,2.31
14.2784,67.746,2.47
14.2784,67.8115,2.2
14.2784,67.877,2.34
14.2784,67.9424,2.3
14.2784,68.0079,2.34
14.2784,68.0734,2.54
14.2784,68.2698,2.41
14.2784,68.5317,2.44
14.2784,68.7281,2.33
14.2784,68.7936,2.33
14.2784,68.859,2.46
14.2784,68.9245,2.59
14.2784,69.3828,2.53
14.2784,69.5138,2.42
14.2784,69.5792,2.53
14.2784,69.6447,2.29
14.2784,69.7102,2.49
14.2784,69.7757,2.58
14.2784,69.9721,2.36
14.2784,70.0376,2.28
14.2784,70.103,2.51
14.2784,70.1685,2.38
14.2784,70.4304,2.39
14.2784,70.4959,2.39
14.2784,70.5613,2.34
14.2784,70.6268,2.29
14.2784,70.6923,2.37
14.2784,70.7578,2.3
14.213,67.4841,2.36
14.213,67.5496,2.3
14.213,67.6151,2.34
14.213,67.6805,2.3
14.213,67.746,2.29
14.213,67.8115,2.32
14.213,67.877,2.21
14.213,67.9424,2.39
14.213,68.0079,2.34
14.213,68.0734,2.39
14.213,68.1388,2.38
14.213,68.2043,2.37
14.213,68.2698,2.47
14.213,68.5972,2.46
14.213,68.7936,2.33
14.213,68.859,2.44
14.213,68.9245,2.37
14.213,68.99,2.38
14.213,69.1864,2.58
14.213,69.2519,2.55
14.213,69.3174,2.45
14.213,69.3828,2.41
14.213,69.4483,2.48
14.213,69.5792,2.5
14.213,69.6447,2.4
14.213,69.9066,2.43
14.213,70.0376,2.39
14.213,70.103,2.44
14.213,70.1685,2.52
14.213,70.234,2.41
14.213,70.2994,2.52
14.213,70.3649,2.38
14.213,70.4304,2.37
14.213,70.4959,2.37
14.213,70.5613,2.34
14.213,70.6268,2.34
14.213,70.7578,2.33
14.213,70.8232,2.34
14.1475,67.4841,2.33
14.1475,67.6151,2.23
14.1475,67.6805,2.26
14.1475,67.746,2.28
14.1475,67.8115,2.29
14.1475,67.877,2.31
14.1475,67.9424,2.33
14.1475,68.0079,2.34
14.1475,68.0734,2.37
14.1475,68.2043,2.41
14.1475,68.2698,2.43
14.1475,68.6626,2.34
14.1475,68.7281,2.31
14.1475,68.7936,2.31
14.1475,68.859,2.31
14.1475,68.99,2.56
14.1475,69.0555,2.38
14.1475,69.1209,2.43
14.1475,69.1864,2.44
14.1475,69.2519,2.44
14.1475,69.3174,2.44
14.1475,69.4483,2.39
14.1475,69.5138,2.39
14.1475,69.5792,2.48
14.1475,69.7102,2.55
14.1475,69.8411,2.49
14.1475,69.9066,2.43
14.1475,70.103,2.38
14.1475,70.1685,2.32
14.1475,70.234,2.34
14.1475,70.2994,2.36
14.1475,70.3649,2.33
14.1475,70.4304,2.35
14.1475,70.4959,2.32
14.1475,70.5613,2.3
14.1475,70.6268,2.34
14.1475,70.6923,2.28
14.1475,70.7578,2.37
14.1475,70.8232,2.35
14.082,67.5496,2.29
14.082,67.6151,2.4
14.082,67.6805,2.36
14.082,67.746,2.29
14.082,67.8115,2.32
14.082,67.877,2.41
14.082,67.9424,2.33
14.082,68.0079,2.33
14.082,68.6626,2.21
14.082,68.7281,2.35
14.082,68.7936,2.33
14.082,68.859,2.39
14.082,68.9245,2.47
14.082,68.99,2.32
14.082,69.0555,2.57
14.082,69.1209,2.23
14.082,69.2519,2.43
14.082,69.3174,2.46
14.082,69.3828,2.43
14.082,69.4483,2.46
14.082,69.5792,2.49
14.082,69.9721,2.3
14.082,70.0376,2.38
14.082,70.103,2.24
14.082,70.1685,2.3
14.082,70.234,2.32
14.082,70.2994,2.38
14.082,70.3649,2.42
14.082,70.4959,2.38
14.082,70.6268,2.18
14.082,70.6923,2.34
14.082,70.7578,2.32
14.0165,67.4841,2.3
14.0165,67.6151,2.26
14.0165,67.6805,2.25
14.0165,67.877,2.48
14.0165,68.0079,2.44
14.0165,68.0734,2.42
14.0165,68.1388,2.36
14.0165,68.2043,2.42
14.0165,68.6626,2.28
14.0165,68.7281,2.35
14.0165,68.7936,2.34
14.0165,68.9245,2.23
14.0165,69.2519,2.43
14.0165,69.3174,2.4
14.0165,69.3828,2.44
14.0165,69.4483,2.34
14.0165,69.5138,2.34
14.0165,69.7102,2.22
14.0165,69.7757,2.39
14.0165,70.103,2.36
14.0165,70.1685,2.3
14.0165,70.234,2.31
14.0165,70.4304,2.34
14.0165,70.4959,2.28
14.0165,70.5613,2.38
14.0165,70.6268,2.3
14.0165,70.6923,2.33
14.0165,70.7578,2.29
13.9511,67.4187,2.53
13.9511,67.6151,2.38
13.9511,67.6805,2.35
13.9511,67.746,2.36
13.9511,67.8115,2.39
13.9511,67.877,2.38
13.9511,67.9424,2.39
13.9511,68.0079,2.47
13.9511,68.0734,2.32
13.9511,68.1388,2.41
13.9511,68.2043,2.34
13.9511,68.5972,2.28
13.9511,68.7281,2.31
13.9511,68.9245,2.31
13.9511,68.99,2.54
13.9511,69.1864,2.45
13.9511,69.2519,2.53
13.9511,69.3174,2.45
13.9511,69.3828,2.49
13.9511,69.4483,2.25
13.9511,69.5138,2.45
13.9511,69.5792,2.41
13.9511,69.7757,2.35
13.9511,69.8411,2.22
13.9511,69.9721,2.22
13.9511,70.1685,2.33
13.9511,70.2994,2.32
13.9511,70.3649,2.33
13.9511,70.4959,2.32
13.9511,70.5613,2.36
13.9511,70.6268,2.3
13.9511,70.6923,2.32
13.9511,70.7578,2.26
13.8856,67.4187,2.33
13.8856,67.4841,2.34
13.8856,67.5496,2.4
13.8856,67.6151,2.42
13.8856,67.746,2.43
13.8856,67.8115,2.3
13.8856,67.877,2.3
13.8856,67.9424,2.49
13.8856,68.0079,2.54
13.8856,68.0734,2.51
13.8856,68.1388,2.37
13.8856,68.4662,2.49
13.8856,68.5317,2.51
13.8856,68.5972,2.31
13.8856,68.6626,2.33
13.8856,68.7281,2.33
13.8856,68.7936,2.41
13.8856,68.859,2.43
13.8856,68.9245,2.48
13.8856,69.0555,2.53
13.8856,69.1209,2.46
13.8856,69.1864,2.33
13.8856,69.2519,2.43
13.8856,69.3174,2.47
13.8856,69.3828,2.42
13.8856,69.4483,2.42
13.8856,69.5138,2.41
13.8856,69.5792,2.55
13.8856,69.7102,2.32
13.8856,69.7757,2.31
13.8856,69.9721,2.35
13.8856,70.1685,2.5
13.8856,70.234,2.35
13.8856,70.2994,2.42
13.8856,70.3649,2.34
13.8856,70.4304,2.37
13.8856,70.5613,2.41
13.8856,70.6268,2.33
13.8856,70.6923,2.34
13.8856,70.7578,2.25
13.8201,67.4187,2.25
13.8201,67.4841,2.25
13.8201,67.5496,2.41
13.8201,67.746,2.49
13.8201,67.8115,2.33
13.8201,67.877,2.42
13.8201,67.9424,2.41
13.8201,68.0079,2.37
13.8201,68.2698,2.34
13.8201,68.3353,2.4
13.8201,68.4007,2.45
13.8201,68.4662,2.4
13.8201,68.5972,2.33
13.8201,68.6626,2.35
13.8201,68.7281,2.38
13.8201,68.7936,2.4
13.8201,68.859,2.39
13.8201,68.9245,2.38
13.8201,69.0555,2.42
13.8201,69.1209,2.42
13.8201,69.1864,2.55
13.8201,69.5138,2.37
13.8201,69.8411,2.3
13.8201,70.0376,2.32
13.8201,70.103,2.25
13.8201,70.1685,2.31
13.8201,70.234,2.4
13.8201,70.2994,2.28
13.8201,70.3649,2.4
13.8201,70.4304,2.41
13.8201,70.5613,2.21
13.8201,70.6268,2.37
13.8201,70.6923,2.34
13.8201,70.7578,2.32
13.7546,67.4187,2.35
13.7546,67.4841,2.3
13.7546,67.5496,2.3
13.7546,67.6151,2.39
13.7546,67.6805,2.36
13.7546,67.746,2.31
13.7546,67.8115,2.36
13.7546,67.877,2.38
13.7546,67.9424,2.4
13.7546,68.0079,2.43
13.7546,68.2043,2.34
13.7546,68.2698,2.29
13.7546,68.3353,2.35
13.7546,68.4007,2.34
13.7546,68.4662,2.38
13.7546,68.5317,2.41
13.7546,68.5972,2.33
13.7546,68.6626,2.37
13.7546,68.7281,2.38
13.7546,68.7936,2.41
13.7546,68.859,2.4
13.7546,68.9245,2.36
13.7546,68.99,2.42
13.7546,69.0555,2.43
13.7546,69.1209,2.48
13.7546,69.1864,2.33
13.7546,69.3174,2.25
13.7546,69.3828,2.35
13.7546,69.7102,2.3
13.7546,69.8411,2.3
13.7546,69.9066,2.25
13.7546,69.9721,2.26
13.7546,70.0376,2.32
13.7546,70.103,2.33
13.7546,70.1685,2.33
13.7546,70.234,2.35
13.7546,70.3649,2.42
13.7546,70.4959,2.31
13.7546,70.7578,2.33
13.6892,67.4187,2.3
13.6892,67.4841,2.29
13.6892,67.5496,2.3
13.6892,67.6151,2.43
13.6892,67.6805,2.32
13.6892,67.746,2.34
13.6892,67.8115,2.16
13.6892,67.877,2.33
13.6892,67.9424,2.35
13.6892,68.0079,2.36
13.6892,68.0734,2.56
13.6892,68.2043,2.49
13.6892,68.2698,2.48
13.6892,68.3353,2.29
13.6892,68.4007,2.26
13.6892,68.4662,2.36
13.6892,68.5972,2.4
13.6892,68.6626,2.37
13.6892,68.7281,2.36
13.6892,68.7936,2.38
13.6892,68.859,2.4
13.6892,68.9245,2.36
13.6892,68.99,2.31
13.6892,69.0555,2.43
13.6892,69.1209,2.35
13.6892,69.1864,2.37
13.6892,69.3174,2.33
13.6892,69.3828,2.48
13.6892,69.5138,2.41
13.6892,69.7102,2.3
13.6892,69.7757,2.58
13.6892,69.8411,2.28
13.6892,69.9066,2.27
13.6892,69.9721,2.33
13.6892,70.0376,2.32
13.6892,70.103,2.34
13.6892,70.1685,2.3
13.6892,70.234,2.34
13.6892,70.2994,2.38
13.6892,70.3649,2.4
13.6892,70.4304,2.39
13.6892,70.4959,2.41
13.6892,70.5613,2.35
13.6892,70.6923,2.26
13.6892,70.7578,2.35
13.6237,67.3532,2.88
13.6237,67.4187,2.3
13.6237,67.4841,2.3
13.6237,67.5496,2.3
13.6237,67.6151,2.41
13.6237,67.6805,2.34
13.6237,67.746,2.66
13.6237,67.8115,2.38
13.6237,67.877,2.27
13.6237,67.9424,2.39
13.6237,68.0079,2.28
13.6237,68.0734,2.42
13.6237,68.1388,2.47
13.6237,68.2043,2.35
13.6237,68.2698,2.35
13.6237,68.3353,2.38
13.6237,68.4007,2.4
13.6237,68.4662,2.36
13.6237,68.5317,2.57
13.6237,68.5972,2.34
13.6237,68.6626,2.34
13.6237,68.7281,2.32
13.6237,68.7936,2.24
13.6237,68.859,2.4
13.6237,68.9245,2.43
13.6237,68.99,2.42
13.6237,69.1864,2.54
13.6237,69.4483,2.42
13.6237,69.5792,2.44
13.6237,69.6447,2.18
13.6237,69.7102,2.28
13.6237,69.7757,2.33
13.6237,69.8411,2.31
13.6237,69.9066,2.26
13.6237,69.9721,2.29
13.6237,70.0376,2.53
13.6237,70.103,2.32
13.6237,70.1685,2.21
13.6237,70.234,2.33
13.6237,70.3649,2.36
13.6237,70.6268,2.2
13.6237,70.6923,2.35
13.6237,70.7578,2.29
13.5582,67.3532,2.29
13.5582,67.4187,2.26
13.5582,67.4841,2.35
13.5582,67.5496,2.4
13.5582,67.6151,2.33
13.5582,67.6805,2.32
13.5582,67.746,2.35
13.5582,67.8115,2.33
13.5582,68.0079,2.28
13.5582,68.0734,2.36
13.5582,68.3353,2.36
13.5582,68.4007,2.36
13.5582,68.4662,2.36
13.5582,68.5317,2.37
13.5582,68.5972,2.35
13.5582,68.6626,2.25
13.5582,68.7281,2.38
13.5582,68.859,2.4
13.5582,68.9245,2.35
13.5582,68.99,2.45
13.5582,69.1209,2.29
13.5582,69.1864,2.44
13.5582,69.2519,2.32
13.5582,69.3828,2.41
13.5582,69.7102,2.26
13.5582,69.7757,2.29
13.5582,69.8411,2.3
13.5582,69.9066,2.29
13.5582,69.9721,2.29
13.5582,70.0376,2.3
13.5582,70.103,2.29
13.5582,70.1685,2.32
13.5582,70.234,2.32
13.5582,70.2994,2.49
13.5582,70.4304,2.29
13.5582,70.5613,2.48
13.5582,70.6268,2.22
13.5582,70.6923,2.38
13.4927,67.3532,2.33
13.4927,67.4187,2.22
13.4927,67.5496,2.39
13.4927,67.6805,2.31
13.4927,67.746,2.37
13.4927,67.8115,2.35
13.4927,67.877,2.34
13.4927,67.9424,2.31
13.4927,68.0079,2.34
13.4927,68.0734,2.36
13.4927,68.3353,2.23
13.4927,68.4007,2.33
13.4927,68.4662,2.32
13.4927,68.5317,2.34
13.4927,68.5972,2.35
13.4927,68.6626,2.35
13.4927,68.7281,2.26
13.4927,68.7936,2.37
13.4927,68.859,2.39
13.4927,68.9245,2.41
13.4927,68.99,2.42
13.4927,69.0555,2.35
13.4927,69.1209,2.45
13.4927,69.1864,2.37
13.4927,69.2519,2.37
13.4927,69.3174,2.34
13.4927,69.3828,2.42
13.4927,69.5138,2.3
13.4927,69.6447,2.31
13.4927,69.7102,2.33
13.4927,69.7757,2.3
13.4927,69.8411,2.3
13.4927,69.9066,2.29
13.4927,69.9721,2.31
13.4927,70.0376,2.3
13.4927,70.103,2.3
13.4927,70.1685,2.32
13.4927,70.3649,2.31
13.4927,70.4304,2.22
13.4927,70.6923,2.4
13.4273,67.2877,2.74
13.4273,67.3532,2.29
13.4273,67.4187,2.28
13.4273,67.4841,2.29
13.4273,67.5496,2.45
13.4273,67.6151,2.32
13.4273,67.6805,2.34
13.4273,67.746,2.31
13.4273,67.8115,2.32
13.4273,67.877,2.32
13.4273,67.9424,2.31
13.4273,68.0734,2.36
13.4273,68.1388,2.37
13.4273,68.2043,2.51
13.4273,68.2698,2.37
13.4273,68.3353,2.3
13.4273,68.5317,2.33
13.4273,68.5972,2.33
13.4273,68.6626,2.34
13.4273,68.7281,2.39
13.4273,68.7936,2.38
13.4273,68.859,2.31
13.4273,68.99,2.39
13.4273,69.0555,2.38
13.4273,69.1209,2.39
13.4273,69.2519,2.26
13.4273,69.3174,2.37
13.4273,69.3828,2.36
13.4273,69.5138,2.23
13.4273,69.7102,2.37
13.4273,69.7757,2.26
13.4273,69.8411,2.27
13.4273,69.9066,2.31
13.4273,69.9721,2.3
13.4273,70.0376,2.27
13.4273,70.103,2.28
13.4273,70.1685,2.22
13.4273,70.234,2.27
13.4273,70.2994,2.3
13.4273,70.3649,2.38
13.4273,70.4304,2.31
13.4273,70.5613,2.39
13.3618,67.2877,3.98
13.3618,67.3532,2.37
13.3618,67.4187,2.47
13.3618,67.4841,2.38
13.3618,67.5496,2.35
13.3618,67.6151,2.48
13.3618,67.6805,2.36
13.3618,67.746,2.22
13.3618,67.8115,2.5
13.3618,67.877,2.36
13.3618,67.9424,2.36
13.3618,68.0079,2.4
13.3618,68.1388,2.19
13.3618,68.2043,2.37
13.3618,68.2698,2.51
13.3618,68.4662,2.25
13.3618,68.5317,2.3
13.3618,68.5972,2.32
13.3618,68.6626,2.29
13.3618,68.7281,2.33
13.3618,68.7936,2.44
13.3618,68.859,2.34
13.3618,68.9245,2.36
13.3618,68.99,2.4
13.3618,69.0555,2.37
13.3618,69.1209,2.37
13.3618,69.1864,2.39
13.3618,69.3174,2.31
13.3618,69.7757,2.31
13.3618,69.8411,2.33
13.3618,69.9066,2.3
13.3618,69.9721,2.27
13.3618,70.0376,2.24
13.3618,70.103,2.26
13.3618,70.1685,2.31
13.3618,70.234,2.3
13.3618,70.2994,2.3
13.3618,70.3649,2.28
13.3618,70.4304,2.33
13.3618,70.6268,2.4
13.3618,70.6923,2.25
13.2963,67.4187,2.31
13.2963,67.4841,2.34
13.2963,67.5496,2.36
13.2963,67.6151,2.29
13.2963,67.6805,2.28
13.2963,67.8115,2.4
13.2963,67.877,2.39
13.2963,67.9424,2.37
13.2963,68.0079,2.39
13.2963,68.1388,2.17
13.2963,68.2043,2.28
13.2963,68.2698,2.19
13.2963,68.3353,2.33
13.2963,68.4007,2.27
13.2963,68.4662,2.29
13.2963,68.5317,2.29
13.2963,68.5972,2.31
13.2963,68.6626,2.29
13.2963,68.7281,2.33
13.2963,68.7936,2.38
13.2963,68.859,2.35
13.2963,68.9245,2.39
13.2963,68.99,2.34
13.2963,69.0555,2.37
13.2963,69.1209,2.37
13.2963,69.1864,2.42
13.2963,69.2519,2.27
13.2963,69.3174,2.29
13.2963,69.3828,2.32
13.2963,69.6447,2.4
13.2963,69.7102,2.34
13.2963,69.7757,2.29
13.2963,69.8411,2.26
13.2963,69.9066,2.27
13.2963,69.9721,2.27
13.2963,70.0376,2.28
13.2963,70.1685,2.21
13.2963,70.234,2.39
13.2963,70.2994,2.32
13.2963,70.4304,2.21
13.2963,70.5613,2.3
13.2963,70.6923,2.37
13.2309,67.2877,2.25
13.2309,67.3532,2.34
13.2309,67.4187,2.2
13.2309,67.4841,2.32
13.2309,67.5496,2.34
13.2309,67.6151,2.4
13.2309,67.6805,2.44
13.2309,67.746,2.29
13.2309,67.8115,2.36
13.2309,67.877,2.37
13.2309,67.9424,2.35
13.2309,68.0079,2.39
13.2309,68.0734,2.39
13.2309,68.2043,2.31
13.2309,68.3353,2.33
13.2309,68.4007,2.29
13.2309,68.4662,2.28
13.2309,68.5317,2.3
13.2309,68.5972,2.3
13.2309,68.6626,2.3
13.2309,68.7281,2.3
13.2309,68.7936,2.3
13.2309,68.859,2.32
13.2309,68.9245,2.33
13.2309,68.99,2.35
13.2309,69.0555,2.33
13.2309,69.1209,2.26
13.2309,69.1864,2.35
13.2309,69.3828,2.27
13.2309,69.4483,2.31
13.2309,69.5138,2.32
13.2309,69.5792,2.3
13.2309,69.7102,2.33
13.2309,69.7757,2.32
13.2309,69.8411,2.31
13.2309,69.9066,2.29
13.2309,69.9721,2.27
13.2309,70.103,2.23
13.2309,70.1685,2.33
13.2309,70.234,2.28
13.2309,70.3649,2.26
13.2309,70.4304,2.27
13.2309,70.5613,2.28
13.1654,67.2877,2.27
13.1654,67.4187,2.08
13.1654,67.4841,2.34
13.1654,67.5496,2.33
13.1654,67.6151,2.29
13.1654,67.6805,2.34
13.1654,67.746,2.37
13.1654,67.8115,2.37
13.1654,67.877,2.35
13.1654,67.9424,2.36
13.1654,68.0079,2.36
13.1654,68.0734,2.36
13.1654,68.1388,2.39
13.1654,68.2698,2.23
13.1654,68.3353,2.32
13.1654,68.4007,2.27
13.1654,68.4662,2.36
13.1654,68.5317,2.26
13.1654,68.5972,2.26
13.1654,68.6626,2.29
13.1654,68.7281,2.26
13.1654,68.7936,2.29
13.1654,68.859,2.3
13.1654,68.9245,2.33
13.1654,68.99,2.35
13.1654,69.0555,2.35
13.1654,69.1209,2.32
13.1654,69.1864,2.21
13.1654,69.2519,2.22
13.1654,69.4483,2.28
13.1654,69.5138,2.27
13.1654,69.5792,2.3
13.1654,69.6447,2.3
13.1654,69.7102,2.24
13.1654,69.7757,2.27
13.1654,69.8411,2.25
13.1654,69.9066,2.21
13.1654,69.9721,2.28
13.1654,70.103,2.31
13.1654,70.1685,2.3
13.1654,70.4959,2.34
13.1654,70.5613,2.21
13.1654,70.6268,2.3
13.0999,67.2222,2.69
13.0999,67.2877,2.26
13.0999,67.3532,2.25
13.0999,67.4187,2.28
13.0999,67.4841,2.3
13.0999,67.5496,2.29
13.0999,67.6151,2.33
13.0999,67.6805,2.3
13.0999,67.8115,2.28
13.0999,67.877,2.33
13.0999,67.9424,2.3
13.0999,68.0079,2.25
13.0999,68.0734,2.34
13.0999,68.1388,2.33
13.0999,68.2043,2.29
13.0999,68.2698,2.16
13.0999,68.3353,2.33
13.0999,68.4007,2.3
13.0999,68.4662,2.3
13.0999,68.5317,2.28
13.0999,68.5972,2.26
13.0999,68.6626,2.25
13.0999,68.7281,2.26
13.0999,68.7936,2.31
13.0999,68.859,2.29
13.0999,68.9245,2.31
13.0999,68.99,2.3
13.0999,69.0555,2.32
13.0999,69.1209,2.23
13.0999,69.2519,2.3
13.0999,69.3174,2.35
13.0999,69.4483,2.29
13.0999,69.5138,2.43
13.0999,69.6447,2.29
13.0999,69.7102,2.29
13.0999,69.7757,2.25
13.0999,69.8411,2.23
13.0999,69.9066,2.29
13.0999,69.9721,2.26
13.0999,70.0376,2.28
13.0999,70.103,2.28
13.0999,70.234,2.42
13.0999,70.2994,2.29
13.0999,70.3649,2.28
13.0999,70.4959,2.34
13.0999,70.5613,2.38
13.0999,70.6268,2.4
13.0344,67.2222,3.51
13.0344,67.2877,2.19
13.0344,67.3532,2.19
13.0344,67.4187,2.24
13.0344,67.4841,2.25
13.0344,67.5496,2.27
13.0344,67.6151,2.31
13.0344,67.6805,2.31
13.0344,67.746,2.33
13.0344,67.8115,2.45
13.0344,67.877,2.32
13.0344,67.9424,2.37
13.0344,68.0079,2.29
13.0344,68.0734,2.33
13.0344,68.1388,2.31
13.0344,68.2043,2.34
13.0344,68.2698,2.37
13.0344,68.4007,2.33
13.0344,68.5317,2.29
13.0344,68.5972,2.28
13.0344,68.6626,2.27
13.0344,68.7281,2.27
13.0344,68.7936,2.29
13.0344,68.859,2.29
13.0344,68.9245,2.28
13.0344,68.99,2.28
13.0344,69.0555,2.29
13.0344,69.1209,2.27
13.0344,69.2519,2.34
13.0344,69.3174,2.34
13.0344,69.4483,2.28
13.0344,69.5138,2.2
13.0344,69.5792,2.27
13.0344,69.6447,2.24
13.0344,69.7102,2.26
13.0344,69.8411,2.43
13.0344,69.9066,2.31
13.0344,69.9721,2.28
13.0344,70.0376,2.25
13.0344,70.103,2.15
13.0344,70.234,2.37
13.0344,70.4304,2.81
13.0344,70.4959,2.22
13.0344,70.5613,2.18
13.0344,70.6268,2.3
12.969,67.2222,2.7
12.969,67.2877,2.15
12.969,67.4187,2.22
12.969,67.4841,2.24
12.969,67.5496,2.26
12.969,67.746,2.34
12.969,67.877,2.32
12.969,67.9424,2.31
12.969,68.0079,2.31
12.969,68.0734,2.34
12.969,68.1388,2.34
12.969,68.2043,2.3
12.969,68.2698,2.3
12.969,68.3353,2.28
12.969,68.4662,2.33
12.969,68.5317,2.31
12.969,68.5972,2.26
12.969,68.6626,2.28
12.969,68.7281,2.28
12.969,68.7936,2.26
12.969,68.859,2.27
12.969,68.9245,2.27
12.969,68.99,2.29
12.969,69.0555,2.28
12.969,69.1209,2.31
12.969,69.3828,2.29
12.969,69.4483,2.32
12.969,69.5138,2.16
12.969,69.5792,2.28
12.969,69.6447,2.27
12.969,69.8411,2.25
12.969,69.9066,2.23
12.969,69.9721,2.26
12.969,70.0376,2.3
12.969,70.103,2.19
12.969,70.1685,2.31
12.969,70.4304,2.29
12.969,70.4959,2.27
12.969,70.5613,2.18
12.969,70.6268,2.28
12.9035,67.2222,2.34
12.9035,67.2877,2.19
12.9035,67.3532,2.2
12.9035,67.4187,2.22
12.9035,67.4841,2.22
12.9035,67.5496,2.27
12.9035,67.6151,2.26
12.9035,67.6805,2.35
12.9035,67.746,2.19
12.9035,67.8115,2.35
12.9035,68.0079,2.2
12.9035,68.0734,2.32
12.9035,68.1388,2.35
12.9035,68.2043,2.35
12.9035,68.2698,2.4
12.9035,68.4662,2.32
12.9035,68.5317,2.3
12.9035,68.5972,2.28
12.9035,68.6626,2.27
12.9035,68.7281,2.25
12.9035,68.7936,2.26
12.9035,68.859,2.27
12.9035,68.9245,2.28
12.9035,68.99,2.29
12.9035,69.0555,2.28
12.9035,69.1209,2.34
12.9035,69.1864,2.26
12.9035,69.2519,2.19
12.9035,69.3174,2.18
12.9035,69.3828,2.29
12.9035,69.4483,2.25
12.9035,69.5138,2.26
12.9035,69.6447,2.26
12.9035,69.7102,2.26
12.9035,69.7757,2.19
12.9035,69.8411,2.25
12.9035,69.9066,2.25
12.9035,69.9721,2.25
12.9035,70.0376,2.3
12.9035,70.103,2.31
12.9035,70.1685,2.19
12.9035,70.234,2.25
12.9035,70.2994,2.3
12.9035,70.3649,2.32
12.9035,70.4959,2.29
12.9035,70.5613,2.28
12.9035,70.6268,2.38
12.838,67.2222,2.22
12.838,67.2877,2.2
12.838,67.3532,2.2
12.838,67.4187,2.24
12.838,67.4841,2.23
12.838,67.5496,2.25
12.838,67.6151,2.28
12.838,67.6805,2.29
12.838,67.746,2.3
12.838,67.8115,2.37
12.838,67.877,2.27
12.838,67.9424,2.32
12.838,68.0079,2.38
12.838,68.0734,2.37
12.838,68.1388,2.22
12.838,68.2043,2.39
12.838,68.2698,2.35
12.838,68.5317,2.34
12.838,68.5972,2.29
12.838,68.6626,2.3
12.838,68.7281,2.26
12.838,68.7936,2.26
12.838,68.859,2.28
12.838,68.9245,2.26
12.838,68.99,2.31
12.838,69.0555,2.3
12.838,69.1209,2.33
12.838,69.2519,2.32
12.838,69.3174,2.34
12.838,69.3828,2.3
12.838,69.5138,2.28
12.838,69.5792,2.27
12.838,69.6447,2.27
12.838,69.7757,2.26
12.838,69.8411,2.49
12.838,69.9066,2.24
12.838,69.9721,2.23
12.838,70.0376,2.28
12.838,70.103,2.31
12.838,70.1685,2.22
12.838,70.234,2.26
12.838,70.2994,2.26
12.838,70.3649,2.32
12.838,70.5613,2.24
12.838,70.6268,2.3
12.7725,67.2222,2.18
12.7725,67.2877,2.22
12.7725,67.3532,2.23
12.7725,67.4187,2.27
12.7725,67.4841,2.27
12.7725,67.5496,2.25
12.7725,67.6151,2.28
12.7725,67.6805,2.32
12.7725,67.746,2.39
12.7725,67.8115,2.32
12.7725,67.9424,2.37
12.7725,68.0734,2.17
12.7725,68.1388,2.25
12.7725,68.2043,2.38
12.7725,68.2698,2.34
12.7725,68.3353,2.35
12.7725,68.4007,2.32
12.7725,68.4662,2.34
12.7725,68.5317,2.24
12.7725,68.7281,2.28
12.7725,68.7936,2.31
12.7725,68.859,2.37
12.7725,68.99,2.26
12.7725,69.0555,2.33
12.7725,69.1209,2.38
12.7725,69.1864,2.4
12.7725,69.2519,2.37
12.7725,69.5138,2.31
12.7725,69.6447,2.22
12.7725,69.7102,2.27
12.7725,69.8411,2.12
12.7725,69.9066,2.23
12.7725,69.9721,2.26
12.7725,70.0376,2.28
12.7725,70.103,2.42
12.7725,70.1685,2.23
12.7725,70.234,2.31
12.7725,70.2994,2.28
12.7725,70.3649,2.36
12.7725,70.4304,2.35
12.7725,70.6268,2.32
12.7071,67.1568,3.5
12.7071,67.2877,2.27
12.7071,67.4187,2.3
12.7071,67.4841,2.28
12.7071,67.5496,2.34
12.7071,67.6151,2.35
12.7071,68.0079,2.39
12.7071,68.0734,2.36
12.7071,68.2698,2.36
12.7071,68.3353,2.32
12.7071,68.4007,2.25
12.7071,68.4662,2.34
12.7071,68.5317,2.32
12.7071,68.5972,2.28
12.7071,68.6626,2.31
12.7071,68.7281,2.31
12.7071,68.859,2.37
12.7071,68.99,2.3
12.7071,69.1864,2.33
12.7071,69.2519,2.4
12.7071,69.3174,2.28
12.7071,69.3828,2.36
12.7071,69.4483,2.18
12.7071,69.5138,2.4
12.7071,69.5792,2.23
12.7071,69.6447,2.26
12.7071,69.7102,2.3
12.7071,69.7757,2.23
12.7071,69.9066,2.18
12.7071,69.9721,2.17
12.7071,70.0376,2.28
12.7071,70.103,2.29
12.7071,70.1685,2.63
12.7071,70.234,2.27
12.7071,70.2994,2.31
12.7071,70.3649,2.28
12.7071,70.4304,2.35
12.7071,70.4959,2.21
12.7071,70.5613,2.36
12.7071,70.6268,2.47
12.6416,67.1568,3.06
12.6416,67.2222,2.13
12.6416,67.2877,2.26
12.6416,67.6151,2.38
12.6416,67.6805,2.35
12.6416,67.877,2.47
12.6416,67.9424,2.39
12.6416,68.0079,2.37
12.6416,68.0734,2.38
12.6416,68.2043,2.36
12.6416,68.2698,2.29
12.6416,68.4007,2.22
12.6416,68.5317,2.31
12.6416,68.5972,2.32
12.6416,68.6626,2.29
12.6416,68.7281,2.3
12.6416,68.7936,2.24
12.6416,68.99,2.29
12.6416,69.2519,2.33
12.6416,69.3174,2.29
12.6416,69.4483,2.35
12.6416,69.5138,2.18
12.6416,69.5792,2.41
12.6416,69.6447,2.22
12.6416,69.7102,2.23
12.6416,69.7757,2.21
12.6416,69.8411,2.24
12.6416,69.9066,2.3
12.6416,70.0376,2.28
12.6416,70.103,2.29
12.6416,70.1685,2.27
12.6416,70.234,2.26
12.6416,70.2994,2.28
12.6416,70.3649,2.29
12.6416,70.4304,2.38
12.6416,70.6268,2.38
12.5761,67.1568,2.25
12.5761,67.2222,2.23
12.5761,67.2877,2.26
12.5761,67.3532,2.34
12.5761,67.4187,2.33
12.5761,67.5496,2.35
12.5761,67.6151,2.31
12.5761,67.746,2.3
12.5761,67.8115,2.49
12.5761,67.877,2.4
12.5761,67.9424,2.35
12.5761,68.0734,2.23
12.5761,68.2698,2.35
12.5761,68.3353,2.35
12.5761,68.4007,2.29
12.5761,68.4662,2.33
12.5761,68.6626,2.28
12.5761,68.7281,2.28
12.5761,68.7936,2.3
12.5761,68.859,2.27
12.5761,69.0555,2.27
12.5761,69.1209,2.37
12.5761,69.1864,2.35
12.5761,69.4483,2.14
12.5761,69.5792,2.26
12.5761,69.6447,2.22
12.5761,69.7102,2.22
12.5761,69.7757,2.22
12.5761,69.8411,2.25
12.5761,69.9066,2.25
12.5761,69.9721,2.3
12.5761,70.1685,2.3
12.5761,70.234,2.27
12.5761,70.2994,2.3
12.5761,70.3649,2.25
12.5761,70.4304,2.29
12.5761,70.4959,2.26
12.5761,70.5613,2.41
12.5106,67.1568,2.21
12.5106,67.2222,2.12
12.5106,67.2877,2.34
12.5106,67.3532,2.26
12.5106,67.6805,2.34
12.5106,67.746,2.33
12.5106,67.8115,2.32
12.5106,67.877,2.31
12.5106,67.9424,2.33
12.5106,68.0734,2.39
12.5106,68.1388,2.33
12.5106,68.2043,2.3
12.5106,68.4007,2.35
12.5106,68.4662,2.36
12.5106,68.5317,2.31
12.5106,68.5972,2.3
12.5106,68.7281,2.29
12.5106,68.7936,2.26
12.5106,68.859,2.26
12.5106,68.9245,2.25
12.5106,68.99,2.29
12.5106,69.1209,2.33
12.5106,69.1864,2.28
12.5106,69.2519,2.25
12.5106,69.3174,2.27
12.5106,69.4483,2.22
12.5106,69.5138,2.18
12.5106,69.5792,2.21
12.5106,69.6447,2.21
12.5106,69.7102,2.23
12.5106,69.7757,2.23
12.5106,69.8411,2.24
12.5106,69.9066,2.21
12.5106,69.9721,2.25
12.5106,70.0376,2.3
12.5106,70.103,2.26
12.5106,70.1685,2.26
12.5106,70.234,2.23
12.5106,70.2994,2.64
12.5106,70.3649,2.32
12.5106,70.4304,2.27
12.5106,70.4959,2.32
12.5106,70.5613,2.38
12.5106,70.6268,2.25
12.4452,67.0913,2.14
12.4452,67.1568,2.21
12.4452,67.2222,2.12
12.4452,67.2877,2.23
12.4452,67.3532,2.29
12.4452,67.4187,2.22
12.4452,67.4841,2.32
12.4452,67.5496,2.32
12.4452,67.6805,2.38
12.4452,67.877,2.17
12.4452,67.9424,2.31
12.4452,68.0079,2.39
12.4452,68.0734,2.32
12.4452,68.1388,2.31
12.4452,68.2043,2.33
12.4452,68.2698,2.34
12.4452,68.3353,2.31
12.4452,68.4007,2.36
12.4452,68.5317,2.28
12.4452,68.5972,2.26
12.4452,68.6626,2.25
12.4452,68.7281,2.24
12.4452,68.7936,2.26
12.4452,68.859,2.2
12.4452,68.9245,2.24
12.4452,68.99,2.24
12.4452,69.0555,2.26
12.4452,69.1209,2.55
12.4452,69.1864,2.18
12.4452,69.3174,2.12
12.4452,69.3828,2.2
12.4452,69.5138,2.22
12.4452,69.5792,2.22
12.4452,69.6447,2.21
12.4452,69.7102,2.23
12.4452,69.7757,2.23
12.4452,69.8411,2.22
12.4452,69.9066,2.24
12.4452,69.9721,2.24
12.4452,70.0376,2.24
12.4452,70.103,2.17
12.4452,70.234,2.15
12.4452,70.2994,2.27
12.4452,70.3649,2.36
12.4452,70.4304,2.29
12.4452,70.4959,2.29
12.4452,70.5613,2.54
12.4452,70.6268,2.33
12.3797,67.0913,3.7
12.3797,67.1568,2.19
12.3797,67.2222,2.16
12.3797,67.2877,2.23
12.3797,67.3532,2.29
12.3797,67.4187,2.3
12.3797,67.4841,2.31
12.3797,67.5496,2.3
12.3797,67.6805,2.35
12.3797,67.746,2.37
12.3797,67.8115,2.3
12.3797,68.0079,2.32
12.3797,68.0734,3.09
12.3797,68.1388,2.29
12.3797,68.2043,2.29
12.3797,68.2698,2.3
12.3797,68.3353,2.28
12.3797,68.4007,2.28
12.3797,68.4662,2.26
12.3797,68.5317,2.17
12.3797,68.5972,2.27
12.3797,68.6626,2.24
12.3797,68.7281,2.24
12.3797,68.7936,2.24
12.3797,68.859,2.24
12.3797,68.9245,2.24
12.3797,68.99,2.28
12.3797,69.0555,2.24
12.3797,69.1209,2.28
12.3797,69.1864,2.28
12.3797,69.2519,2.23
12.3797,69.3174,2.13
12.3797,69.3828,2.25
12.3797,69.5792,2.23
12.3797,69.6447,2.2
12.3797,69.7102,2.2
12.3797,69.7757,2.23
12.3797,69.8411,2.2
12.3797,69.9066,2.24
12.3797,69.9721,2.25
12.3797,70.0376,2.27
12.3797,70.103,2.2
12.3797,70.1685,2.72
12.3797,70.234,2.21
12.3797,70.2994,2.28
12.3797,70.3649,2.27
12.3797,70.4304,2.26
12.3797,70.4959,2.3
12.3797,70.5613,2.3
12.3797,70.6268,2.3
12.3142,67.0913,2.68
12.3142,67.1568,2.25
12.3142,67.2222,2.22
12.3142,67.3532,2.26
12.3142,67.5496,2.32
12.3142,67.6151,2.32
12.3142,67.746,2.34
12.3142,67.8115,2.37
12.3142,67.877,2.23
12.3142,67.9424,2.25
12.3142,68.0079,2.32
12.3142,68.0734,2.28
12.3142,68.1388,2.29
12.3142,68.2043,2.28
12.3142,68.2698,2.26
12.3142,68.3353,2.25
12.3142,68.4007,2.24
12.3142,68.4662,2.25
12.3142,68.5317,2.27
12.3142,68.5972,2.25
12.3142,68.6626,2.33
12.3142,68.7281,2.23
12.3142,68.7936,2.23
12.3142,68.859,2.24
12.3142,68.9245,2.24
12.3142,68.99,2.24
12.3142,69.0555,2.25
12.3142,69.1209,2.29
12.3142,69.1864,2.26
12.3142,69.2519,2.27
12.3142,69.3174,2.41
12.3142,69.3828,2.21
12.3142,69.4483,2.21
12.3142,69.5792,2.23
12.3142,69.6447,2.22
12.3142,69.7102,2.21
12.3142,69.7757,2.21
12.3142,69.8411,2.22
12.3142,69.9066,2.25
12.3142,69.9721,2.23
12.3142,70.0376,2.26
12.3142,70.103,2.21
12.3142,70.1685,2.26
12.3142,70.234,2.27
12.3142,70.3649,2.3
12.3142,70.4304,2.29
12.3142,70.4959,2.27
12.3142,70.5613,2.29
12.3142,70.6268,2.32
12.2487,67.0913,2.16
12.2487,67.1568,2.16
12.2487,67.2222,2.22
12.2487,67.2877,2.24
12.2487,67.3532,2.27
12.2487,67.4187,2.28
12.2487,67.4841,2.26
12.2487,67.5496,2.26
12.2487,67.746,2.39
12.2487,67.8115,2.28
12.2487,67.877,2.32
12.2487,67.9424,2.26
12.2487,68.0079,2.27
12.2487,68.0734,2.29
12.2487,68.1388,2.23
12.2487,68.2043,2.28
12.2487,68.2698,2.24
12.2487,68.3353,2.19
12.2487,68.4007,2.18
12.2487,68.4662,2.22
12.2487,68.5317,2.25
12.2487,68.5972,2.25
12.2487,68.6626,2.23
12.2487,68.7281,2.23
12.2487,68.7936,2.22
12.2487,68.859,2.24
12.2487,68.9245,2.26
12.2487,68.99,2.28
12.2487,69.1864,2.21
12.2487,69.2519,2.21
12.2487,69.3174,2.21
12.2487,69.3828,2.27
12.2487,69.4483,2.3
12.2487,69.5792,2.21
12.2487,69.6447,2.22
12.2487,69.7102,2.24
12.2487,69.7757,2.28
12.2487,69.8411,2.21
12.2487,69.9066,2.23
12.2487,69.9721,2.21
12.2487,70.0376,2.22
12.2487,70.103,2.22
12.2487,70.1685,2.13
12.2487,70.234,2.26
12.2487,70.2994,2.25
12.2487,70.3649,2.45
12.2487,70.4304,2.22
12.2487,70.4959,2.27
12.2487,70.5613,2.27
12.2487,70.6268,2.29
12.1833,67.0913,2.13
12.1833,67.1568,2.2
12.1833,67.2222,2.21
12.1833,67.2877,2.21
12.1833,67.3532,2.21
12.1833,67.4187,2.21
12.1833,67.6151,2.26
12.1833,67.6805,2.28
12.1833,67.746,2.3
12.1833,67.8115,2.3
12.1833,67.877,2.27
12.1833,67.9424,2.26
12.1833,68.0079,2.29
12.1833,68.0734,2.24
12.1833,68.1388,2.26
12.1833,68.2043,2.26
12.1833,68.2698,2.24
12.1833,68.3353,2.22
12.1833,68.4007,2.21
12.1833,68.4662,2.21
12.1833,68.5317,2.23
12.1833,68.5972,2.23
12.1833,68.6626,2.22
12.1833,68.7936,2.22
12.1833,68.859,2.24
12.1833,68.99,2.24
12.1833,69.1209,2.29
12.1833,69.3174,2.35
12.1833,69.3828,2.24
12.1833,69.4483,2.39
12.1833,69.6447,2.27
12.1833,69.7757,2.23
12.1833,69.8411,2.23
12.1833,69.9066,2.28
12.1833,69.9721,2.23
12.1833,70.0376,2.25
12.1833,70.1685,2.29
12.1833,70.234,2.25
12.1833,70.2994,2.36
12.1833,70.3649,2.26
12.1833,70.4304,2.25
12.1833,70.4959,2.28
12.1833,70.5613,2.28
12.1178,67.0258,2.1
12.1178,67.0913,2.18
12.1178,67.1568,2.21
12.1178,67.2222,2.21
12.1178,67.2877,2.24
12.1178,67.3532,2.22
12.1178,67.4187,2.25
12.1178,67.4841,2.26
12.1178,67.5496,2.24
12.1178,67.6151,2.26
12.1178,67.6805,2.25
12.1178,67.746,2.25
12.1178,67.8115,2.87
12.1178,67.877,2.3
12.1178,67.9424,2.27
12.1178,68.0079,2.25
12.1178,68.0734,2.25
12.1178,68.1388,2.24
12.1178,68.2043,2.16
12.1178,68.2698,2.22
12.1178,68.3353,2.19
12.1178,68.4007,2.21
12.1178,68.4662,2.2
12.1178,68.5317,2.21
12.1178,68.5972,2.21
12.1178,68.6626,2.2
12.1178,68.7281,2.18
12.1178,68.859,2.24
12.1178,68.9245,2.24
12.1178,68.99,2.24
12.1178,69.1209,2.27
12.1178,69.2519,2.5
12.1178,69.3828,2.2
12.1178,69.4483,2.22
12.1178,69.5792,2.23
12.1178,69.6447,2.21
12.1178,69.7102,2.29
12.1178,69.7757,2.33
12.1178,69.8411,2.3
12.1178,69.9066,2.27
12.1178,69.9721,2.25
12.1178,70.0376,2.25
12.1178,70.103,2.23
12.1178,70.1685,2.24
12.1178,70.234,2.23
12.1178,70.2994,2.24
12.1178,70.3649,2.24
12.1178,70.4304,2.27
12.1178,70.4959,2.3
12.1178,70.5613,2.29
12.0523,67.0258,3.45
12.0523,67.0913,2.12
12.0523,67.1568,2.2
12.0523,67.2222,2.21
12.0523,67.2877,2.18
12.0523,67.3532,2.24
12.0523,67.4187,2.21
12.0523,67.4841,2.26
12.0523,67.5496,2.27
12.0523,67.6151,2.25
12.0523,67.6805,2.27
12.0523,67.746,2.27
12.0523,67.8115,2.26
12.0523,67.877,2.24
12.0523,67.9424,2.25
12.0523,68.0079,2.26
12.0523,68.0734,2.26
12.0523,68.1388,2.22
12.0523,68.2043,2.22
12.0523,68.2698,2.21
12.0523,68.3353,2.21
12.0523,68.4007,2.2
12.0523,68.4662,2.21
12.0523,68.5317,2.21
12.0523,68.5972,2.21
12.0523,68.6626,2.2
12.0523,68.7281,2.2
12.0523,68.7936,2.2
12.0523,68.859,2.23
12.0523,68.9245,2.22
12.0523,68.99,2.24
12.0523,69.0555,2.27
12.0523,69.1209,2.26
12.0523,69.1864,2.2
12.0523,69.2519,2.25
12.0523,69.3174,2.22
12.0523,69.3828,2.23
12.0523,69.5792,2.3
12.0523,69.6447,2.16
12.0523,69.7102,2.29
12.0523,69.7757,2.27
12.0523,69.8411,2.29
12.0523,69.9066,2.26
12.0523,69.9721,2.28
12.0523,70.0376,2.23
12.0523,70.103,2.24
12.0523,70.2994,2.26
12.0523,70.3649,2.24
12.0523,70.4304,2.25
12.0523,70.4959,2.3
12.0523,70.5613,2.29
11.9868,67.0258,3.0
11.9868,67.0913,2.19
11.9868,67.1568,2.2
11.9868,67.2222,2.27
11.9868,67.2877,2.24
11.9868,67.3532,2.22
11.9868,67.4841,2.27
11.9868,67.5496,2.3
11.9868,67.8115,2.29
11.9868,67.877,2.31
11.9868,67.9424,2.33
11.9868,68.0079,2.24
11.9868,68.0734,2.26
11.9868,68.1388,2.24
11.9868,68.2043,2.19
11.9868,68.2698,2.21
11.9868,68.3353,2.21
11.9868,68.4007,2.22
11.9868,68.4662,2.22
11.9868,68.5317,2.21
11.9868,68.5972,2.21
11.9868,68.6626,2.21
11.9868,68.7281,2.21
11.9868,68.7936,2.21
11.9868,68.859,2.17
11.9868,68.9245,2.23
11.9868,68.99,2.2
11.9868,69.0555,2.26
11.9868,69.1209,2.24
11.9868,69.1864,2.24
11.9868,69.2519,2.26
11.9868,69.3174,2.25
11.9868,69.3828,2.24
11.9868,69.4483,2.28
11.9868,69.5792,2.32
11.9868,69.6447,2.26
11.9868,69.7757,2.28
11.9868,69.8411,2.27
11.9868,69.9066,2.28
11.9868,69.9721,2.27
11.9868,70.0376,2.24
11.9868,70.103,2.26
11.9868,70.234,2.4
11.9868,70.2994,2.16
11.9868,70.4304,2.27
11.9868,70.4959,2.29
11.9868,70.5613,2.41
11.9214,67.0258,2.18
11.9214,67.0913,2.16
11.9214,67.1568,2.2
11.9214,67.2222,2.24
11.9214,67.2877,2.2
11.9214,67.3532,2.25
11.9214,67.4841,2.23
11.9214,67.5496,2.33
11.9214,67.746,2.35
11.9214,67.8115,2.29
11.9214,67.877,2.24
11.9214,67.9424,2.28
11.9214,68.0079,2.25
11.9214,68.0734,2.26
11.9214,68.1388,2.24
11.9214,68.2043,2.22
11.9214,68.2698,2.22
11.9214,68.3353,2.22
11.9214,68.4007,2.22
11.9214,68.4662,2.22
11.9214,68.5317,2.21
11.9214,68.5972,2.18
11.9214,68.6626,2.21
11.9214,68.7281,2.22
11.9214,68.7936,2.22
11.9214,68.859,2.23
11.9214,68.9245,2.24
11.9214,68.99,2.19
11.9214,69.0555,2.24
11.9214,69.1209,2.22
11.9214,69.1864,2.21
11.9214,69.2519,2.26
11.9214,69.3828,2.42
11.9214,69.4483,2.24
11.9214,69.6447,2.31
11.9214,69.7757,2.32
11.9214,69.8411,2.27
11.9214,69.9066,2.25
11.9214,69.9721,2.28
11.9214,70.0376,2.25
11.9214,70.103,2.26
11.9214,70.1685,2.66
11.9214,70.234,2.22
11.9214,70.2994,2.22
11.9214,70.3649,2.21
11.9214,70.4304,2.27
11.9214,70.4959,2.26
11.9214,70.5613,2.25
11.8559,67.0258,2.18
11.8559,67.0913,2.17
11.8559,67.1568,2.18
11.8559,67.2877,2.22
11.8559,67.4187,2.28
11.8559,67.4841,2.23
11.8559,67.5496,2.27
11.8559,67.6151,2.31
11.8559,67.746,2.37
11.8559,67.8115,2.32
11.8559,67.877,2.3
11.8559,67.9424,2.24
11.8559,68.0079,2.3
11.8559,68.0734,2.27
11.8559,68.1388,2.25
11.8559,68.2043,2.24
11.8559,68.2698,2.24
11.8559,68.3353,2.24
11.8559,68.4007,2.24
11.8559,68.4662,2.25
11.8559,68.5317,2.24
11.8559,68.5972,2.21
11.8559,68.6626,2.22
11.8559,68.7281,2.23
11.8559,68.7936,2.21
11.8559,68.859,2.22
11.8559,68.9245,2.23
11.8559,68.99,2.25
11.8559,69.0555,2.25
11.8559,69.1209,2.24
11.8559,69.1864,2.26
11.8559,69.2519,2.22
11.8559,69.5138,2.26
11.8559,69.6447,2.27
11.8559,69.7102,2.29
11.8559,69.7757,2.29
11.8559,69.8411,2.26
11.8559,69.9066,2.24
11.8559,69.9721,2.27
11.8559,70.0376,2.24
11.8559,70.103,2.25
11.8559,70.1685,2.23
11.8559,70.234,2.23
11.8559,70.2994,2.23
11.8559,70.3649,2.24
11.8559,70.4304,2.27
11.8559,70.4959,2.3
11.8559,70.5613,2.33
11.7904,66.9603,2.1
11.7904,67.0258,2.17
11.7904,67.0913,2.19
11.7904,67.2222,2.19
11.7904,67.2877,2.23
11.7904,67.3532,2.28
11.7904,67.4187,2.25
11.7904,67.4841,2.31
11.7904,67.5496,2.34
11.7904,67.6805,2.07
11.7904,67.746,2.37
11.7904,67.8115,2.33
11.7904,67.877,2.28
11.7904,67.9424,2.3
11.7904,68.0734,2.23
11.7904,68.1388,2.26
11.7904,68.2043,2.25
11.7904,68.2698,2.26
11.7904,68.3353,2.27
11.7904,68.4007,2.28
11.7904,68.4662,2.27
11.7904,68.5317,2.25
11.7904,68.5972,2.26
11.7904,68.6626,2.23
11.7904,68.7281,2.22
11.7904,68.7936,2.24
11.7904,68.859,2.24
11.7904,68.9245,2.27
11.7904,68.99,2.33
11.7904,69.0555,2.26
11.7904,69.1864,2.31
11.7904,69.3174,2.31
11.7904,69.3828,2.33
11.7904,69.5792,2.39
11.7904,69.7102,2.19
11.7904,69.7757,2.32
11.7904,69.8411,2.26
11.7904,69.9066,2.25
11.7904,69.9721,2.25
11.7904,70.0376,2.22
11.7904,70.103,2.23
11.7904,70.1685,2.23
11.7904,70.234,2.24
11.7904,70.2994,2.24
11.7904,70.3649,2.24
11.7904,70.4304,2.28
11.7904,70.4959,2.32
11.725,66.9603,2.85
11.725,67.0258,2.18
11.725,67.0913,2.21
11.725,67.1568,2.21
11.725,67.2222,2.2
11.725,67.4187,2.28
11.725,67.4841,2.29
11.725,67.5496,2.33
11.725,67.8115,2.37
11.725,67.877,2.29
11.725,67.9424,2.29
11.725,68.0079,2.2
11.725,68.0734,2.2
11.725,68.1388,2.23
11.725,68.2043,2.28
11.725,68.2698,2.26
11.725,68.6626,2.32
11.725,68.7281,2.25
11.725,68.7936,2.28
11.725,68.859,2.31
11.725,68.9245,2.32
11.725,68.99,2.43
11.725,69.5138,2.33
11.725,69.5792,2.37
11.725,69.6447,2.31
11.725,69.7102,2.25
11.725,69.7757,2.28
11.725,69.8411,2.27
11.725,69.9066,2.28
11.725,69.9721,2.24
11.725,70.0376,2.23
11.725,70.103,2.22
11.725,70.1685,2.21
11.725,70.234,2.23
11.725,70.2994,2.23
11.725,70.3649,2.27
11.725,70.4304,2.32
11.725,70.4959,2.32
11.725,70.5613,2.31
11.6595,66.9603,3.0
11.6595,67.0258,2.17
11.6595,67.0913,2.23
11.6595,67.1568,2.24
11.6595,67.2222,2.29
11.6595,67.2877,2.33
11.6595,67.4187,2.41
11.6595,67.5496,2.34
11.6595,67.877,2.24
11.6595,67.9424,2.29
11.6595,68.0079,2.31
11.6595,68.2043,2.27
11.6595,68.2698,2.3
11.6595,68.4662,2.37
11.6595,68.5317,2.22
11.6595,68.7281,2.4
11.6595,68.7936,2.35
11.6595,69.6447,2.41
11.6595,69.7102,2.31
11.6595,69.7757,2.27
11.6595,69.8411,2.27
11.6595,69.9066,2.26
11.6595,69.9721,2.24
11.6595,70.0376,2.23
11.6595,70.103,2.24
11.6595,70.1685,2.23
11.6595,70.234,2.22
11.6595,70.2994,2.22
11.6595,70.3649,2.27
11.6595,70.4304,2.32
11.6595,70.4959,2.32
11.6595,70.5613,2.58
11.594,66.9603,2.23
11.594,67.0258,2.18
11.594,67.0913,2.22
11.594,67.1568,2.3
11.594,67.2222,2.27
11.594,67.4187,2.33
11.594,67.4841,2.32
11.594,67.5496,2.3
11.594,67.6151,2.31
11.594,67.6805,2.32
11.594,67.746,2.42
11.594,67.8115,2.33
11.594,67.877,2.27
11.594,68.0734,2.19
11.594,68.1388,2.58
11.594,68.4662,2.37
11.594,68.5317,2.3
11.594,69.6447,2.48
11.594,69.7102,2.33
11.594,69.7757,2.39
11.594,69.8411,2.33
11.594,69.9066,2.28
11.594,69.9721,2.24
11.594,70.0376,2.27
11.594,70.103,2.24
11.594,70.1685,2.24
11.594,70.234,2.23
11.594,70.2994,2.22
11.594,70.3649,2.26
11.594,70.4304,2.3
11.594,70.4959,2.23
11.594,81.1679,2.35
11.5285,66.9603,2.21
11.5285,67.0258,2.27
11.5285,67.2877,2.4
11.5285,67.3532,2.36
11.5285,67.4187,2.29
11.5285,67.4841,2.29
11.5285,67.5496,2.24
11.5285,67.6151,2.26
11.5285,67.6805,2.27
11.5285,67.746,2.28
11.5285,67.8115,2.27
11.5285,67.877,2.26
11.5285,67.9424,2.14
11.5285,68.0079,2.26
11.5285,68.0734,2.25
11.5285,68.2043,2.27
11.5285,68.2698,2.24
11.5285,68.3353,2.29
11.5285,68.4662,2.37
11.5285,68.5317,2.39
11.5285,68.5972,2.35
11.5285,69.7102,2.36
11.5285,69.8411,2.36
11.5285,69.9721,2.25
11.5285,70.0376,2.66
11.5285,70.103,2.41
11.5285,70.1685,2.31
11.5285,70.234,2.25
11.5285,70.2994,2.24
11.5285,70.3649,2.27
11.5285,70.4304,2.3
11.5285,70.4959,2.34
11.5285,70.5613,2.3
11.4631,66.8949,2.14
11.4631,66.9603,2.25
11.4631,67.0258,2.31
11.4631,67.1568,2.31
11.4631,67.2222,2.25
11.4631,67.2877,2.41
11.4631,67.3532,2.26
11.4631,67.4187,2.31
11.4631,67.4841,2.27
11.4631,67.5496,2.24
11.4631,67.6151,2.23
11.4631,67.6805,2.26
11.4631,67.746,2.26
11.4631,67.8115,2.29
11.4631,67.877,2.61
11.4631,68.0079,2.24
11.4631,68.0734,2.27
11.4631,68.1388,2.3
11.4631,68.2043,2.27
11.4631,68.3353,2.29
11.4631,68.4007,2.36
11.4631,68.7936,2.72
11.4631,69.7102,2.66
11.4631,69.7757,2.3
11.4631,69.8411,2.48
11.4631,69.9066,2.35
11.4631,70.2994,2.31
11.4631,70.3649,2.28
11.4631,70.4959,2.27
11.4631,70.5613,2.24
11.4631,81.1024,2.39
11.3976,66.8949,3.09
11.3976,66.9603,2.24
11.3976,67.0258,2.3
11.3976,67.0913,2.29
11.3976,67.3532,2.41
11.3976,67.4187,2.42
11.3976,67.4841,2.27
11.3976,67.5496,2.27
11.3976,67.6151,2.25
11.3976,67.6805,2.27
11.3976,67.746,2.22
11.3976,67.8115,2.35
11.3976,68.1388,2.16
11.3976,68.2043,2.42
11.3976,68.3353,2.26
11.3976,68.4007,2.26
11.3976,68.4662,2.38
11.3976,68.5317,2.33
11.3976,68.7281,2.29
11.3976,68.7936,2.31
11.3976,68.859,2.41
11.3976,69.3174,2.34
11.3976,69.7102,2.45
11.3976,69.7757,2.36
11.3976,69.8411,2.34
11.3976,69.9066,2.35
11.3976,69.9721,2.3
11.3976,70.1685,2.43
11.3976,70.234,2.28
11.3976,70.2994,2.23
11.3976,70.3649,2.29
11.3976,70.4304,2.26
11.3976,70.4959,2.26
11.3976,70.5613,2.24
11.3976,80.906,2.69
11.3976,80.9715,2.43
11.3976,81.1024,2.4
11.3321,66.8949,2.69
11.3321,66.9603,2.26
11.3321,67.0258,2.26
11.3321,67.0913,2.28
11.3321,67.1568,2.32
11.3321,67.4187,2.35
11.3321,67.4841,2.33
11.3321,67.6151,2.25
11.3321,67.6805,2.27
11.3321,67.746,2.62
11.3321,67.8115,2.2
11.3321,67.877,2.36
11.3321,68.4007,2.24
11.3321,68.99,2.27
11.3321,69.1864,2.32
11.3321,69.2519,2.29
11.3321,69.3174,2.33
11.3321,69.3828,2.32
11.3321,69.7757,2.36
11.3321,69.8411,2.31
11.3321,69.9066,2.28
11.3321,69.9721,2.32
11.3321,70.0376,2.32
11.3321,70.1685,2.26
11.3321,70.234,2.19
11.3321,70.2994,2.26
11.3321,70.3649,2.25
11.3321,70.4304,2.26
11.3321,70.4959,2.26
11.3321,70.5613,2.25
11.3321,80.906,2.7
11.3321,81.0369,2.45
11.3321,81.1024,2.37
11.2666,66.8949,2.06
11.2666,66.9603,2.27
11.2666,67.0258,2.23
11.2666,67.0913,2.28
11.2666,67.1568,2.27
11.2666,67.3532,2.38
11.2666,67.4187,2.34
11.2666,67.4841,2.25
11.2666,67.6151,2.24
11.2666,67.9424,2.32
11.2666,68.99,2.25
11.2666,69.0555,2.27
11.2666,69.1209,2.27
11.2666,69.1864,2.26
11.2666,69.2519,2.29
11.2666,69.3174,2.33
11.2666,69.8411,2.31
11.2666,69.9066,2.27
11.2666,69.9721,2.27
11.2666,70.0376,2.28
11.2666,70.103,2.26
11.2666,70.1685,2.16
11.2666,70.234,2.17
11.2666,70.2994,2.25
11.2666,70.3649,2.26
11.2666,70.4304,2.26
11.2666,70.4959,2.24
11.2666,70.5613,2.24
11.2012,66.8949,2.26
11.2012,66.9603,2.26
11.2012,67.0258,2.25
11.2012,67.0913,2.31
11.2012,67.3532,2.36
11.2012,67.4187,2.26
11.2012,67.4841,2.27
11.2012,67.5496,2.38
11.2012,67.6151,2.34
11.2012,67.746,3.03
11.2012,67.8115,2.23
11.2012,67.877,2.27
11.2012,67.9424,2.34
11.2012,68.0079,2.59
11.2012,68.3353,2.49
11.2012,68.9245,2.24
11.2012,68.99,2.25
11.2012,69.0555,2.27
11.2012,69.1209,2.25
11.2012,69.1864,2.26
11.2012,69.2519,2.27
11.2012,69.3174,2.32
11.2012,69.3828,2.35
11.2012,69.8411,2.36
11.2012,69.9066,2.26
11.2012,69.9721,2.3
11.2012,70.0376,2.89
11.2012,70.103,2.37
11.2012,70.1685,2.24
11.2012,70.234,2.27
11.2012,70.2994,2.27
11.2012,70.3649,2.25
11.2012,70.4304,2.25
11.2012,70.4959,2.25
11.2012,70.5613,2.25
11.2012,80.906,2.54
11.1357,66.8949,2.32
11.1357,66.9603,2.27
11.1357,67.0258,2.24
11.1357,67.0913,2.53
11.1357,67.2877,2.31
11.1357,67.4187,2.29
11.1357,67.4841,2.35
11.1357,67.5496,2.31
11.1357,67.6151,2.37
11.1357,67.6805,2.31
11.1357,67.746,2.26
11.1357,67.8115,2.32
11.1357,67.877,2.33
11.1357,67.9424,2.35
11.1357,68.0079,2.41
11.1357,68.6626,2.29
11.1357,68.7281,2.27
11.1357,68.7936,2.21
11.1357,68.859,2.32
11.1357,68.9245,2.27
11.1357,68.99,2.32
11.1357,69.0555,2.28
11.1357,69.1209,2.25
11.1357,69.1864,2.24
11.1357,69.2519,2.19
11.1357,69.3174,2.3
11.1357,69.3828,2.35
11.1357,69.4483,2.42
11.1357,69.9066,2.26
11.1357,69.9721,2.3
11.1357,70.0376,2.31
11.1357,70.103,2.26
11.1357,70.234,2.4
11.1357,70.2994,2.26
11.1357,70.3649,2.35
11.1357,70.4304,2.25
11.1357,70.4959,2.26
11.1357,80.906,2.46
11.1357,80.9715,2.42
11.1357,81.0369,2.42
11.0702,67.3532,2.33
11.0702,67.4187,2.33
11.0702,67.4841,2.36
11.0702,67.5496,2.4
11.0702,67.6151,2.38
11.0702,67.6805,2.37
11.0702,67.746,2.29
11.0702,67.8115,2.35
11.0702,67.877,2.28
11.0702,67.9424,2.3
11.0702,68.0734,2.49
11.0702,68.6626,2.35
11.0702,68.7281,2.33
11.0702,68.7936,2.27
11.0702,69.1209,2.26
11.0702,69.1864,2.25
11.0702,69.2519,2.25
11.0702,69.3174,2.29
11.0702,69.3828,2.33
11.0702,69.4483,2.35
11.0702,69.8411,2.48
11.0702,69.9721,2.14
11.0702,70.0376,2.12
11.0702,70.2994,2.25
11.0702,70.3649,2.26
11.0702,70.4304,2.25
11.0702,70.4959,2.25
11.0702,80.5786,3.12
11.0702,80.7751,2.57
11.0702,80.8405,2.47
11.0702,80.906,2.45
11.0702,80.9715,2.54
11.0702,81.0369,2.43
11.0047,67.3532,2.47
11.0047,67.4187,2.39
11.0047,67.4841,2.32
11.0047,67.6805,2.28
11.0047,67.877,2.31
11.0047,68.6626,2.35
11.0047,68.7281,2.35
11.0047,69.1209,2.15
11.0047,69.1864,2.28
11.0047,69.2519,2.35
11.0047,69.3174,2.18
11.0047,69.3828,2.31
11.0047,69.4483,2.37
11.0047,69.9066,2.44
11.0047,69.9721,2.3
11.0047,70.0376,2.26
11.0047,70.103,2.26
11.0047,70.1685,2.17
11.0047,70.2994,2.34
11.0047,70.3649,2.3
11.0047,70.4304,2.27
11.0047,70.4959,2.26
11.0047,80.6441,2.83
11.0047,80.7096,2.72
11.0047,80.7751,2.63
11.0047,80.8405,2.47
11.0047,80.906,2.46
11.0047,80.9715,2.38
10.9393,66.9603,2.21
10.9393,67.0913,2.53
10.9393,67.3532,2.12
10.9393,68.4662,2.47
10.9393,68.5317,2.38
10.9393,68.6626,2.39
10.9393,68.7281,2.38
10.9393,69.1864,2.32
10.9393,69.5138,2.39
10.9393,69.6447,2.46
10.9393,69.8411,2.34
10.9393,69.9066,2.33
10.9393,69.9721,2.28
10.9393,70.0376,2.27
10.9393,70.103,2.25
10.9393,70.1685,2.28
10.9393,70.234,2.33
10.9393,70.2994,2.26
10.9393,70.3649,2.46
10.9393,70.4304,2.21
10.9393,70.4959,2.47
10.9393,80.2513,2.93
10.9393,80.3822,2.75
10.9393,80.7096,2.77
10.9393,80.7751,2.73
10.9393,80.8405,2.53
10.9393,80.906,2.43
10.9393,80.9715,2.34
10.8738,66.8294,2.24
10.8738,66.8949,2.27
10.8738,66.9603,2.28
10.8738,67.0913,2.47
10.8738,67.9424,2.32
10.8738,68.0079,2.43
10.8738,68.4662,2.39
10.8738,68.5317,2.33
10.8738,68.5972,2.23
10.8738,68.7281,2.38
10.8738,69.1864,2.29
10.8738,69.2519,2.32
10.8738,69.3174,2.39
10.8738,69.5138,2.36
10.8738,69.5792,2.26
10.8738,69.6447,2.35
10.8738,69.7102,2.37
10.8738,69.8411,2.37
10.8738,69.9066,2.33
10.8738,69.9721,2.29
10.8738,70.0376,2.26
10.8738,70.103,2.27
10.8738,70.1685,2.31
10.8738,70.2994,2.22
10.8738,80.1203,3.15
10.8738,80.1858,2.79
10.8738,80.2513,2.82
10.8738,80.3167,2.86
10.8738,80.4477,2.83
10.8738,80.5132,2.69
10.8738,80.5786,2.73
10.8738,80.6441,2.82
10.8738,80.7751,2.73
10.8738,80.8405,2.59
10.8738,80.906,2.44
10.8738,80.9715,2.47
10.8083,66.7639,2.15
10.8083,66.8294,2.23
10.8083,66.8949,2.26
10.8083,66.9603,2.28
10.8083,67.0258,2.29
10.8083,67.0913,2.34
10.8083,67.1568,2.3
10.8083,67.2222,2.38
10.8083,67.2877,2.36
10.8083,67.6805,2.35
10.8083,67.746,2.48
10.8083,67.877,2.35
10.8083,67.9424,2.32
10.8083,68.0079,2.32
10.8083,68.0734,2.22
10.8083,68.1388,2.36
10.8083,68.2043,2.4
10.8083,68.2698,2.4
10.8083,68.3353,2.43
10.8083,68.4662,2.32
10.8083,68.5317,2.31
10.8083,68.5972,2.26
10.8083,68.7281,2.32
10.8083,68.7936,2.45
10.8083,68.859,2.41
10.8083,68.9245,2.39
10.8083,69.2519,2.35
10.8083,69.3174,2.32
10.8083,69.4483,2.35
10.8083,69.5138,2.32
10.8083,69.5792,2.33
10.8083,69.6447,2.38
10.8083,69.7102,2.34
10.8083,69.7757,2.36
10.8083,69.8411,2.35
10.8083,69.9066,2.31
10.8083,69.9721,2.28
10.8083,70.0376,2.28
10.8083,70.103,2.28
10.8083,70.1685,2.38
10.8083,70.4304,2.21
10.8083,80.0549,3.46
10.8083,80.1203,3.01
10.8083,80.1858,2.85
10.8083,80.2513,2.8
10.8083,80.3167,2.82
10.8083,80.3822,2.91
10.8083,80.5132,2.65
10.8083,80.5786,2.82
10.8083,80.6441,2.77
10.8083,80.7096,2.7
10.8083,80.7751,2.65
10.8083,80.8405,2.57
10.8083,80.906,2.53
10.7428,66.7639,2.82
10.7428,66.8294,2.18
10.7428,66.8949,2.21
10.7428,66.9603,2.2
10.7428,67.0258,2.28
10.7428,67.0913,2.35
10.7428,67.1568,2.31
10.7428,67.2222,2.34
10.7428,67.2877,2.34
10.7428,67.3532,2.31
10.7428,67.6805,2.34
10.7428,67.746,2.21
10.7428,67.8115,2.35
10.7428,67.877,2.41
10.7428,67.9424,2.53
10.7428,68.0079,2.34
10.7428,68.2043,2.4
10.7428,68.2698,2.17
10.7428,68.3353,2.31
10.7428,68.4007,2.29
10.7428,68.4662,2.23
10.7428,68.5317,2.31
10.7428,69.2519,2.46
10.7428,69.3174,2.37
10.7428,69.3828,2.38
10.7428,69.5138,2.35
10.7428,69.5792,2.36
10.7428,69.6447,2.31
10.7428,69.7757,2.24
10.7428,69.8411,2.31
10.7428,69.9066,2.3
10.7428,69.9721,2.28
10.7428,70.0376,2.27
10.7428,70.103,2.28
10.7428,70.1685,2.37
10.7428,75.7991,3.45
10.7428,75.8646,4.44
10.7428,80.1203,2.98
10.7428,80.1858,2.74
10.7428,80.2513,2.85
10.7428,80.3167,2.84
10.7428,80.3822,2.72
10.7428,80.4477,2.8
10.7428,80.5132,2.61
10.7428,80.5786,2.73
10.7428,80.6441,2.72
10.7428,80.7096,2.59
10.7428,80.7751,2.58
10.7428,80.8405,2.5
10.7428,80.906,2.45
10.6774,66.8294,2.1
10.6774,66.8949,2.16
10.6774,67.0913,2.22
10.6774,67.1568,2.4
10.6774,67.2877,2.42
10.6774,67.3532,2.4
10.6774,67.6805,2.36
10.6774,67.746,2.36
10.6774,67.8115,2.35
10.6774,67.877,2.35
10.6774,68.0079,2.19
10.6774,68.0734,2.29
10.6774,68.1388,2.33
10.6774,68.3353,2.45
10.6774,68.4007,2.68
10.6774,68.4662,2.44
10.6774,68.5317,2.3
10.6774,69.3174,2.44
10.6774,69.3828,2.37
10.6774,69.5138,2.33
10.6774,69.5792,2.28
10.6774,69.6447,2.33
10.6774,69.8411,2.34
10.6774,69.9066,2.3
10.6774,69.9721,2.28
10.6774,70.0376,2.27
10.6774,70.103,2.2
10.6774,75.8646,3.82
10.6774,79.9894,6.86
10.6774,80.0549,3.12
10.6774,80.1203,2.92
10.6774,80.1858,2.85
10.6774,80.2513,2.9
10.6774,80.3167,2.83
10.6774,80.3822,2.95
10.6774,80.4477,2.86
10.6774,80.5132,3.01
10.6774,80.5786,2.76
10.6774,80.6441,2.64
10.6774,80.7096,2.5
10.6774,80.7751,2.47
10.6774,80.8405,2.41
10.6774,80.906,2.42
10.6119,66.7639,2.23
10.6119,66.8294,2.13
10.6119,66.8949,2.21
10.6119,66.9603,2.21
10.6119,67.0258,2.24
10.6119,67.0913,2.25
10.6119,67.1568,2.27
10.6119,67.2877,2.57
10.6119,67.746,2.4
10.6119,67.8115,2.29
10.6119,67.877,2.32
10.6119,67.9424,2.36
10.6119,68.0734,2.33
10.6119,68.1388,2.35
10.6119,68.2698,2.34
10.6119,68.3353,2.06
10.6119,68.4662,2.29
10.6119,68.5317,2.33
10.6119,68.5972,2.36
10.6119,69.5792,2.4
10.6119,69.7757,2.49
10.6119,69.9721,2.27
10.6119,70.0376,2.8
10.6119,70.1685,2.31
10.6119,79.9239,41.22
10.6119,79.9894,12.0
10.6119,80.0549,2.88
10.6119,80.1203,2.86
10.6119,80.1858,2.84
10.6119,80.2513,2.79
10.6119,80.3167,2.89
10.6119,80.3822,3.03
10.6119,80.4477,2.94
10.6119,80.5132,2.81
10.6119,80.5786,2.69
10.6119,80.6441,2.55
10.6119,80.7096,2.53
10.6119,80.7751,2.51
10.6119,80.8405,2.41
10.6119,80.906,2.42
10.5464,66.7639,2.17
10.5464,66.8294,2.25
10.5464,66.8949,2.26
10.5464,67.0258,2.18
10.5464,67.0913,2.22
10.5464,67.1568,2.29
10.5464,67.2222,2.59
10.5464,67.746,2.36
10.5464,67.8115,2.36
10.5464,68.0079,2.18
10.5464,68.0734,2.31
10.5464,68.2043,2.26
10.5464,68.2698,2.32
10.5464,68.3353,2.29
10.5464,68.4007,2.18
10.5464,69.3174,2.63
10.5464,69.4483,2.5
10.5464,69.6447,2.43
10.5464,69.7757,2.36
10.5464,69.8411,2.31
10.5464,69.9721,2.29
10.5464,70.0376,2.29
10.5464,70.1685,2.29
10.5464,70.234,2.33
10.5464,70.2994,2.34
10.5464,79.9239,89.04
10.5464,79.9894,8.31
10.5464,80.0549,3.51
10.5464,80.1203,2.81
10.5464,80.1858,2.95
10.5464,80.2513,2.76
10.5464,80.3167,2.75
10.5464,80.3822,2.99
10.5464,80.4477,2.85
10.5464,80.5132,2.77
10.5464,80.5786,2.64
10.5464,80.6441,2.51
10.5464,80.7096,2.48
10.5464,80.7751,2.45
10.5464,80.8405,2.4
10.5464,80.906,2.39
10.4809,66.7639,2.26
10.4809,66.9603,2.28
10.4809,67.0258,2.26
10.4809,67.0913,2.26
10.4809,67.1568,2.19
10.4809,67.2222,2.38
10.4809,67.2877,2.27
10.4809,67.3532,2.37
10.4809,67.8115,2.29
10.4809,68.1388,2.31
10.4809,68.2043,2.36
10.4809,68.2698,2.2
10.4809,68.3353,2.2
10.4809,69.2519,2.39
10.4809,69.3174,2.32
10.4809,69.4483,2.48
10.4809,69.6447,2.44
10.4809,69.8411,2.32
10.4809,69.9066,2.31
10.4809,69.9721,2.32
10.4809,70.0376,2.24
10.4809,70.2994,2.3
10.4809,70.3649,2.31
10.4809,70.4304,2.29
10.4809,70.4959,2.28
10.4809,79.9894,12.68
10.4809,80.0549,3.63
10.4809,80.1203,2.86
10.4809,80.1858,2.89
10.4809,80.2513,2.78
10.4809,80.3167,2.76
10.4809,80.3822,2.73
10.4809,80.4477,2.58
10.4809,80.5132,2.62
10.4809,80.5786,2.57
10.4809,80.6441,2.57
10.4809,80.7096,2.49
10.4809,80.7751,2.54
10.4809,80.8405,2.41
10.4809,80.906,2.36
10.4155,66.6985,3.26
10.4155,66.7639,2.22
10.4155,66.8294,2.24
10.4155,66.8949,2.26
10.4155,66.9603,2.23
10.4155,67.0258,2.23
10.4155,67.0913,2.26
10.4155,67.1568,2.28
10.4155,67.3532,2.29
10.4155,67.4187,2.31
10.4155,67.4841,2.42
10.4155,67.5496,2.5
10.4155,68.0079,2.31
10.4155,68.0734,2.21
10.4155,68.2043,2.61
10.4155,68.5972,2.49
10.4155,68.7936,2.52
10.4155,69.1864,2.33
10.4155,69.2519,2.35
10.4155,69.3828,2.4
10.4155,69.7102,2.36
10.4155,69.9066,2.44
10.4155,69.9721,2.36
10.4155,70.0376,2.27
10.4155,70.234,2.43
10.4155,70.2994,2.36
10.4155,70.3649,2.27
10.4155,70.4959,2.33
10.4155,76.061,4.84
10.4155,79.9894,26.88
10.4155,80.0549,3.52
10.4155,80.1203,2.75
10.4155,80.1858,2.94
10.4155,80.2513,2.69
10.4155,80.3167,2.56
10.4155,80.3822,2.64
10.4155,80.4477,2.58
10.4155,80.5132,2.54
10.4155,80.5786,2.75
10.4155,80.6441,2.45
10.4155,80.7096,2.49
10.4155,80.7751,2.44
10.4155,80.8405,2.45
10.35,66.6985,2.92
10.35,66.7639,2.22
10.35,66.8294,2.24
10.35,66.8949,2.25
10.35,66.9603,2.23
10.35,67.0258,2.24
10.35,67.0913,2.26
10.35,67.1568,2.17
10.35,67.2877,2.26
10.35,67.4187,2.33
10.35,68.0734,2.26
10.35,68.6626,2.46
10.35,68.7936,2.04
10.35,68.859,2.36
10.35,69.1209,2.67
10.35,69.1864,2.33
10.35,69.2519,2.49
10.35,69.3174,2.65
10.35,69.5792,2.29
10.35,69.6447,2.31
10.35,69.9721,2.16
10.35,70.2994,2.28
10.35,70.3649,2.27
10.35,70.4304,2.25
10.35,70.4959,2.36
10.35,79.9239,175.51
10.35,79.9894,25.21
10.35,80.0549,3.22
10.35,80.1203,2.86
10.35,80.1858,2.9
10.35,80.2513,2.61
10.35,80.3167,2.57
10.35,80.3822,2.63
10.35,80.4477,2.57
10.35,80.5132,2.53
10.35,80.5786,2.6
10.35,80.6441,2.43
10.35,80.7096,2.44
10.35,80.7751,2.42
10.35,80.8405,2.42
10.2845,66.6985,2.25
10.2845,66.7639,2.25
10.2845,66.9603,2.24
10.2845,67.0258,2.25
10.2845,67.0913,2.28
10.2845,67.1568,2.27
10.2845,67.2222,2.39
10.2845,67.2877,2.29
10.2845,67.4187,2.35
10.2845,67.9424,2.44
10.2845,68.0734,2.28
10.2845,68.1388,2.38
10.2845,68.5972,2.39
10.2845,68.6626,2.28
10.2845,68.7281,2.41
10.2845,69.1864,2.33
10.2845,69.2519,2.55
10.2845,69.5138,2.42
10.2845,69.7757,2.34
10.2845,69.8411,2.41
10.2845,69.9066,2.4
10.2845,70.2994,2.42
10.2845,70.4304,2.36
10.2845,70.4959,2.36
10.2845,79.4001,246.81
10.2845,79.9239,99.29
10.2845,79.9894,31.41
10.2845,80.0549,4.77
10.2845,80.1203,2.8
10.2845,80.1858,2.94
10.2845,80.2513,2.67
10.2845,80.3167,2.54
10.2845,80.3822,2.47
10.2845,80.4477,2.44
10.2845,80.5132,2.47
10.2845,80.5786,2.42
10.2845,80.6441,2.43
10.2845,80.7096,2.42
10.2845,80.7751,2.43
10.2845,80.8405,2.41
10.2191,67.0258,2.29
10.2191,67.0913,2.33
10.2191,67.1568,2.15
10.2191,67.2222,2.33
10.2191,67.4187,2.61
10.2191,67.4841,2.36
10.2191,67.5496,2.36
10.2191,67.746,2.34
10.2191,68.1388,2.3
10.2191,68.4662,2.37
10.2191,68.5317,2.37
10.2191,68.5972,2.34
10.2191,68.7281,2.39
10.2191,68.7936,2.42
10.2191,68.859,2.41
10.2191,68.9245,2.39
10.2191,69.2519,2.35
10.2191,69.3828,2.15
10.2191,69.4483,2.22
10.2191,69.5138,2.2
10.2191,69.5792,2.31
10.2191,69.6447,2.28
10.2191,69.9066,2.4
10.2191,70.4959,2.28
10.2191,79.3347,25.81
10.2191,79.4001,45.77
10.2191,79.4656,106.14
10.2191,79.5311,81.16
10.2191,79.5965,98.38
10.2191,79.662,154.72
10.2191,79.7275,185.0
10.2191,79.793,246.51
10.2191,79.8584,93.14
10.2191,79.9239,58.34
10.2191,79.9894,28.6
10.2191,80.0549,5.22
10.2191,80.1203,2.74
10.2191,80.1858,2.98
10.2191,80.2513,2.74
10.2191,80.3167,2.56
10.2191,80.3822,2.53
10.2191,80.4477,2.53
10.2191,80.5132,2.44
10.2191,80.5786,2.42
10.2191,80.6441,2.44
10.2191,80.7096,2.43
10.2191,80.7751,2.44
10.2191,80.8405,2.39
10.1536,66.633,2.16
10.1536,66.6985,2.21
10.1536,66.8294,2.46
10.1536,66.8949,2.44
10.1536,66.9603,2.27
10.1536,67.0258,2.36
10.1536,67.0913,2.31
10.1536,67.1568,2.22
10.1536,67.2222,2.32
10.1536,67.2877,2.29
10.1536,67.4841,2.27
10.1536,67.5496,2.3
10.1536,67.6151,2.31
10.1536,67.6805,2.32
10.1536,67.746,2.35
10.1536,67.8115,2.37
10.1536,68.0734,2.3
10.1536,68.2043,2.2
10.1536,68.5317,2.4
10.1536,68.5972,2.34
10.1536,68.7281,2.42
10.1536,68.7936,2.34
10.1536,69.0555,2.48
10.1536,69.1209,2.41
10.1536,69.1864,2.5
10.1536,69.3174,2.41
10.1536,69.3828,2.28
10.1536,69.4483,2.23
10.1536,69.5138,2.32
10.1536,69.5792,2.59
10.1536,69.6447,2.33
10.1536,69.9066,2.4
10.1536,69.9721,2.31
10.1536,70.0376,2.42
10.1536,76.061,2.57
10.1536,79.2692,6.38
10.1536,79.3347,9.61
10.1536,79.4001,107.54
10.1536,79.4656,76.99
10.1536,79.5311,67.17
10.1536,79.5965,84.95
10.1536,79.662,187.06
10.1536,79.7275,61.25
10.1536,79.793,46.71
10.1536,79.8584,55.02
10.1536,79.9239,36.58
10.1536,79.9894,25.63
10.1536,80.0549,4.95
10.1536,80.1203,2.64
10.1536,80.1858,2.85
10.1536,80.2513,2.75
10.1536,80.3167,2.54
10.1536,80.3822,2.53
10.1536,80.4477,2.57
10.1536,80.5132,2.46
10.1536,80.5786,2.41
10.1536,80.6441,2.42
10.1536,80.7096,2.39
10.1536,80.7751,2.38
10.0881,66.633,2.89
10.0881,66.6985,2.23
10.0881,66.7639,2.22
10.0881,66.8294,2.25
10.0881,66.8949,2.33
10.0881,66.9603,2.23
10.0881,67.0258,2.21
10.0881,67.0913,2.24
10.0881,67.1568,2.28
10.0881,67.2877,2.34
10.0881,67.3532,2.33
10.0881,67.4187,2.3
10.0881,67.4841,2.32
10.0881,67.6151,2.33
10.0881,67.6805,2.35
10.0881,67.746,2.33
10.0881,67.8115,2.42
10.0881,68.0079,2.38
10.0881,68.5317,2.51
10.0881,68.6626,2.13
10.0881,68.7936,2.37
10.0881,69.0555,2.4
10.0881,69.1209,2.3
10.0881,69.3828,2.44
10.0881,69.4483,2.29
10.0881,69.5138,2.43
10.0881,69.5792,2.37
10.0881,69.6447,2.36
10.0881,69.9066,2.33
10.0881,70.103,2.39
10.0881,70.4959,2.5
10.0881,76.061,2.77
10.0881,79.3347,53.36
10.0881,79.4001,84.92
10.0881,79.4656,59.26
10.0881,79.5311,67.58
10.0881,79.5965,78.77
10.0881,79.662,73.82
10.0881,79.7275,35.51
10.0881,79.793,43.32
10.0881,79.8584,29.46
10.0881,79.9239,24.58
10.0881,79.9894,15.27
10.0881,80.0549,5.06
10.0881,80.1203,2.69
10.0881,80.1858,2.78
10.0881,80.2513,2.83
10.0881,80.3167,2.64
10.0881,80.3822,2.5
10.0881,80.4477,2.5
10.0881,80.5132,2.55
10.0881,80.5786,2.5
10.0881,80.6441,2.44
10.0881,80.7096,2.41
10.0881,80.7751,2.38
10.0226,66.633,2.6
10.0226,66.6985,2.23
10.0226,66.7639,2.24
10.0226,66.8294,2.23
10.0226,66.8949,2.21
10.0226,67.0913,2.19
10.0226,67.1568,2.25
10.0226,67.2222,2.27
10.0226,67.2877,2.38
10.0226,67.3532,2.32
10.0226,67.4187,2.36
10.0226,67.5496,2.32
10.0226,67.6151,2.22
10.0226,67.9424,2.42
10.0226,68.0079,2.3
10.0226,68.1388,2.38
10.0226,68.5972,2.48
10.0226,68.6626,2.45
10.0226,68.859,2.39
10.0226,68.99,2.38
10.0226,69.0555,2.26
10.0226,69.4483,2.28
10.0226,69.5138,2.31
10.0226,69.5792,2.19
10.0226,69.6447,2.32
10.0226,69.7102,2.39
10.0226,69.9066,2.31
10.0226,69.9721,2.33
10.0226,76.061,3.03
10.0226,79.2692,14.39
10.0226,79.3347,55.31
10.0226,79.4001,95.08
10.0226,79.4656,66.01
10.0226,79.5311,76.27
10.0226,79.5965,106.74
10.0226,79.662,35.09
10.0226,79.7275,37.16
10.0226,79.793,25.6
10.0226,79.8584,22.73
10.0226,79.9239,20.81
10.0226,79.9894,17.01
10.0226,80.0549,5.37
10.0226,80.1858,2.72
10.0226,80.2513,2.72
10.0226,80.3167,2.7
10.0226,80.3822,2.61
10.0226,80.4477,2.53
10.0226,80.5132,2.58
10.0226,80.5786,2.53
10.0226,80.6441,2.49
10.0226,80.7096,2.44
10.0226,80.7751,2.38
9.9572,66.633,2.23
9.9572,66.7639,2.21
9.9572,66.8294,2.17
9.9572,66.8949,2.23
9.9572,66.9603,2.25
9.9572,67.1568,2.35
9.9572,67.2877,2.3
9.9572,67.3532,2.31
9.9572,67.4187,2.31
9.9572,67.4841,2.32
9.9572,67.5496,2.64
9.9572,67.6151,2.4
9.9572,67.9424,2.41
9.9572,68.2698,2.41
9.9572,68.3353,2.44
9.9572,68.7936,2.48
9.9572,68.859,2.25
9.9572,68.99,2.4
9.9572,69.0555,2.33
9.9572,69.1209,2.25
9.9572,69.1864,2.32
9.9572,69.2519,2.29
9.9572,69.3174,2.27
9.9572,69.4483,2.32
9.9572,69.5138,2.24
9.9572,69.5792,2.27
9.9572,69.7102,2.33
9.9572,69.7757,2.39
9.9572,69.9721,2.4
9.9572,70.103,2.39
9.9572,76.061,3.01
9.9572,76.1265,3.21
9.9572,76.192,19.31
9.9572,79.2037,9.44
9.9572,79.2692,37.4
9.9572,79.3347,7.71
9.9572,79.4001,11.79
9.9572,79.4656,28.38
9.9572,79.5311,64.83
9.9572,79.5965,28.13
9.9572,79.662,26.18
9.9572,79.7275,30.29
9.9572,79.793,26.34
9.9572,79.8584,15.63
9.9572,79.9239,15.36
9.9572,79.9894,6.4
9.9572,80.0549,4.97
9.9572,80.1203,4.34
9.9572,80.2513,2.78
9.9572,80.3167,2.77
9.9572,80.3822,2.75
9.9572,80.4477,2.59
9.9572,80.5132,2.6
9.9572,80.5786,2.67
9.9572,80.6441,2.61
9.9572,80.7096,2.46
9.9572,80.7751,2.39
9.8917,66.633,2.22
9.8917,66.6985,2.19
9.8917,66.7639,2.27
9.8917,66.8294,2.21
9.8917,66.9603,2.3
9.8917,67.0258,2.24
9.8917,67.0913,2.13
9.8917,67.1568,2.22
9.8917,67.2222,2.27
9.8917,67.3532,2.32
9.8917,67.4841,2.32
9.8917,67.6151,2.43
9.8917,68.0079,2.47
9.8917,68.0734,2.38
9.8917,68.2698,2.4
9.8917,68.3353,2.4
9.8917,68.4007,2.47
9.8917,68.7936,2.25
9.8917,68.99,2.37
9.8917,69.0555,2.28
9.8917,69.1209,2.29
9.8917,69.1864,2.51
9.8917,69.3174,2.28
9.8917,69.3828,2.3
9.8917,69.5792,2.29
9.8917,69.6447,2.3
9.8917,69.7102,2.31
9.8917,69.7757,2.25
9.8917,69.8411,2.31
9.8917,70.0376,2.34
9.8917,70.103,2.39
9.8917,70.4304,2.32
9.8917,70.4959,2.3
9.8917,76.061,4.18
9.8917,76.1265,3.37
9.8917,79.2037,7.06
9.8917,79.2692,7.91
9.8917,79.3347,12.47
9.8917,79.4001,33.75
9.8917,79.4656,25.49
9.8917,79.5311,18.01
9.8917,79.5965,16.61
9.8917,79.662,15.58
9.8917,79.7275,22.01
9.8917,79.793,14.08
9.8917,79.8584,10.55
9.8917,79.9239,9.06
9.8917,79.9894,4.61
9.8917,80.2513,3.29
9.8917,80.3167,2.72
9.8917,80.3822,2.73
9.8917,80.4477,2.67
9.8917,80.5132,2.56
9.8917,80.5786,2.62
9.8917,80.6441,2.66
9.8917,80.7096,2.57
9.8262,66.633,2.28
9.8262,66.6985,2.22
9.8262,66.7639,2.21
9.8262,66.8294,2.26
9.8262,66.8949,2.36
9.8262,66.9603,2.31
9.8262,67.0258,2.43
9.8262,67.1568,2.22
9.8262,67.2222,2.29
9.8262,67.2877,2.28
9.8262,67.3532,2.29
9.8262,67.5496,2.38
9.8262,67.9424,2.52
9.8262,68.0079,2.37
9.8262,68.0734,2.29
9.8262,68.1388,2.38
9.8262,68.2043,2.37
9.8262,68.3353,2.38
9.8262,68.9245,2.45
9.8262,69.0555,2.21
9.8262,69.1209,2.25
9.8262,69.2519,2.3
9.8262,69.3174,2.21
9.8262,69.3828,2.22
9.8262,69.4483,2.19
9.8262,69.5138,2.26
9.8262,69.6447,2.27
9.8262,69.8411,2.3
9.8262,69.9066,2.28
9.8262,70.1685,2.39
9.8262,70.234,2.81
9.8262,70.2994,2.31
9.8262,70.4304,2.31
9.8262,70.4959,2.22
9.8262,76.061,4.24
9.8262,76.1265,3.7
9.8262,76.192,3.96
9.8262,79.2037,9.3
9.8262,79.2692,13.03
9.8262,79.3347,28.84
9.8262,79.4001,19.62
9.8262,79.4656,13.01
9.8262,79.5311,13.89
9.8262,79.5965,11.38
9.8262,79.662,13.14
9.8262,79.7275,15.38
9.8262,79.793,7.46
9.8262,79.8584,10.85
9.8262,79.9239,9.09
9.8262,80.0549,4.96
9.8262,80.3822,2.69
9.8262,80.4477,2.7
9.8262,80.5132,2.64
9.8262,80.5786,2.68
9.8262,80.6441,2.68
9.8262,80.7096,2.7
9.7607,66.633,2.22
9.7607,66.8294,2.2
9.7607,66.8949,2.3
9.7607,66.9603,2.24
9.7607,67.0258,2.26
9.7607,67.0913,2.35
9.7607,67.2222,2.17
9.7607,67.2877,2.29
9.7607,67.3532,2.3
9.7607,67.4187,2.28
9.7607,67.4841,2.38
9.7607,67.5496,2.38
9.7607,67.9424,2.39
9.7607,68.0734,2.31
9.7607,68.1388,2.33
9.7607,68.2043,2.36
9.7607,68.6626,2.44
9.7607,68.7281,2.38
9.7607,69.1209,2.44
9.7607,69.2519,2.21
9.7607,69.3174,2.25
9.7607,69.3828,2.25
9.7607,69.4483,2.3
9.7607,69.5792,2.26
9.7607,69.6447,2.3
9.7607,69.7757,2.66
9.7607,69.8411,2.26
9.7607,69.9066,2.29
9.7607,69.9721,2.24
9.7607,70.103,2.35
9.7607,70.1685,2.28
9.7607,70.234,2.29
9.7607,70.2994,2.3
9.7607,76.061,5.26
9.7607,76.1265,4.37
9.7607,76.192,2.61
9.7607,79.0728,6.58
9.7607,79.1382,11.64
9.7607,79.2037,10.62
9.7607,79.2692,22.04
9.7607,79.3347,19.71
9.7607,79.4001,11.53
9.7607,79.4656,9.07
9.7607,79.5965,10.21
9.7607,79.662,8.72
9.7607,79.7275,11.14
9.7607,79.793,14.55
9.7607,80.3822,4.47
9.7607,80.4477,2.65
9.7607,80.5132,2.83
9.7607,80.5786,2.69
9.7607,80.6441,2.78
9.7607,80.7096,2.76
9.6953,66.5675,2.93
9.6953,66.633,2.2
9.6953,66.6985,2.31
9.6953,66.7639,2.17
9.6953,66.8294,2.21
9.6953,66.8949,2.29
9.6953,67.2222,2.31
9.6953,67.2877,2.31
9.6953,67.6805,2.41
9.6953,67.746,2.33
9.6953,67.8115,2.87
9.6953,67.877,2.32
9.6953,67.9424,2.32
9.6953,68.0734,2.22
9.6953,68.1388,2.28
9.6953,68.2043,2.33
9.6953,68.2698,2.33
9.6953,68.5972,2.49
9.6953,68.7281,2.37
9.6953,68.7936,2.38
9.6953,68.99,2.36
9.6953,69.1864,2.3
9.6953,69.3174,2.56
9.6953,69.3828,2.33
9.6953,69.4483,2.29
9.6953,69.5792,2.16
9.6953,69.6447,2.33
9.6953,69.9066,2.28
9.6953,69.9721,2.24
9.6953,70.0376,2.24
9.6953,70.103,2.26
9.6953,70.1685,2.44
9.6953,70.234,2.3
9.6953,70.3649,2.28
9.6953,70.4304,2.14
9.6953,76.192,2.59
9.6953,79.0728,16.96
9.6953,79.1382,17.4
9.6953,79.2037,19.58
9.6953,79.2692,16.48
9.6953,79.3347,13.29
9.6953,79.4001,9.05
9.6953,79.4656,6.29
9.6953,79.5311,5.91
9.6953,79.5965,10.3
9.6953,79.662,6.56
9.6953,79.7275,9.02
9.6953,79.793,9.26
9.6953,80.3822,2.98
9.6953,80.4477,3.31
9.6953,80.5132,2.78
9.6953,80.5786,2.92
9.6953,80.6441,2.74
9.6953,80.7096,2.69
9.6298,66.7639,2.16
9.6298,66.8294,2.22
9.6298,66.8949,2.23
9.6298,67.1568,2.3
9.6298,67.2222,2.27
9.6298,67.2877,2.3
9.6298,67.3532,2.32
9.6298,67.4187,2.49
9.6298,67.746,2.35
9.6298,67.8115,2.29
9.6298,67.877,2.31
9.6298,67.9424,2.35
9.6298,68.0079,2.27
9.6298,68.0734,2.29
9.6298,68.1388,2.28
9.6298,68.3353,2.33
9.6298,68.4007,2.41
9.6298,68.5972,2.31
9.6298,68.6626,2.33
9.6298,68.7281,2.36
9.6298,68.9245,2.44
9.6298,68.99,2.29
9.6298,69.0555,2.32
9.6298,69.3174,2.46
9.6298,69.3828,2.2
9.6298,69.5138,2.31
9.6298,69.5792,2.22
9.6298,69.6447,2.3
9.6298,69.7102,2.34
9.6298,69.7757,2.25
9.6298,69.8411,2.29
9.6298,69.9721,2.2
9.6298,70.0376,2.2
9.6298,70.103,2.45
9.6298,70.1685,2.25
9.6298,70.2994,2.31
9.6298,70.3649,2.27
9.6298,70.4304,2.31
9.6298,76.1265,2.84
9.6298,76.192,2.71
9.6298,79.0073,3.97
9.6298,79.0728,19.02
9.6298,79.1382,21.26
9.6298,79.2037,15.79
9.6298,79.2692,9.85
9.6298,79.3347,10.68
9.6298,79.4001,7.92
9.6298,79.4656,7.33
9.6298,79.5311,5.52
9.6298,79.5965,8.89
9.6298,79.662,5.79
9.6298,79.7275,10.14
9.6298,79.793,12.32
9.6298,80.4477,2.94
9.6298,80.5132,3.02
9.6298,80.5786,2.77
9.6298,80.6441,2.9
9.5643,66.5675,2.18
9.5643,66.633,2.23
9.5643,66.7639,2.27
9.5643,66.8294,2.23
9.5643,66.8949,2.22
9.5643,67.0913,2.33
9.5643,67.1568,2.2
9.5643,67.2222,2.31
9.5643,67.4187,2.26
9.5643,67.6151,2.07
9.5643,67.6805,2.39
9.5643,67.746,2.31
9.5643,67.8115,2.28
9.5643,68.0079,2.29
9.5643,68.0734,2.26
9.5643,68.2043,2.29
9.5643,68.2698,2.29
9.5643,68.3353,2.31
9.5643,68.4007,2.36
9.5643,68.4662,2.35
9.5643,68.5972,2.64
9.5643,68.7936,2.32
9.5643,68.859,2.24
9.5643,69.1864,2.28
9.5643,69.2519,2.27
9.5643,69.3174,2.26
9.5643,69.3828,2.22
9.5643,69.5138,2.2
9.5643,69.5792,2.31
9.5643,69.7102,2.27
9.5643,69.7757,2.28
9.5643,69.9066,2.3
9.5643,70.0376,2.25
9.5643,70.103,2.34
9.5643,70.2994,2.27
9.5643,70.3649,2.3
9.5643,70.4304,2.3
9.5643,76.1265,2.55
9.5643,76.192,2.68
9.5643,76.2574,8.81
9.5643,79.0073,3.72
9.5643,79.0728,20.26
9.5643,79.1382,17.77
9.5643,79.2037,11.76
9.5643,79.2692,9.16
9.5643,79.3347,6.82
9.5643,79.4001,6.84
9.5643,79.4656,8.0
9.5643,79.5311,5.04
9.5643,79.5965,9.34
9.5643,79.7275,7.97
9.5643,79.793,6.69
9.5643,79.9239,7.46
9.5643,79.9894,7.88
9.5643,80.0549,12.2
9.5643,80.5132,2.96
9.5643,80.5786,3.09
9.5643,80.6441,3.14
9.4988,66.633,2.31
9.4988,66.6985,2.21
9.4988,66.7639,2.21
9.4988,66.8294,2.16
9.4988,66.8949,2.31
9.4988,66.9603,2.27
9.4988,67.0258,2.29
9.4988,67.0913,2.31
9.4988,67.2877,2.11
9.4988,67.3532,2.35
9.4988,67.4841,2.32
9.4988,67.5496,2.31
9.4988,67.6151,2.32
9.4988,67.6805,2.27
9.4988,67.746,2.27
9.4988,67.877,2.3
9.4988,67.9424,2.31
9.4988,68.0079,2.33
9.4988,68.2043,2.36
9.4988,68.2698,2.32
9.4988,68.3353,2.32
9.4988,68.4007,2.32
9.4988,68.4662,2.66
9.4988,68.5317,2.46
9.4988,68.7281,2.22
9.4988,68.7936,2.39
9.4988,69.1209,2.26
9.4988,69.1864,2.36
9.4988,69.2519,2.23
9.4988,69.3174,2.24
9.4988,69.3828,2.17
9.4988,69.4483,2.28
9.4988,69.5138,2.25
9.4988,69.7102,2.13
9.4988,69.7757,2.24
9.4988,69.8411,2.36
9.4988,69.9066,2.29
9.4988,70.0376,2.38
9.4988,70.103,2.3
9.4988,70.3649,2.28
9.4988,70.4304,2.24
9.4988,76.1265,2.52
9.4988,76.192,2.65
9.4988,76.2574,4.63
9.4988,79.0073,5.38
9.4988,79.0728,17.28
9.4988,79.1382,13.91
9.4988,79.2037,10.36
9.4988,79.2692,7.19
9.4988,79.3347,5.56
9.4988,79.4001,7.35
9.4988,79.4656,7.5
9.4988,79.5311,11.06
9.4988,79.5965,9.31
9.4988,79.793,6.06
9.4988,79.8584,6.63
9.4988,79.9239,7.2
9.4988,79.9894,7.17
9.4988,80.0549,10.1
9.4988,80.1203,21.06
9.4334,66.633,2.31
9.4334,66.6985,2.3
9.4334,66.7639,2.15
9.4334,66.8294,2.23
9.4334,66.8949,2.23
9.4334,66.9603,2.25
9.4334,67.0258,2.26
9.4334,67.0913,2.27
9.4334,67.2222,2.37
9.4334,67.3532,2.31
9.4334,67.4187,2.34
9.4334,67.6151,2.53
9.4334,67.6805,2.23
9.4334,67.746,2.3
9.4334,67.8115,2.29
9.4334,67.877,2.42
9.4334,67.9424,2.21
9.4334,68.0079,2.35
9.4334,68.0734,2.37
9.4334,68.2698,2.43
9.4334,68.4662,2.33
9.4334,68.5317,2.3
9.4334,68.5972,2.32
9.4334,68.6626,2.15
9.4334,68.7281,2.31
9.4334,68.7936,2.26
9.4334,68.859,2.25
9.4334,68.9245,2.25
9.4334,68.99,2.27
9.4334,69.0555,2.3
9.4334,69.2519,2.26
9.4334,69.3828,2.29
9.4334,69.4483,2.28
9.4334,69.5138,2.21
9.4334,69.6447,2.28
9.4334,69.7102,2.26
9.4334,69.7757,2.26
9.4334,69.8411,2.34
9.4334,69.9066,2.22
9.4334,69.9721,2.25
9.4334,70.1685,2.49
9.4334,70.3649,2.27
9.4334,70.4304,2.32
9.4334,76.2574,3.1
9.4334,79.0073,6.37
9.4334,79.0728,6.91
9.4334,79.1382,6.54
9.4334,79.2037,7.97
9.4334,79.2692,10.72
9.4334,79.3347,6.24
9.4334,79.4001,5.33
9.4334,79.4656,5.48
9.4334,79.5311,6.65
9.4334,79.5965,8.74
9.4334,79.662,10.74
9.4334,79.7275,6.14
9.4334,79.793,5.2
9.4334,79.8584,5.5
9.4334,79.9239,5.25
9.4334,79.9894,6.9
9.3679,66.7639,2.21
9.3679,66.8294,2.34
9.3679,66.8949,2.21
9.3679,67.0258,2.29
9.3679,67.1568,2.45
9.3679,67.2222,2.28
9.3679,67.2877,2.32
9.3679,67.3532,2.36
9.3679,67.6805,2.32
9.3679,67.746,2.3
9.3679,67.8115,2.29
9.3679,67.877,2.27
9.3679,68.4662,2.45
9.3679,68.5317,2.35
9.3679,68.5972,2.39
9.3679,68.6626,2.21
9.3679,68.7281,2.3
9.3679,68.7936,2.25
9.3679,68.859,2.23
9.3679,68.9245,2.28
9.3679,68.99,2.28
9.3679,69.0555,2.27
9.3679,69.1209,2.45
9.3679,69.3828,2.36
9.3679,69.5138,2.32
9.3679,69.7757,2.23
9.3679,69.8411,2.21
9.3679,69.9066,2.25
9.3679,69.9721,2.24
9.3679,70.103,2.28
9.3679,70.3649,2.32
9.3679,70.4304,2.24
9.3679,76.2574,3.14
9.3679,79.0728,4.85
9.3679,79.1382,6.55
9.3679,79.2037,9.43
9.3679,79.2692,10.29
9.3679,79.3347,7.36
9.3679,79.4001,6.76
9.3679,79.4656,6.84
9.3679,79.5311,7.35
9.3679,79.5965,9.43
9.3679,79.662,13.23
9.3679,79.7275,7.97
9.3679,79.793,4.56
9.3679,79.8584,6.01
9.3679,79.9239,6.29
9.3679,79.9894,7.93
9.3024,66.502,2.23
9.3024,66.5675,2.25
9.3024,66.6985,2.2
9.3024,66.7639,2.34
9.3024,66.8294,2.25
9.3024,66.8949,2.17
9.3024,66.9603,2.24
9.3024,67.0913,2.33
9.3024,67.3532,2.48
9.3024,67.4187,2.33
9.3024,67.4841,2.24
9.3024,67.5496,2.34
9.3024,67.6151,2.14
9.3024,67.6805,2.23
9.3024,67.746,2.18
9.3024,67.8115,2.32
9.3024,68.1388,2.43
9.3024,68.5317,2.43
9.3024,68.5972,2.33
9.3024,68.6626,2.33
9.3024,68.859,2.28
9.3024,68.99,2.35
9.3024,69.1209,2.25
9.3024,69.2519,2.55
9.3024,69.3174,2.37
9.3024,69.7102,2.14
9.3024,69.7757,2.31
9.3024,69.8411,2.24
9.3024,69.9066,2.26
9.3024,69.9721,2.27
9.3024,70.0376,2.25
9.3024,70.103,2.4
9.3024,70.1685,2.2
9.3024,70.234,2.61
9.3024,70.4304,2.34
9.3024,76.2574,3.43
9.3024,76.3229,4.48
9.3024,79.2037,8.09
9.3024,79.4001,6.77
9.3024,79.4656,6.98
9.3024,79.5311,7.06
9.3024,79.5965,6.72
9.3024,79.662,7.31
9.3024,79.7275,7.84
9.3024,79.793,6.12
9.3024,79.8584,6.39
9.3024,79.9239,4.52
9.2369,66.502,2.15
9.2369,66.633,2.29
9.2369,66.6985,2.28
9.2369,66.7639,2.22
9.2369,66.8294,2.27
9.2369,67.0913,2.26
9.2369,67.1568,2.16
9.2369,67.2222,2.32
9.2369,67.2877,2.33
9.2369,67.3532,2.38
9.2369,67.5496,2.03
9.2369,67.6151,2.32
9.2369,67.6805,2.31
9.2369,68.0734,2.46
9.2369,68.5317,2.33
9.2369,68.5972,2.23
9.2369,68.6626,2.26
9.2369,68.859,2.31
9.2369,69.1209,2.31
9.2369,69.1864,2.26
9.2369,69.2519,2.26
9.2369,69.3174,2.29
9.2369,69.3828,2.66
9.2369,69.5792,2.33
9.2369,69.6447,2.28
9.2369,69.7102,2.26
9.2369,69.8411,2.28
9.2369,69.9066,2.75
9.2369,69.9721,2.26
9.2369,70.0376,2.2
9.2369,70.1685,2.25
9.2369,70.234,2.33
9.2369,70.2994,2.28
9.2369,76.3229,3.77
9.2369,76.3884,12.79
9.2369,78.8763,5.5
9.2369,79.0728,6.64
9.2369,79.1382,14.88
9.2369,79.2692,9.7
9.2369,79.5311,8.14
9.2369,79.5965,10.11
9.2369,79.662,7.82
9.2369,79.7275,6.17
9.2369,79.793,5.5
9.2369,79.8584,7.02
9.2369,79.9239,5.69
9.2369,79.9894,13.69
9.1715,66.4366,2.15
9.1715,66.502,2.27
9.1715,66.5675,2.22
9.1715,66.633,2.22
9.1715,66.6985,2.25
9.1715,66.7639,2.26
9.1715,66.8294,2.25
9.1715,66.8949,2.25
9.1715,66.9603,2.33
9.1715,67.0258,2.3
9.1715,67.0913,2.24
9.1715,67.1568,2.18
9.1715,67.2222,2.28
9.1715,67.2877,2.32
9.1715,67.4841,2.34
9.1715,67.5496,2.19
9.1715,67.6151,2.31
9.1715,67.6805,2.3
9.1715,67.877,2.26
9.1715,68.0734,2.44
9.1715,68.2043,2.32
9.1715,68.3353,2.24
9.1715,68.4007,2.36
9.1715,68.4662,2.36
9.1715,68.5317,2.3
9.1715,68.5972,2.28
9.1715,68.6626,2.21
9.1715,68.7281,2.25
9.1715,68.7936,2.35
9.1715,68.9245,2.33
9.1715,69.1209,2.42
9.1715,69.1864,2.26
9.1715,69.2519,2.25
9.1715,69.3174,2.27
9.1715,69.3828,2.43
9.1715,69.5138,2.32
9.1715,69.5792,2.29
9.1715,69.7102,2.28
9.1715,69.7757,2.25
9.1715,69.9066,2.23
9.1715,69.9721,2.27
9.1715,70.0376,2.26
9.1715,70.103,2.23
9.1715,70.1685,2.28
9.1715,70.234,2.38
9.1715,70.2994,2.16
9.1715,70.3649,2.17
9.1715,76.3229,3.46
9.1715,76.3884,3.88
9.1715,78.6799,27.3
9.1715,78.7454,16.38
9.1715,78.8763,9.4
9.1715,78.9418,15.44
9.1715,79.0073,5.81
9.1715,79.0728,4.28
9.1715,79.1382,4.83
9.1715,79.2037,9.63
9.1715,79.2692,6.78
9.1715,79.3347,5.59
9.1715,79.4001,5.69
9.1715,79.4656,8.34
9.1715,79.5311,6.62
9.1715,79.5965,14.71
9.1715,79.662,13.97
9.1715,79.7275,16.45
9.1715,79.793,10.68
9.1715,79.8584,10.83
9.1715,79.9239,21.87
9.1715,79.9894,22.26
9.106,66.4366,3.35
9.106,66.5675,2.21
9.106,66.6985,2.19
9.106,66.7639,2.23
9.106,66.8294,2.2
9.106,66.8949,2.23
9.106,66.9603,2.25
9.106,67.0258,2.24
9.106,67.0913,2.21
9.106,67.1568,2.26
9.106,67.2222,2.29
9.106,67.2877,2.28
9.106,67.3532,2.28
9.106,67.4187,2.24
9.106,67.4841,2.27
9.106,67.6151,2.28
9.106,67.746,2.35
9.106,68.2043,2.36
9.106,68.2698,2.32
9.106,68.5317,2.16
9.106,68.5972,2.27
9.106,68.6626,2.04
9.106,68.7281,2.27
9.106,68.859,2.32
9.106,68.9245,2.27
9.106,68.99,2.24
9.106,69.0555,2.25
9.106,69.1864,2.29
9.106,69.2519,2.21
9.106,69.3174,2.23
9.106,69.3828,2.25
9.106,69.4483,2.12
9.106,69.5138,2.25
9.106,69.5792,2.25
9.106,69.7757,2.24
9.106,69.8411,2.26
9.106,69.9721,2.23
9.106,70.0376,2.21
9.106,70.1685,2.26
9.106,70.234,2.33
9.106,70.2994,2.18
9.106,76.2574,2.76
9.106,76.3229,3.16
9.106,76.3884,3.26
9.106,76.4539,3.1
9.106,78.4835,10.49
9.106,78.549,21.5
9.106,78.6145,12.85
9.106,78.8763,4.54
9.106,79.0073,3.74
9.106,79.0728,5.56
9.106,79.1382,8.77
9.106,79.2037,10.36
9.106,79.3347,3.59
9.106,79.4001,3.62
9.106,79.4656,7.65
9.106,79.5311,55.1
9.106,79.5965,26.68
9.106,79.9239,69.74
9.106,79.9894,33.66
9.0405,66.4366,2.66
9.0405,66.5675,2.32
9.0405,66.7639,2.23
9.0405,66.8294,2.47
9.0405,66.8949,2.21
9.0405,66.9603,2.23
9.0405,67.0258,2.25
9.0405,67.0913,2.23
9.0405,67.1568,2.26
9.0405,67.3532,2.28
9.0405,67.4187,2.37
9.0405,67.4841,2.29
9.0405,67.6151,2.32
9.0405,67.746,2.33
9.0405,67.8115,2.5
9.0405,68.2043,2.42
9.0405,68.2698,2.35
9.0405,68.3353,2.33
9.0405,68.4007,2.32
9.0405,68.4662,2.52
9.0405,68.5972,2.29
9.0405,68.6626,2.51
9.0405,68.7281,2.26
9.0405,68.7936,2.27
9.0405,68.859,2.67
9.0405,68.9245,2.35
9.0405,68.99,2.23
9.0405,69.0555,2.26
9.0405,69.1864,2.24
9.0405,69.2519,2.22
9.0405,69.3174,2.22
9.0405,69.3828,2.23
9.0405,69.4483,2.22
9.0405,69.5138,2.21
9.0405,69.5792,2.23
9.0405,69.6447,2.24
9.0405,69.7102,2.26
9.0405,69.8411,2.27
9.0405,70.103,2.41
9.0405,70.1685,2.28
9.0405,70.234,2.27
9.0405,70.4304,2.37
9.0405,76.2574,2.9
9.0405,76.3229,2.68
9.0405,76.3884,2.8
9.0405,76.4539,3.22
9.0405,78.3526,5.49
9.0405,79.0073,4.77
9.0405,79.0728,7.67
9.0405,79.1382,3.8
9.0405,79.2037,3.02
9.0405,79.2692,3.02
9.0405,79.3347,3.04
9.0405,79.4001,2.8
9.0405,79.4656,2.88
9.0405,79.5311,3.79
9.0405,79.5965,10.98
9.0405,79.662,10.63
9.0405,79.7275,135.93
8.9751,66.4366,2.2
8.9751,66.502,2.26
8.9751,66.5675,2.3
8.9751,66.8294,2.25
8.9751,66.8949,2.33
8.9751,67.2877,2.3
8.9751,67.3532,2.26
8.9751,67.4187,2.27
8.9751,67.4841,2.27
8.9751,67.5496,2.29
8.9751,67.6151,2.27
8.9751,67.6805,2.34
8.9751,67.746,2.29
8.9751,68.2043,2.37
8.9751,68.3353,2.32
8.9751,68.6626,2.29
8.9751,68.7281,2.24
8.9751,68.7936,2.24
8.9751,68.9245,2.21
8.9751,68.99,2.21
8.9751,69.0555,2.22
8.9751,69.1864,2.27
8.9751,69.2519,2.22
8.9751,69.3174,2.19
8.9751,69.3828,2.23
8.9751,69.4483,2.23
8.9751,69.5138,2.23
8.9751,69.5792,2.22
8.9751,69.6447,2.25
8.9751,69.7102,2.25
8.9751,69.8411,2.27
8.9751,69.9066,2.28
8.9751,69.9721,2.27
8.9751,70.0376,2.21
8.9751,70.1685,2.32
8.9751,70.4304,2.3
8.9751,78.418,3.16
8.9751,78.4835,2.69
8.9751,78.549,3.21
8.9751,78.6145,2.53
8.9751,78.6799,2.7
8.9751,78.7454,2.58
8.9751,78.8109,2.56
8.9751,78.8763,2.93
8.9751,78.9418,2.89
8.9751,79.0073,3.11
8.9751,79.0728,2.63
8.9751,79.1382,2.57
8.9751,79.2037,2.62
8.9751,79.2692,2.69
8.9751,79.3347,2.67
8.9751,79.4001,3.0
8.9751,79.4656,3.06
8.9751,79.5311,3.23
8.9751,79.5965,3.58
8.9751,79.662,4.28
8.9751,79.7275,7.32
8.9751,79.793,13.56
8.9096,66.4366,2.27
8.9096,66.633,2.25
8.9096,66.7639,2.25
8.9096,66.8294,2.24
8.9096,66.8949,2.24
8.9096,66.9603,2.27
8.9096,67.0258,2.3
8.9096,67.1568,2.19
8.9096,67.3532,2.28
8.9096,67.4187,2.25
8.9096,67.4841,2.27
8.9096,67.5496,2.26
8.9096,67.6151,2.28
8.9096,67.6805,2.33
8.9096,67.877,2.49
8.9096,68.2698,2.33
8.9096,68.3353,2.25
8.9096,68.4007,2.18
8.9096,68.4662,2.28
8.9096,68.6626,2.12
8.9096,68.7281,2.17
8.9096,68.7936,2.13
8.9096,68.9245,2.21
8.9096,68.99,2.2
8.9096,69.0555,2.23
8.9096,69.1209,2.22
8.9096,69.2519,2.21
8.9096,69.3174,2.21
8.9096,69.4483,2.27
8.9096,69.5138,2.22
8.9096,69.6447,2.45
8.9096,69.7102,2.23
8.9096,69.7757,2.28
8.9096,69.8411,2.24
8.9096,69.9066,2.28
8.9096,69.9721,2.25
8.9096,70.0376,2.28
8.9096,70.103,2.28
8.9096,70.234,2.35
8.9096,70.2994,2.41
8.9096,70.4304,2.33
8.9096,78.2871,2.82
8.9096,78.418,2.52
8.9096,78.4835,2.49
8.9096,78.549,2.48
8.9096,78.6145,2.5
8.9096,78.6799,2.43
8.9096,78.7454,2.5
8.9096,78.8109,2.62
8.9096,78.8763,2.54
8.9096,78.9418,2.53
8.9096,79.0073,2.62
8.9096,79.0728,2.53
8.9096,79.1382,2.6
8.9096,79.2037,2.6
8.9096,79.2692,2.57
8.9096,79.3347,2.56
8.9096,79.4001,2.66
8.9096,79.4656,2.87
8.9096,79.5311,2.96
8.9096,79.5965,3.12
8.9096,79.662,3.54
8.9096,79.793,10.21
8.9096,79.8584,19.25
8.8441,66.3711,2.16
8.8441,66.4366,2.24
8.8441,66.7639,2.18
8.8441,66.8294,2.21
8.8441,66.8949,2.22
8.8441,66.9603,2.24
8.8441,67.4187,2.25
8.8441,67.4841,2.24
8.8441,67.5496,2.11
8.8441,67.6151,2.25
8.8441,67.6805,2.28
8.8441,67.746,2.34
8.8441,67.8115,2.36
8.8441,67.877,2.42
8.8441,67.9424,2.46
8.8441,68.0734,2.49
8.8441,68.2698,2.24
8.8441,68.3353,2.38
8.8441,68.4007,2.28
8.8441,68.4662,2.33
8.8441,68.5317,2.32
8.8441,68.7936,2.25
8.8441,68.859,2.19
8.8441,68.9245,2.2
8.8441,68.99,2.22
8.8441,69.1864,2.21
8.8441,69.2519,2.21
8.8441,69.3174,2.2
8.8441,69.3828,2.29
8.8441,69.4483,2.21
8.8441,69.5138,2.23
8.8441,69.6447,2.19
8.8441,69.7102,2.26
8.8441,69.7757,2.23
8.8441,69.8411,2.34
8.8441,69.9721,2.18
8.8441,70.103,2.26
8.8441,70.1685,2.24
8.8441,70.2994,2.29
8.8441,70.4304,2.09
8.8441,76.5193,3.74
8.8441,76.5848,4.17
8.8441,78.2216,22.71
8.8441,78.2871,3.2
8.8441,78.3526,2.47
8.8441,78.418,2.41
8.8441,78.4835,2.55
8.8441,78.549,2.54
8.8441,78.6145,2.62
8.8441,78.6799,2.58
8.8441,78.7454,2.74
8.8441,78.8109,2.56
8.8441,78.8763,2.45
8.8441,78.9418,2.55
8.8441,79.0073,2.64
8.8441,79.0728,2.54
8.8441,79.1382,2.54
8.8441,79.2037,2.51
8.8441,79.2692,2.52
8.8441,79.3347,2.54
8.8441,79.4001,2.79
8.8441,79.4656,2.58
8.8441,79.5311,2.95
8.8441,79.5965,2.97
8.8441,79.662,2.9
8.8441,79.7275,2.99
8.7786,66.3711,3.31
8.7786,66.5675,2.31
8.7786,66.633,2.22
8.7786,66.6985,2.2
8.7786,66.7639,2.21
8.7786,66.8949,2.18
8.7786,66.9603,2.22
8.7786,67.0258,2.27
8.7786,67.1568,2.31
8.7786,67.2222,2.31
8.7786,67.2877,2.27
8.7786,67.4187,2.24
8.7786,67.4841,2.22
8.7786,67.5496,2.21
8.7786,67.6151,2.24
8.7786,67.6805,2.28
8.7786,67.746,2.33
8.7786,67.8115,2.33
8.7786,67.877,2.35
8.7786,67.9424,2.21
8.7786,68.1388,2.32
8.7786,68.2043,2.33
8.7786,68.2698,2.45
8.7786,68.3353,2.24
8.7786,68.4007,2.25
8.7786,68.4662,2.24
8.7786,68.5317,2.24
8.7786,68.5972,2.46
8.7786,68.6626,2.24
8.7786,68.7281,2.23
8.7786,68.7936,2.23
8.7786,68.859,2.18
8.7786,68.9245,2.2
8.7786,68.99,2.25
8.7786,69.1209,2.22
8.7786,69.2519,2.22
8.7786,69.3174,2.2
8.7786,69.3828,2.19
8.7786,69.4483,2.22
8.7786,69.5138,2.24
8.7786,69.5792,2.24
8.7786,70.1685,2.29
8.7786,76.5193,2.52
8.7786,76.5848,2.62
8.7786,78.2216,15.05
8.7786,78.2871,2.78
8.7786,78.3526,2.5
8.7786,78.418,2.52
8.7786,78.4835,2.48
8.7786,78.549,2.49
8.7786,78.6145,2.51
8.7786,78.6799,2.47
8.7786,78.7454,2.65
8.7786,78.8109,2.65
8.7786,78.8763,2.62
8.7786,78.9418,2.51
8.7786,79.0073,2.48
8.7786,79.0728,2.43
8.7786,79.1382,2.54
8.7786,79.2037,2.54
8.7786,79.2692,2.5
8.7786,79.3347,2.47
8.7786,79.4001,2.52
8.7786,79.4656,3.14
8.7786,79.5311,2.54
8.7786,79.5965,2.6
8.7786,79.662,2.94
8.7786,79.7275,3.13
8.7786,79.793,3.83
8.7132,66.3711,2.66
8.7132,66.502,2.27
8.7132,66.5675,2.21
8.7132,66.633,2.16
8.7132,66.6985,2.19
8.7132,66.7639,2.19
8.7132,66.8294,2.2
8.7132,66.8949,2.2
8.7132,67.0258,2.24
8.7132,67.1568,2.28
8.7132,67.2222,2.26
8.7132,67.2877,2.3
8.7132,67.4187,2.22
8.7132,67.4841,2.23
8.7132,67.5496,2.22
8.7132,67.6151,2.24
8.7132,67.6805,2.27
8.7132,67.877,2.36
8.7132,68.0079,2.39
8.7132,68.1388,2.15
8.7132,68.2043,2.32
8.7132,68.2698,2.3
8.7132,68.3353,2.22
8.7132,68.4007,2.23
8.7132,68.4662,2.21
8.7132,68.5317,2.24
8.7132,68.5972,2.24
8.7132,68.7281,2.21
8.7132,68.7936,2.2
8.7132,68.859,2.2
8.7132,68.9245,2.19
8.7132,68.99,2.27
8.7132,69.0555,2.27
8.7132,69.2519,2.22
8.7132,69.3174,2.19
8.7132,69.3828,2.14
8.7132,69.4483,2.25
8.7132,69.5138,2.25
8.7132,69.5792,2.23
8.7132,69.6447,2.45
8.7132,69.7102,2.28
8.7132,69.7757,2.24
8.7132,69.8411,2.18
8.7132,69.9066,2.22
8.7132,70.0376,2.62
8.7132,70.1685,2.27
8.7132,70.234,2.27
8.7132,70.2994,2.29
8.7132,70.3649,2.26
8.7132,76.5848,2.6
8.7132,76.6503,3.08
8.7132,78.2216,19.01
8.7132,78.2871,2.66
8.7132,78.3526,2.58
8.7132,78.418,2.4
8.7132,78.4835,2.4
8.7132,78.549,2.36
8.7132,78.6145,2.47
8.7132,78.6799,2.41
8.7132,78.7454,2.45
8.7132,78.8109,2.46
8.7132,78.8763,2.47
8.7132,78.9418,2.6
8.7132,79.0073,2.47
8.7132,79.0728,2.43
8.7132,79.1382,2.45
8.7132,79.2037,2.5
8.7132,79.2692,2.48
8.7132,79.3347,2.48
8.7132,79.4001,2.51
8.7132,79.4656,2.53
8.7132,79.5311,2.41
8.7132,79.5965,2.54
8.7132,79.662,2.79
8.7132,79.7275,3.85
8.7132,79.793,3.3
8.6477,66.3711,2.24
8.6477,66.502,2.31
8.6477,66.633,2.23
8.6477,66.6985,2.19
8.6477,66.7639,2.19
8.6477,66.8294,2.19
8.6477,66.8949,2.21
8.6477,66.9603,2.24
8.6477,67.2222,2.25
8.6477,67.2877,2.28
8.6477,67.3532,2.24
8.6477,67.4187,2.22
8.6477,67.4841,2.24
8.6477,67.5496,2.24
8.6477,67.6151,2.28
8.6477,67.6805,2.32
8.6477,67.877,2.5
8.6477,68.2043,2.29
8.6477,68.2698,2.39
8.6477,68.3353,2.21
8.6477,68.4007,2.36
8.6477,68.4662,2.2
8.6477,68.5317,2.31
8.6477,68.5972,2.27
8.6477,68.6626,2.22
8.6477,68.7936,2.3
8.6477,68.9245,2.18
8.6477,69.2519,2.23
8.6477,69.3174,2.24
8.6477,69.3828,2.22
8.6477,69.4483,2.24
8.6477,69.5138,2.21
8.6477,69.5792,2.22
8.6477,69.6447,2.24
8.6477,69.7102,2.25
8.6477,69.7757,2.25
8.6477,69.9066,2.21
8.6477,69.9721,2.18
8.6477,70.1685,2.25
8.6477,70.234,2.23
8.6477,70.2994,2.19
8.6477,70.3649,2.38
8.6477,76.5193,2.6
8.6477,76.5848,3.02
8.6477,76.6503,3.3
8.6477,76.7158,3.0
8.6477,78.2871,2.49
8.6477,78.3526,2.38
8.6477,78.418,2.36
8.6477,78.4835,2.38
8.6477,78.549,2.42
8.6477,78.6145,2.39
8.6477,78.6799,2.32
8.6477,78.7454,2.38
8.6477,78.8109,2.39
8.6477,78.8763,2.47
8.6477,78.9418,2.42
8.6477,79.0073,2.4
8.6477,79.0728,2.46
8.6477,79.1382,2.49
8.6477,79.2037,2.5
8.6477,79.2692,2.44
8.6477,79.3347,2.41
8.6477,79.4001,2.51
8.6477,79.4656,2.44
8.6477,79.5311,2.39
8.6477,79.5965,2.4
8.6477,79.662,2.77
8.6477,79.7275,3.4
8.6477,79.793,3.77
8.5822,66.4366,2.28
8.5822,66.7639,2.22
8.5822,66.8294,2.19
8.5822,66.8949,2.22
8.5822,66.9603,2.24
8.5822,67.0913,2.25
8.5822,67.2222,2.26
8.5822,67.2877,2.25
8.5822,67.3532,2.25
8.5822,67.4841,2.12
8.5822,67.5496,2.26
8.5822,67.6151,2.31
8.5822,67.6805,2.35
8.5822,68.0734,2.5
8.5822,68.2043,2.25
8.5822,68.2698,2.23
8.5822,68.3353,2.26
8.5822,68.4007,2.23
8.5822,68.4662,2.25
8.5822,68.5317,2.23
8.5822,68.5972,2.74
8.5822,68.6626,2.17
8.5822,68.7281,2.2
8.5822,68.7936,2.39
8.5822,68.99,2.24
8.5822,69.0555,2.23
8.5822,69.1864,2.34
8.5822,69.2519,2.24
8.5822,69.3174,2.23
8.5822,69.3828,2.3
8.5822,69.5138,2.28
8.5822,69.6447,2.22
8.5822,69.7102,2.24
8.5822,69.7757,2.23
8.5822,69.9066,2.28
8.5822,69.9721,2.26
8.5822,70.0376,2.16
8.5822,70.103,2.17
8.5822,70.1685,2.28
8.5822,70.234,2.23
8.5822,70.4304,2.2
8.5822,76.5193,2.57
8.5822,76.5848,2.68
8.5822,76.6503,3.3
8.5822,76.7158,3.13
8.5822,76.7812,2.89
8.5822,78.2216,2.7
8.5822,78.2871,2.9
8.5822,78.3526,2.62
8.5822,78.418,2.5
8.5822,78.4835,2.58
8.5822,78.549,2.53
8.5822,78.6145,2.42
8.5822,78.6799,2.33
8.5822,78.7454,2.31
8.5822,78.8109,2.41
8.5822,78.8763,2.59
8.5822,78.9418,2.48
8.5822,79.0073,2.49
8.5822,79.0728,2.42
8.5822,79.1382,2.45
8.5822,79.2037,2.44
8.5822,79.2692,2.48
8.5822,79.3347,2.44
8.5822,79.4001,2.42
8.5822,79.4656,2.42
8.5822,79.5311,2.33
8.5822,79.5965,2.36
8.5822,79.662,2.55
8.5822,79.7275,3.27
8.5167,66.7639,2.23
8.5167,66.8294,2.24
8.5167,66.8949,2.23
8.5167,66.9603,2.23
8.5167,67.0258,2.26
8.5167,67.0913,2.24
8.5167,67.1568,2.25
8.5167,67.2222,2.27
8.5167,67.2877,2.24
8.5167,67.3532,2.22
8.5167,67.4187,2.13
8.5167,67.4841,2.27
8.5167,67.5496,2.27
8.5167,67.6151,2.3
8.5167,67.6805,2.37
8.5167,67.746,2.38
8.5167,68.2043,2.33
8.5167,68.2698,2.27
8.5167,68.3353,2.24
8.5167,68.4007,2.27
8.5167,68.5972,2.2
8.5167,68.6626,2.26
8.5167,68.7936,2.2
8.5167,68.99,2.21
8.5167,69.0555,2.21
8.5167,69.1864,2.23
8.5167,69.2519,2.26
8.5167,69.3828,2.33
8.5167,69.6447,2.19
8.5167,69.7102,2.49
8.5167,69.7757,2.26
8.5167,69.9066,2.23
8.5167,70.103,2.17
8.5167,70.1685,2.33
8.5167,70.234,2.13
8.5167,70.2994,2.18
8.5167,70.3649,2.33
8.5167,76.5193,2.55
8.5167,76.5848,2.81
8.5167,76.6503,2.74
8.5167,76.7158,3.4
8.5167,76.7812,3.22
8.5167,76.8467,3.1
8.5167,78.1562,200.66
8.5167,78.2216,3.0
8.5167,78.2871,2.9
8.5167,78.3526,2.48
8.5167,78.418,2.55
8.5167,78.4835,2.56
8.5167,78.549,2.39
8.5167,78.6145,2.4
8.5167,78.6799,2.34
8.5167,78.7454,2.36
8.5167,78.8109,2.38
8.5167,78.8763,2.6
8.5167,78.9418,2.47
8.5167,79.0073,2.55
8.5167,79.0728,2.51
8.5167,79.1382,2.5
8.5167,79.2037,2.46
8.5167,79.2692,2.49
8.5167,79.3347,2.41
8.5167,79.4001,2.32
8.5167,79.4656,2.26
8.5167,79.5311,2.27
8.5167,79.5965,2.28
8.5167,79.662,2.41
8.5167,79.7275,2.8
8.4513,66.502,2.25
8.4513,67.0258,2.26
8.4513,67.0913,2.28
8.4513,67.1568,2.36
8.4513,67.2222,2.33
8.4513,67.2877,2.25
8.4513,67.5496,2.3
8.4513,67.6151,2.32
8.4513,67.746,2.36
8.4513,67.8115,2.43
8.4513,68.2698,2.32
8.4513,68.3353,2.28
8.4513,68.4007,2.15
8.4513,68.4662,2.26
8.4513,68.5317,2.22
8.4513,68.5972,2.21
8.4513,68.6626,2.19
8.4513,68.7281,2.21
8.4513,68.859,2.35
8.4513,68.9245,2.3
8.4513,69.0555,2.17
8.4513,69.1209,2.18
8.4513,69.1864,2.15
8.4513,69.3174,2.24
8.4513,69.3828,2.49
8.4513,69.6447,2.24
8.4513,69.7102,2.39
8.4513,69.7757,2.24
8.4513,69.8411,2.26
8.4513,69.9066,2.17
8.4513,69.9721,2.25
8.4513,70.0376,2.23
8.4513,70.1685,2.22
8.4513,70.234,2.24
8.4513,70.2994,2.2
8.4513,70.3649,2.17
8.4513,76.7812,3.54
8.4513,76.8467,3.12
8.4513,76.9122,2.7
8.4513,78.2216,3.35
8.4513,78.2871,2.84
8.4513,78.3526,2.44
8.4513,78.418,2.42
8.4513,78.4835,2.4
8.4513,78.549,2.36
8.4513,78.6145,2.31
8.4513,78.6799,2.35
8.4513,78.7454,2.38
8.4513,78.8109,2.43
8.4513,78.8763,2.44
8.4513,78.9418,2.5
8.4513,79.0073,2.52
8.4513,79.0728,2.53
8.4513,79.1382,2.49
8.4513,79.2037,2.42
8.4513,79.2692,2.35
8.4513,79.3347,2.33
8.4513,79.4001,2.23
8.4513,79.4656,2.27
8.4513,79.5311,2.22
8.4513,79.5965,2.27
8.4513,79.662,2.35
8.3858,66.3056,2.61
8.3858,66.3711,2.27
8.3858,66.633,2.29
8.3858,66.8294,2.17
8.3858,66.9603,2.18
8.3858,67.0258,2.32
8.3858,67.0913,2.33
8.3858,67.1568,2.38
8.3858,67.2222,2.42
8.3858,67.4841,2.4
8.3858,67.5496,2.31
8.3858,67.6151,2.22
8.3858,67.6805,2.49
8.3858,67.746,2.55
8.3858,67.8115,2.35
8.3858,68.2043,2.38
8.3858,68.2698,2.28
8.3858,68.3353,2.29
8.3858,68.4007,2.38
8.3858,68.4662,2.26
8.3858,68.6626,2.46
8.3858,68.7281,2.58
8.3858,68.7936,2.55
8.3858,68.859,2.19
8.3858,68.9245,2.19
8.3858,68.99,2.19
8.3858,69.0555,2.19
8.3858,69.1209,2.19
8.3858,69.1864,2.21
8.3858,69.2519,2.2
8.3858,69.3174,2.27
8.3858,69.3828,2.54
8.3858,69.4483,2.16
8.3858,69.5138,2.25
8.3858,69.6447,2.27
8.3858,69.7757,2.35
8.3858,69.8411,2.35
8.3858,69.9066,2.22
8.3858,69.9721,2.29
8.3858,70.103,2.17
8.3858,70.1685,2.22
8.3858,70.234,2.22
8.3858,70.2994,2.23
8.3858,70.3649,2.21
8.3858,70.4304,2.13
8.3858,76.7812,3.02
8.3858,76.8467,3.59
8.3858,76.9122,3.06
8.3858,78.0907,29.21
8.3858,78.1562,2.64
8.3858,78.2216,2.57
8.3858,78.2871,2.71
8.3858,78.3526,2.49
8.3858,78.418,2.42
8.3858,78.4835,2.36
8.3858,78.549,2.38
8.3858,78.6145,2.36
8.3858,78.6799,2.34
8.3858,78.7454,2.39
8.3858,78.8109,2.43
8.3858,78.8763,2.42
8.3858,78.9418,2.48
8.3858,79.0073,2.49
8.3858,79.0728,2.48
8.3858,79.1382,2.44
8.3858,79.2037,2.36
8.3858,79.2692,2.28
8.3858,79.3347,2.23
8.3858,79.4001,2.24
8.3858,79.4656,2.24
8.3858,79.5311,2.21
8.3858,79.5965,2.25
8.3858,79.662,2.49
8.3203,66.3056,2.28
8.3203,66.3711,2.24
8.3203,66.4366,2.16
8.3203,66.502,2.25
8.3203,66.5675,2.32
8.3203,66.633,2.27
8.3203,66.7639,2.36
8.3203,66.8294,2.57
8.3203,67.0258,2.33
8.3203,68.2698,2.31
8.3203,68.3353,2.28
8.3203,68.4007,2.26
8.3203,68.5317,2.23
8.3203,68.5972,2.13
8.3203,68.6626,2.2
8.3203,68.7281,2.19
8.3203,68.7936,2.18
8.3203,68.859,2.17
8.3203,68.9245,2.16
8.3203,68.99,2.18
8.3203,69.0555,2.18
8.3203,69.1209,2.2
8.3203,69.1864,2.49
8.3203,69.2519,2.2
8.3203,69.3174,2.21
8.3203,69.3828,2.18
8.3203,69.4483,2.2
8.3203,69.5138,2.4
8.3203,69.5792,2.16
8.3203,69.6447,2.72
8.3203,69.7102,2.13
8.3203,69.7757,2.23
8.3203,69.9066,2.14
8.3203,69.9721,2.21
8.3203,70.0376,2.2
8.3203,70.103,2.23
8.3203,70.1685,2.22
8.3203,70.234,2.23
8.3203,70.2994,2.2
8.3203,70.4304,2.27
8.3203,76.7812,2.73
8.3203,76.8467,4.05
8.3203,76.9122,3.05
8.3203,76.9776,2.66
8.3203,78.0907,2.68
8.3203,78.1562,2.7
8.3203,78.2216,2.6
8.3203,78.2871,2.6
8.3203,78.3526,2.42
8.3203,78.418,2.37
8.3203,78.4835,2.43
8.3203,78.549,2.4
8.3203,78.6145,2.43
8.3203,78.6799,2.36
8.3203,78.7454,2.39
8.3203,78.8109,2.38
8.3203,78.8763,2.45
8.3203,78.9418,2.41
8.3203,79.0073,2.43
8.3203,79.0728,2.41
8.3203,79.1382,2.37
8.3203,79.2037,2.27
8.3203,79.2692,2.23
8.3203,79.3347,2.21
8.3203,79.4001,2.23
8.3203,79.4656,2.25
8.3203,79.5311,2.2
8.3203,79.5965,2.25
8.3203,79.662,2.61
8.2548,66.3056,2.28
8.2548,66.3711,2.26
8.2548,66.4366,2.24
8.2548,66.502,2.24
8.2548,66.5675,2.27
8.2548,66.633,2.24
8.2548,66.7639,2.27
8.2548,67.746,2.53
8.2548,68.0079,2.66
8.2548,68.0734,2.43
8.2548,68.1388,2.41
8.2548,68.2698,2.32
8.2548,68.3353,2.36
8.2548,68.4007,2.22
8.2548,68.4662,2.24
8.2548,68.5317,2.25
8.2548,68.5972,2.19
8.2548,68.6626,2.19
8.2548,68.7281,2.18
8.2548,68.7936,2.17
8.2548,68.859,2.17
8.2548,68.9245,2.17
8.2548,68.99,2.17
8.2548,69.0555,2.19
8.2548,69.1209,2.16
8.2548,69.1864,2.41
8.2548,69.2519,2.19
8.2548,69.3174,2.18
8.2548,69.3828,2.32
8.2548,69.4483,2.19
8.2548,69.5138,2.18
8.2548,69.5792,2.19
8.2548,69.6447,2.23
8.2548,69.7102,2.16
8.2548,69.7757,2.33
8.2548,69.8411,2.23
8.2548,69.9066,2.2
8.2548,69.9721,2.21
8.2548,70.0376,2.2
8.2548,70.103,2.22
8.2548,70.1685,2.2
8.2548,70.234,2.23
8.2548,70.3649,2.21
8.2548,70.4304,2.21
8.2548,76.7158,2.61
8.2548,76.7812,2.67
8.2548,76.8467,3.39
8.2548,76.9122,3.93
8.2548,76.9776,4.35
8.2548,77.0431,2.44
8.2548,77.1086,2.47
8.2548,77.8943,20.67
8.2548,77.9597,4.59
8.2548,78.1562,2.62
8.2548,78.2216,2.49
8.2548,78.2871,2.45
8.2548,78.3526,2.4
8.2548,78.418,2.31
8.2548,78.4835,2.51
8.2548,78.549,2.51
8.2548,78.6145,2.4
8.2548,78.6799,2.34
8.2548,78.7454,2.35
8.2548,78.8109,2.43
8.2548,78.8763,2.44
8.2548,78.9418,2.47
8.2548,79.0073,2.47
8.2548,79.0728,2.39
8.2548,79.1382,2.39
8.2548,79.2037,2.27
8.2548,79.2692,2.22
8.2548,79.3347,2.21
8.2548,79.4001,2.23
8.2548,79.4656,2.22
8.2548,79.5311,2.21
8.2548,79.5965,2.28
8.2548,79.662,2.86
8.1894,66.3056,2.27
8.1894,66.3711,2.23
8.1894,66.4366,2.21
8.1894,66.502,2.22
8.1894,66.5675,2.12
8.1894,66.633,2.34
8.1894,67.6151,2.53
8.1894,67.6805,2.45
8.1894,67.746,2.42
8.1894,67.8115,2.45
8.1894,68.0079,2.48
8.1894,68.0734,2.25
8.1894,68.1388,2.34
8.1894,68.4007,2.22
8.1894,68.4662,2.23
8.1894,68.6626,2.19
8.1894,68.7281,2.17
8.1894,68.7936,2.16
8.1894,68.859,2.16
8.1894,68.9245,2.17
8.1894,68.99,2.16
8.1894,69.0555,2.19
8.1894,69.1209,2.31
8.1894,69.1864,2.17
8.1894,69.2519,2.17
8.1894,69.3174,2.18
8.1894,69.3828,2.18
8.1894,69.4483,2.18
8.1894,69.5138,2.24
8.1894,69.5792,2.19
8.1894,69.6447,2.22
8.1894,69.7102,2.28
8.1894,69.7757,2.21
8.1894,69.8411,2.18
8.1894,69.9066,2.18
8.1894,69.9721,2.18
8.1894,70.0376,2.23
8.1894,70.103,2.2
8.1894,70.1685,2.24
8.1894,70.234,2.22
8.1894,70.2994,2.26
8.1894,70.4304,2.25
8.1894,76.7158,2.68
8.1894,76.7812,2.88
8.1894,76.9122,4.06
8.1894,76.9776,4.09
8.1894,77.0431,2.84
8.1894,77.1086,2.6
8.1894,77.1741,2.74
8.1894,77.8288,35.46
8.1894,77.8943,17.94
8.1894,77.9597,5.77
8.1894,78.0252,4.66
8.1894,78.1562,2.6
8.1894,78.2216,2.67
8.1894,78.2871,2.48
8.1894,78.3526,2.43
8.1894,78.418,2.34
8.1894,78.4835,2.48
8.1894,78.549,2.5
8.1894,78.6145,2.43
8.1894,78.6799,2.35
8.1894,78.7454,2.38
8.1894,78.8109,2.36
8.1894,78.8763,2.47
8.1894,78.9418,2.32
8.1894,79.0073,2.41
8.1894,79.0728,2.28
8.1894,79.1382,2.25
8.1894,79.2037,2.21
8.1894,79.2692,2.21
8.1894,79.3347,2.19
8.1894,79.4001,2.17
8.1894,79.4656,2.2
8.1894,79.5311,2.27
8.1894,79.5965,2.3
8.1894,79.662,3.0
8.1239,66.3056,2.21
8.1239,66.3711,2.27
8.1239,66.4366,2.24
8.1239,67.5496,2.66
8.1239,67.8115,2.46
8.1239,68.0079,2.38
8.1239,68.1388,2.52
8.1239,68.2043,2.3
8.1239,68.2698,2.29
8.1239,68.3353,2.52
8.1239,68.4007,2.23
8.1239,68.5317,2.26
8.1239,68.6626,2.19
8.1239,68.7281,2.17
8.1239,68.7936,2.15
8.1239,68.859,2.17
8.1239,68.9245,2.17
8.1239,68.99,2.19
8.1239,69.0555,2.17
8.1239,69.1864,2.18
8.1239,69.2519,2.49
8.1239,69.3174,2.17
8.1239,69.3828,2.18
8.1239,69.4483,2.19
8.1239,69.5138,2.21
8.1239,69.6447,2.76
8.1239,69.7102,2.21
8.1239,69.7757,2.23
8.1239,69.8411,2.21
8.1239,69.9066,2.15
8.1239,70.0376,2.14
8.1239,70.103,2.19
8.1239,70.1685,2.2
8.1239,70.234,2.23
8.1239,70.2994,2.26
8.1239,70.4304,2.23
8.1239,76.7158,2.86
8.1239,76.7812,6.56
8.1239,76.8467,104.13
8.1239,76.9122,7.36
8.1239,76.9776,11.69
8.1239,77.0431,3.1
8.1239,77.1086,2.83
8.1239,77.1741,2.65
8.1239,77.2395,3.15
8.1239,77.6324,13.92
8.1239,77.7633,5.15
8.1239,77.9597,7.58
8.1239,78.0252,3.3
8.1239,78.0907,3.34
8.1239,78.2216,2.5
8.1239,78.2871,2.48
8.1239,78.3526,2.44
8.1239,78.418,2.37
8.1239,78.4835,2.43
8.1239,78.549,2.49
8.1239,78.6145,2.45
8.1239,78.6799,2.36
8.1239,78.7454,2.31
8.1239,78.8109,2.38
8.1239,78.8763,2.35
8.1239,78.9418,2.31
8.1239,79.0073,2.4
8.1239,79.0728,2.3
8.1239,79.1382,2.2
8.1239,79.2037,2.2
8.1239,79.2692,2.22
8.1239,79.3347,2.19
8.1239,79.4001,2.18
8.1239,79.4656,2.21
8.1239,79.5311,2.24
8.1239,79.5965,2.3
8.1239,79.662,2.91
8.0584,66.2401,2.59
8.0584,66.3056,2.2
8.0584,66.3711,2.24
8.0584,66.4366,2.26
8.0584,66.502,2.27
8.0584,66.5675,2.32
8.0584,66.633,2.35
8.0584,66.6985,2.52
8.0584,67.746,2.31
8.0584,67.8115,2.3
8.0584,67.9424,2.39
8.0584,68.0079,2.4
8.0584,68.0734,2.23
8.0584,68.2043,2.11
8.0584,68.2698,2.26
8.0584,68.3353,2.24
8.0584,68.4662,2.21
8.0584,68.5972,2.11
8.0584,68.7281,2.18
8.0584,68.859,2.16
8.0584,68.99,2.19
8.0584,69.0555,2.19
8.0584,69.1209,2.19
8.0584,69.1864,2.18
8.0584,69.2519,2.18
8.0584,69.3174,2.16
8.0584,69.3828,2.17
8.0584,69.4483,2.19
8.0584,69.5138,2.34
8.0584,69.5792,2.12
8.0584,69.6447,2.24
8.0584,69.7102,2.2
8.0584,69.7757,2.2
8.0584,69.9066,2.17
8.0584,69.9721,2.18
8.0584,70.0376,2.18
8.0584,70.103,2.19
8.0584,70.1685,2.19
8.0584,70.234,2.23
8.0584,70.2994,2.21
8.0584,70.3649,2.18
8.0584,70.4304,2.24
8.0584,76.6503,3.1
8.0584,76.7158,3.19
8.0584,76.7812,3.66
8.0584,76.8467,4.35
8.0584,76.9122,4.69
8.0584,76.9776,4.32
8.0584,77.0431,3.33
8.0584,77.1086,2.73
8.0584,77.1741,2.69
8.0584,77.2395,2.77
8.0584,77.305,2.7
8.0584,77.3705,3.06
8.0584,77.436,2.7
8.0584,77.5014,3.17
8.0584,77.5669,3.4
8.0584,77.6324,3.14
8.0584,77.6978,3.87
8.0584,77.7633,3.95
8.0584,77.8288,3.13
8.0584,77.8943,3.51
8.0584,78.0252,9.02
8.0584,78.0907,4.1
8.0584,78.1562,10.98
8.0584,78.2216,2.51
8.0584,78.2871,2.46
8.0584,78.3526,2.47
8.0584,78.418,2.44
8.0584,78.4835,2.44
8.0584,78.549,2.44
8.0584,78.6145,2.41
8.0584,78.6799,2.36
8.0584,78.7454,2.33
8.0584,78.8109,2.32
8.0584,78.8763,2.32
8.0584,78.9418,2.31
8.0584,79.0073,2.36
8.0584,79.0728,2.28
8.0584,79.1382,2.18
8.0584,79.2037,2.2
8.0584,79.2692,2.19
8.0584,79.3347,2.18
8.0584,79.4001,2.26
8.0584,79.4656,2.23
8.0584,79.5311,2.26
8.0584,79.5965,2.33
8.0584,79.662,3.27
7.9929,66.2401,2.22
7.9929,66.3056,2.2
7.9929,66.3711,2.2
7.9929,66.4366,2.22
7.9929,66.502,2.26
7.9929,66.5675,2.29
7.9929,66.633,2.33
7.9929,66.6985,2.39
7.9929,66.7639,2.51
7.9929,67.746,2.28
7.9929,67.9424,2.28
7.9929,68.0079,2.28
7.9929,68.1388,2.33
7.9929,68.2698,2.27
7.9929,68.3353,2.24
7.9929,68.4662,2.57
7.9929,68.5972,2.2
7.9929,68.6626,2.29
7.9929,68.7281,2.26
7.9929,68.7936,2.37
7.9929,68.859,2.16
7.9929,68.9245,2.33
7.9929,68.99,2.18
7.9929,69.0555,2.2
7.9929,69.1209,2.18
7.9929,69.1864,2.14
7.9929,69.2519,2.17
7.9929,69.3174,2.15
7.9929,69.3828,2.17
7.9929,69.4483,2.18
7.9929,69.5138,2.34
7.9929,69.5792,2.19
7.9929,69.6447,2.18
7.9929,69.7102,2.22
7.9929,69.7757,2.53
7.9929,69.8411,2.24
7.9929,69.9066,2.16
7.9929,69.9721,2.16
7.9929,70.0376,2.18
7.9929,70.103,2.2
7.9929,70.1685,2.22
7.9929,70.234,2.23
7.9929,70.2994,2.24
7.9929,70.3649,2.23
7.9929,70.4304,2.25
7.9929,76.5848,3.07
7.9929,76.6503,2.59
7.9929,76.7158,2.65
7.9929,76.7812,2.73
7.9929,76.8467,2.44
7.9929,76.9122,2.45
7.9929,76.9776,2.42
7.9929,77.0431,2.72
7.9929,77.1086,2.6
7.9929,77.1741,2.82
7.9929,77.2395,3.2
7.9929,77.305,2.95
7.9929,77.3705,2.88
7.9929,77.436,2.72
7.9929,77.5014,2.81
7.9929,77.5669,2.92
7.9929,77.6324,3.05
7.9929,77.6978,2.91
7.9929,77.7633,3.2
7.9929,77.8288,2.99
7.9929,77.8943,2.79
7.9929,77.9597,3.02
7.9929,78.0252,2.59
7.9929,78.0907,2.57
7.9929,78.1562,2.79
7.9929,78.2216,2.5
7.9929,78.2871,2.51
7.9929,78.3526,2.35
7.9929,78.418,2.39
7.9929,78.4835,2.34
7.9929,78.549,2.4
7.9929,78.6145,2.33
7.9929,78.6799,2.32
7.9929,78.7454,2.29
7.9929,78.8109,2.28
7.9929,78.8763,2.3
7.9929,78.9418,2.33
7.9929,79.0073,2.29
7.9929,79.0728,2.25
7.9929,79.1382,2.19
7.9929,79.2037,2.19
7.9929,79.2692,2.19
7.9929,79.3347,2.21
7.9929,79.4001,2.23
7.9929,79.4656,2.24
7.9929,79.5311,2.35
7.9929,79.5965,2.35
7.9275,66.2401,2.18
7.9275,66.3056,2.18
7.9275,66.3711,2.2
7.9275,66.4366,2.18
7.9275,66.502,2.23
7.9275,66.5675,2.27
7.9275,66.633,2.3
7.9275,66.6985,2.4
7.9275,66.7639,2.44
7.9275,66.8949,2.54
7.9275,67.0913,2.58
7.9275,67.1568,2.42
7.9275,67.2222,2.39
7.9275,67.2877,2.5
7.9275,67.746,2.32
7.9275,67.8115,2.34
7.9275,67.877,2.26
7.9275,67.9424,2.26
7.9275,68.0079,2.26
7.9275,68.0734,2.24
7.9275,68.3353,2.22
7.9275,68.4007,2.38
7.9275,68.4662,2.21
7.9275,68.5317,2.16
7.9275,68.6626,2.13
7.9275,68.7936,2.22
7.9275,68.859,2.2
7.9275,68.99,2.18
7.9275,69.0555,2.21
7.9275,69.1209,2.15
7.9275,69.1864,2.17
7.9275,69.2519,2.15
7.9275,69.3174,2.18
7.9275,69.3828,2.18
7.9275,69.4483,2.18
7.9275,69.5138,2.18
7.9275,69.5792,2.21
7.9275,69.6447,2.31
7.9275,69.7102,2.2
7.9275,69.8411,2.2
7.9275,69.9721,2.19
7.9275,70.0376,2.19
7.9275,70.103,2.19
7.9275,70.1685,2.26
7.9275,70.234,2.14
7.9275,70.2994,2.56
7.9275,70.3649,2.26
7.9275,70.4304,2.36
7.9275,76.5848,2.55
7.9275,76.6503,2.34
7.9275,76.7158,2.44
7.9275,76.7812,2.44
7.9275,76.8467,2.39
7.9275,76.9122,2.43
7.9275,76.9776,2.31
7.9275,77.0431,2.3
7.9275,77.1086,2.46
7.9275,77.1741,2.49
7.9275,77.2395,2.56
7.9275,77.305,2.47
7.9275,77.3705,2.51
7.9275,77.436,2.55
7.9275,77.5014,2.55
7.9275,77.5669,2.44
7.9275,77.6324,2.36
7.9275,77.6978,2.35
7.9275,77.7633,2.38
7.9275,77.8288,2.35
7.9275,77.8943,2.36
7.9275,77.9597,2.33
7.9275,78.0252,2.32
7.9275,78.0907,2.35
7.9275,78.1562,2.46
7.9275,78.2216,2.51
7.9275,78.2871,2.49
7.9275,78.3526,2.35
7.9275,78.418,2.39
7.9275,78.4835,2.35
7.9275,78.549,2.43
7.9275,78.6145,2.29
7.9275,78.6799,2.35
7.9275,78.7454,2.29
7.9275,78.8109,2.29
7.9275,78.8763,2.3
7.9275,78.9418,2.3
7.9275,79.0073,2.34
7.9275,79.0728,2.35
7.9275,79.1382,2.24
7.9275,79.2037,2.23
7.9275,79.2692,2.44
7.9275,79.3347,2.22
7.9275,79.4001,2.25
7.9275,79.4656,2.19
7.9275,79.5311,2.32
7.862,66.1747,2.42
7.862,66.2401,2.16
7.862,66.3056,2.19
7.862,66.3711,2.2
7.862,66.4366,2.21
7.862,66.502,2.23
7.862,66.5675,2.28
7.862,66.633,2.32
7.862,66.6985,2.27
7.862,66.8294,2.63
7.862,67.0258,2.41
7.862,67.0913,2.44
7.862,67.1568,2.7
7.862,67.2222,2.3
7.862,67.2877,2.52
7.862,67.5496,2.4
7.862,67.6151,2.37
7.862,67.6805,2.33
7.862,67.746,2.31
7.862,67.8115,2.28
7.862,67.877,2.24
7.862,67.9424,2.23
7.862,68.0079,2.24
7.862,68.1388,2.21
7.862,68.2043,2.25
7.862,68.2698,2.21
7.862,68.3353,2.16
7.862,68.4662,2.19
7.862,68.5317,2.17
7.862,68.6626,2.21
7.862,68.7936,2.21
7.862,68.9245,2.22
7.862,68.99,2.2
7.862,69.0555,2.13
7.862,69.1209,2.17
7.862,69.1864,2.18
7.862,69.2519,2.14
7.862,69.3174,2.17
7.862,69.3828,2.19
7.862,69.4483,2.19
7.862,69.5138,2.31
7.862,69.5792,2.2
7.862,69.6447,2.19
7.862,69.7102,2.24
7.862,69.7757,2.26
7.862,69.8411,2.19
7.862,69.9066,2.18
7.862,69.9721,2.2
7.862,70.103,2.27
7.862,70.1685,2.38
7.862,70.234,2.24
7.862,70.2994,2.14
7.862,70.3649,2.22
7.862,76.6503,2.66
7.862,76.7158,2.45
7.862,76.7812,2.41
7.862,76.8467,2.43
7.862,76.9122,2.37
7.862,76.9776,2.3
7.862,77.0431,2.25
7.862,77.1086,2.26
7.862,77.1741,2.28
7.862,77.2395,2.31
7.862,77.305,2.35
7.862,77.3705,2.33
7.862,77.436,2.33
7.862,77.5014,2.34
7.862,77.5669,2.33
7.862,77.6324,2.36
7.862,77.6978,2.4
7.862,77.7633,2.37
7.862,77.8288,2.44
7.862,77.8943,2.38
7.862,77.9597,2.4
7.862,78.0252,2.44
7.862,78.0907,2.43
7.862,78.1562,2.38
7.862,78.2216,2.61
7.862,78.2871,2.64
7.862,78.3526,2.59
7.862,78.418,2.4
7.862,78.4835,2.39
7.862,78.549,2.36
7.862,78.6145,2.28
7.862,78.6799,2.32
7.862,78.7454,2.31
7.862,78.8109,2.3
7.862,78.8763,2.33
7.862,78.9418,2.36
7.862,79.0073,2.35
7.862,79.0728,2.31
7.862,79.1382,2.34
7.862,79.2037,2.32
7.862,79.2692,2.26
7.862,79.3347,2.24
7.862,79.4001,2.18
7.862,79.4656,2.2
7.862,79.5311,2.28
7.862,79.5965,2.37
7.862,79.662,2.84
7.7965,66.1747,3.05
7.7965,66.2401,2.16
7.7965,66.3056,2.18
7.7965,66.3711,2.2
7.7965,66.4366,2.21
7.7965,66.502,2.25
7.7965,66.5675,2.31
7.7965,66.9603,2.39
7.7965,67.0258,2.26
7.7965,67.0913,2.22
7.7965,67.1568,2.37
7.7965,67.2222,2.35
7.7965,67.3532,2.47
7.7965,67.5496,2.42
7.7965,67.6151,2.35
7.7965,67.6805,2.32
7.7965,67.746,2.28
7.7965,67.8115,2.18
7.7965,67.877,2.23
7.7965,67.9424,2.22
7.7965,68.0079,2.23
7.7965,68.1388,2.24
7.7965,68.2698,2.2
7.7965,68.3353,2.35
7.7965,68.4007,2.13
7.7965,68.4662,2.19
7.7965,68.6626,2.19
7.7965,68.859,2.18
7.7965,68.9245,2.18
7.7965,68.99,2.14
7.7965,69.0555,2.15
7.7965,69.1209,2.15
7.7965,69.1864,2.16
7.7965,69.2519,2.15
7.7965,69.3174,2.18
7.7965,69.3828,2.2
7.7965,69.4483,2.18
7.7965,69.5138,2.58
7.7965,69.5792,2.21
7.7965,69.6447,2.2
7.7965,69.7102,2.22
7.7965,69.7757,2.22
7.7965,69.8411,2.28
7.7965,69.9066,2.33
7.7965,69.9721,2.2
7.7965,70.0376,2.59
7.7965,70.103,2.23
7.7965,70.1685,2.2
7.7965,70.234,2.35
7.7965,70.2994,2.26
7.7965,70.3649,2.27
7.7965,76.5193,2.46
7.7965,76.6503,2.57
7.7965,76.7158,2.58
7.7965,76.7812,2.54
7.7965,76.9122,2.39
7.7965,76.9776,2.35
7.7965,77.0431,2.29
7.7965,77.1086,2.29
7.7965,77.1741,2.27
7.7965,77.2395,2.27
7.7965,77.305,2.32
7.7965,77.3705,2.34
7.7965,77.436,2.32
7.7965,77.5014,2.31
7.7965,77.5669,2.32
7.7965,77.6324,2.39
7.7965,77.6978,2.43
7.7965,77.7633,2.39
7.7965,77.8288,2.42
7.7965,77.8943,2.35
7.7965,77.9597,2.36
7.7965,78.0252,2.35
7.7965,78.0907,2.37
7.7965,78.1562,2.38
7.7965,78.2216,2.37
7.7965,78.2871,2.58
7.7965,78.3526,2.57
7.7965,78.418,2.34
7.7965,78.4835,2.42
7.7965,78.549,2.38
7.7965,78.6145,2.35
7.7965,78.6799,2.34
7.7965,78.7454,2.33
7.7965,78.8109,2.31
7.7965,78.8763,2.31
7.7965,78.9418,2.33
7.7965,79.0073,2.29
7.7965,79.0728,2.36
7.7965,79.1382,2.32
7.7965,79.2037,2.42
7.7965,79.2692,2.32
7.7965,79.3347,2.29
7.7965,79.4656,2.2
7.7965,79.5311,2.26
7.7965,79.5965,2.32
7.731,66.1747,2.48
7.731,66.2401,2.15
7.731,66.3056,2.19
7.731,66.3711,2.2
7.731,66.4366,2.21
7.731,66.8949,2.39
7.731,66.9603,2.38
7.731,67.0258,2.31
7.731,67.0913,2.28
7.731,67.1568,2.31
7.731,67.2222,2.36
7.731,67.3532,2.45
7.731,67.4187,2.38
7.731,67.4841,2.23
7.731,67.5496,2.37
7.731,67.6151,2.28
7.731,67.6805,2.29
7.731,67.746,2.23
7.731,67.877,2.19
7.731,67.9424,2.22
7.731,68.0079,2.26
7.731,68.0734,2.2
7.731,68.1388,2.21
7.731,68.2698,2.19
7.731,68.3353,2.23
7.731,68.4007,2.19
7.731,68.5317,2.2
7.731,68.5972,2.27
7.731,68.6626,2.19
7.731,68.859,2.16
7.731,68.9245,2.15
7.731,68.99,2.13
7.731,69.0555,2.14
7.731,69.1209,2.16
7.731,69.1864,2.16
7.731,69.2519,2.16
7.731,69.3174,2.16
7.731,69.3828,2.17
7.731,69.4483,2.19
7.731,69.5138,2.21
7.731,69.5792,2.2
7.731,69.7102,2.23
7.731,69.7757,2.23
7.731,69.8411,2.22
7.731,69.9066,2.21
7.731,69.9721,2.29
7.731,70.0376,2.17
7.731,70.103,2.16
7.731,70.1685,2.2
7.731,70.2994,2.37
7.731,70.3649,2.29
7.731,70.4304,2.53
7.731,76.4539,2.53
7.731,76.5193,2.51
7.731,76.5848,2.76
7.731,76.8467,2.42
7.731,76.9122,2.32
7.731,76.9776,2.36
7.731,77.0431,2.5
7.731,77.1086,2.27
7.731,77.1741,2.32
7.731,77.2395,2.43
7.731,77.305,2.32
7.731,77.3705,2.33
7.731,77.436,2.31
7.731,77.5014,2.29
7.731,77.5669,2.31
7.731,77.6324,2.36
7.731,77.6978,2.38
7.731,77.7633,2.36
7.731,77.8288,2.36
7.731,77.8943,2.33
7.731,77.9597,2.33
7.731,78.0252,2.34
7.731,78.0907,2.28
7.731,78.1562,2.34
7.731,78.2216,2.35
7.731,78.2871,2.36
7.731,78.3526,2.46
7.731,78.418,2.34
7.731,78.4835,2.44
7.731,78.549,2.42
7.731,78.6145,2.35
7.731,78.6799,2.31
7.731,78.8109,2.38
7.731,78.8763,2.36
7.731,78.9418,2.28
7.731,79.0073,2.31
7.731,79.0728,2.27
7.731,79.1382,2.38
7.731,79.2037,2.35
7.731,79.2692,2.35
7.731,79.3347,2.3
7.731,79.5311,2.6
7.731,79.5965,2.3
7.731,79.662,3.03
7.6656,66.1747,2.15
7.6656,66.2401,2.18
7.6656,66.3056,2.18
7.6656,66.3711,2.23
7.6656,66.4366,2.25
7.6656,66.6985,2.31
7.6656,66.7639,2.37
7.6656,66.8294,2.35
7.6656,66.8949,2.32
7.6656,66.9603,2.28
7.6656,67.0258,2.29
7.6656,67.0913,2.3
7.6656,67.1568,2.32
7.6656,67.2222,2.3
7.6656,67.4187,2.36
7.6656,67.4841,2.37
7.6656,67.5496,2.32
7.6656,67.6151,2.28
7.6656,67.6805,2.28
7.6656,67.746,2.25
7.6656,67.877,2.2
7.6656,68.0079,2.23
7.6656,68.0734,2.21
7.6656,68.1388,2.23
7.6656,68.2043,2.22
7.6656,68.2698,2.19
7.6656,68.4007,2.15
7.6656,68.4662,2.43
7.6656,68.5317,2.18
7.6656,68.5972,2.14
7.6656,68.6626,2.17
7.6656,68.7936,2.33
7.6656,68.859,2.16
7.6656,68.99,2.14
7.6656,69.0555,2.14
7.6656,69.1209,2.15
7.6656,69.1864,2.14
7.6656,69.2519,2.15
7.6656,69.3174,2.15
7.6656,69.3828,2.17
7.6656,69.4483,2.2
7.6656,69.5138,2.16
7.6656,69.5792,2.2
7.6656,69.6447,2.23
7.6656,69.7102,2.24
7.6656,69.7757,2.19
7.6656,69.9066,2.18
7.6656,69.9721,2.24
7.6656,70.0376,2.12
7.6656,70.103,2.25
7.6656,70.1685,2.17
7.6656,70.234,2.21
7.6656,70.2994,2.16
7.6656,70.3649,2.21
7.6656,70.4304,2.13
7.6656,76.7812,2.45
7.6656,76.8467,2.4
7.6656,76.9122,2.37
7.6656,76.9776,2.32
7.6656,77.0431,2.41
7.6656,77.1086,2.38
7.6656,77.1741,2.36
7.6656,77.2395,2.31
7.6656,77.305,2.3
7.6656,77.3705,2.26
7.6656,77.436,2.32
7.6656,77.5014,2.37
7.6656,77.5669,2.31
7.6656,77.6324,2.31
7.6656,77.6978,2.34
7.6656,77.7633,2.34
7.6656,77.8288,2.39
7.6656,77.8943,2.34
7.6656,77.9597,2.31
7.6656,78.0252,2.32
7.6656,78.0907,2.29
7.6656,78.1562,2.28
7.6656,78.2216,2.32
7.6656,78.2871,2.29
7.6656,78.3526,2.4
7.6656,78.418,2.33
7.6656,78.4835,2.32
7.6656,78.549,2.36
7.6656,78.6145,2.44
7.6656,78.6799,2.38
7.6656,78.7454,2.32
7.6656,78.8109,2.35
7.6656,78.8763,2.37
7.6656,78.9418,2.3
7.6656,79.0073,2.32
7.6656,79.0728,2.32
7.6656,79.1382,2.37
7.6656,79.2037,2.36
7.6656,79.2692,2.41
7.6656,79.3347,2.3
7.6656,79.4001,2.28
7.6656,79.5311,2.29
7.6656,79.5965,2.27
7.6656,79.7275,2.51
7.6001,66.1747,2.15
7.6001,66.2401,2.17
7.6001,66.3056,2.21
7.6001,66.3711,2.2
7.6001,66.4366,2.23
7.6001,66.633,2.34
7.6001,66.6985,2.32
7.6001,66.7639,2.29
7.6001,66.8294,2.26
7.6001,66.8949,2.25
7.6001,66.9603,2.26
7.6001,67.0258,2.24
7.6001,67.0913,2.3
7.6001,67.1568,2.33
7.6001,67.2222,2.5
7.6001,67.4841,2.37
7.6001,67.5496,2.34
7.6001,67.6151,2.28
7.6001,67.6805,2.23
7.6001,67.746,2.23
7.6001,67.8115,2.23
7.6001,67.877,2.21
7.6001,67.9424,2.25
7.6001,68.0734,2.22
7.6001,68.1388,2.14
7.6001,68.2043,2.51
7.6001,68.2698,2.17
7.6001,68.3353,2.38
7.6001,68.4007,2.15
7.6001,68.4662,2.15
7.6001,68.5972,2.18
7.6001,68.6626,2.17
7.6001,68.7281,2.11
7.6001,68.7936,2.28
7.6001,68.859,2.22
7.6001,68.9245,2.16
7.6001,69.0555,2.09
7.6001,69.1209,2.16
7.6001,69.1864,2.16
7.6001,69.2519,2.16
7.6001,69.3174,2.18
7.6001,69.3828,2.19
7.6001,69.4483,2.19
7.6001,69.5138,2.22
7.6001,69.5792,2.22
7.6001,69.6447,2.21
7.6001,69.7102,2.2
7.6001,69.7757,2.21
7.6001,69.8411,2.16
7.6001,69.9066,2.16
7.6001,69.9721,2.19
7.6001,70.0376,2.19
7.6001,70.1685,2.36
7.6001,70.234,2.19
7.6001,70.2994,2.25
7.6001,70.3649,2.18
7.6001,70.4304,2.29
7.6001,76.3884,2.65
7.6001,76.5193,2.52
7.6001,76.7158,2.49
7.6001,76.7812,2.47
7.6001,76.8467,2.43
7.6001,76.9122,2.36
7.6001,76.9776,2.77
7.6001,77.0431,2.39
7.6001,77.1086,2.32
7.6001,77.1741,2.31
7.6001,77.2395,2.48
7.6001,77.305,2.37
7.6001,77.3705,2.33
7.6001,77.436,2.32
7.6001,77.5014,2.3
7.6001,77.5669,2.3
7.6001,77.6324,2.32
7.6001,77.6978,2.34
7.6001,77.7633,2.33
7.6001,77.8288,2.33
7.6001,77.8943,2.31
7.6001,77.9597,2.29
7.6001,78.0252,2.31
7.6001,78.0907,2.28
7.6001,78.1562,2.28
7.6001,78.2216,2.28
7.6001,78.2871,2.31
7.6001,78.3526,2.31
7.6001,78.418,2.28
7.6001,78.4835,2.42
7.6001,78.549,2.33
7.6001,78.6145,2.39
7.6001,78.6799,2.48
7.6001,78.7454,2.38
7.6001,78.8109,2.39
7.6001,78.8763,2.36
7.6001,78.9418,2.33
7.6001,79.0073,2.32
7.6001,79.0728,2.31
7.6001,79.1382,2.36
7.6001,79.2037,2.36
7.6001,79.2692,2.34
7.6001,79.3347,2.31
7.6001,79.4001,2.28
7.6001,79.4656,3.18
7.6001,79.5311,2.28
7.6001,79.5965,2.32
7.6001,79.662,3.01
7.6001,79.7275,2.69
7.5346,66.1092,2.4
7.5346,66.1747,2.16
7.5346,66.2401,2.15
7.5346,66.3056,2.18
7.5346,66.3711,2.2
7.5346,66.4366,2.22
7.5346,66.502,2.25
7.5346,66.5675,2.26
7.5346,66.633,2.25
7.5346,66.6985,2.27
7.5346,66.7639,2.25
7.5346,66.8294,2.24
7.5346,66.8949,2.23
7.5346,66.9603,2.22
7.5346,67.0258,2.24
7.5346,67.0913,2.26
7.5346,67.1568,2.29
7.5346,67.4187,2.36
7.5346,67.4841,2.3
7.5346,67.5496,2.28
7.5346,67.6151,2.27
7.5346,67.6805,2.24
7.5346,67.746,2.22
7.5346,67.8115,2.22
7.5346,67.877,2.23
7.5346,68.2043,2.22
7.5346,68.2698,2.18
7.5346,68.3353,2.54
7.5346,68.4007,2.19
7.5346,68.4662,2.34
7.5346,68.5317,2.15
7.5346,68.5972,2.16
7.5346,68.6626,2.14
7.5346,68.859,2.14
7.5346,68.9245,2.18
7.5346,68.99,2.16
7.5346,69.1209,2.16
7.5346,69.1864,2.14
7.5346,69.2519,2.37
7.5346,69.3174,2.18
7.5346,69.5138,2.37
7.5346,69.5792,2.22
7.5346,69.7102,2.2
7.5346,69.7757,2.44
7.5346,69.8411,2.22
7.5346,69.9066,2.21
7.5346,69.9721,2.19
7.5346,70.0376,2.28
7.5346,70.103,2.26
7.5346,70.234,2.17
7.5346,70.2994,2.22
7.5346,70.3649,2.22
7.5346,70.4304,2.24
7.5346,76.3884,2.47
7.5346,76.5193,2.55
7.5346,76.5848,2.45
7.5346,76.7158,2.64
7.5346,76.7812,2.4
7.5346,76.8467,2.49
7.5346,76.9122,2.33
7.5346,77.1086,2.45
7.5346,77.1741,2.26
7.5346,77.2395,2.49
7.5346,77.3705,2.24
7.5346,77.436,2.48
7.5346,77.5669,2.29
7.5346,77.6324,2.28
7.5346,77.6978,2.31
7.5346,77.7633,2.31
7.5346,77.8288,2.31
7.5346,77.8943,2.31
7.5346,77.9597,2.31
7.5346,78.0252,2.3
7.5346,78.0907,2.26
7.5346,78.1562,2.31
7.5346,78.2216,2.32
7.5346,78.2871,2.3
7.5346,78.3526,2.31
7.5346,78.418,2.3
7.5346,78.4835,2.39
7.5346,78.549,2.39
7.5346,78.6145,2.37
7.5346,78.6799,2.44
7.5346,78.7454,2.45
7.5346,78.8109,2.33
7.5346,78.8763,2.32
7.5346,78.9418,2.33
7.5346,79.0073,2.35
7.5346,79.0728,2.29
7.5346,79.1382,2.35
7.5346,79.2037,2.37
7.5346,79.2692,2.33
7.5346,79.3347,2.33
7.5346,79.4001,2.27
7.5346,79.4656,2.26
7.5346,79.5311,2.3
7.5346,79.5965,2.39
7.5346,79.662,3.54
7.4692,66.1092,3.09
7.4692,66.1747,2.15
7.4692,66.2401,2.15
7.4692,66.3056,2.17
7.4692,66.3711,2.18
7.4692,66.4366,2.22
7.4692,66.502,2.25
7.4692,66.5675,2.27
7.4692,66.633,2.22
7.4692,66.6985,2.22
7.4692,66.7639,2.22
7.4692,66.8294,2.21
7.4692,66.8949,2.22
7.4692,66.9603,2.21
7.4692,67.0258,2.23
7.4692,67.0913,2.24
7.4692,67.1568,2.27
7.4692,67.2222,2.27
7.4692,67.2877,2.32
7.4692,67.3532,2.29
7.4692,67.4187,2.26
7.4692,67.4841,2.26
7.4692,67.5496,2.25
7.4692,67.6151,2.24
7.4692,67.6805,2.23
7.4692,67.746,2.23
7.4692,67.8115,2.22
7.4692,67.877,2.24
7.4692,67.9424,2.23
7.4692,68.0079,2.2
7.4692,68.0734,2.22
7.4692,68.1388,2.33
7.4692,68.4007,2.2
7.4692,68.4662,2.21
7.4692,68.5972,2.17
7.4692,68.859,2.15
7.4692,68.9245,2.25
7.4692,68.99,2.16
7.4692,69.0555,2.14
7.4692,69.1209,2.2
7.4692,69.1864,2.16
7.4692,69.2519,2.17
7.4692,69.3174,2.28
7.4692,69.3828,2.25
7.4692,69.4483,2.13
7.4692,69.5792,2.23
7.4692,69.6447,2.2
7.4692,69.7757,2.16
7.4692,69.8411,2.13
7.4692,69.9066,2.21
7.4692,69.9721,2.2
7.4692,70.0376,2.22
7.4692,70.103,2.2
7.4692,70.1685,2.21
7.4692,70.234,2.19
7.4692,70.2994,2.18
7.4692,70.3649,2.23
7.4692,70.4304,2.23
7.4692,76.2574,2.43
7.4692,76.3884,2.44
7.4692,76.4539,2.62
7.4692,76.6503,2.48
7.4692,76.7158,2.43
7.4692,76.7812,2.43
7.4692,76.8467,2.38
7.4692,76.9122,2.33
7.4692,76.9776,2.32
7.4692,77.0431,2.29
7.4692,77.305,2.17
7.4692,77.436,2.33
7.4692,77.5014,2.26
7.4692,77.5669,3.07
7.4692,77.6324,2.34
7.4692,77.6978,2.33
7.4692,77.7633,2.3
7.4692,77.8288,2.3
7.4692,77.8943,2.32
7.4692,77.9597,2.31
7.4692,78.0252,2.32
7.4692,78.0907,2.28
7.4692,78.1562,2.28
7.4692,78.2216,2.33
7.4692,78.2871,2.29
7.4692,78.3526,2.3
7.4692,78.418,2.31
7.4692,78.4835,2.25
7.4692,78.549,2.36
7.4692,78.6145,2.45
7.4692,78.6799,2.35
7.4692,78.7454,2.43
7.4692,78.8109,2.38
7.4692,78.8763,2.34
7.4692,78.9418,2.31
7.4692,79.0073,2.29
7.4692,79.0728,2.3
7.4692,79.1382,2.37
7.4692,79.2037,2.45
7.4692,79.2692,2.44
7.4692,79.3347,2.4
7.4692,79.4001,2.33
7.4692,79.4656,2.29
7.4692,79.5311,2.31
7.4692,79.5965,2.33
7.4692,79.662,3.11
7.4692,79.7275,2.77
7.4037,66.1092,2.26
7.4037,66.1747,2.16
7.4037,66.2401,2.16
7.4037,66.3056,2.17
7.4037,66.3711,2.19
7.4037,66.4366,2.21
7.4037,66.5675,2.25
7.4037,66.633,2.23
7.4037,66.6985,2.22
7.4037,66.7639,2.21
7.4037,66.8294,2.21
7.4037,66.8949,2.25
7.4037,66.9603,2.26
7.4037,67.0258,2.22
7.4037,67.0913,2.23
7.4037,67.1568,2.24
7.4037,67.2222,2.27
7.4037,67.2877,2.31
7.4037,67.4187,2.25
7.4037,67.4841,2.22
7.4037,67.5496,2.24
7.4037,67.6151,2.24
7.4037,67.6805,2.24
7.4037,67.746,2.22
7.4037,67.8115,2.24
7.4037,67.877,2.23
7.4037,67.9424,2.25
7.4037,68.0079,2.16
7.4037,68.0734,2.22
7.4037,68.1388,2.44
7.4037,68.2043,2.22
7.4037,68.2698,2.19
7.4037,68.4007,2.12
7.4037,68.5317,2.18
7.4037,68.5972,2.19
7.4037,68.6626,2.17
7.4037,68.7936,2.16
7.4037,68.9245,2.15
7.4037,68.99,2.16
7.4037,69.1864,2.18
7.4037,69.3174,2.15
7.4037,69.3828,2.2
7.4037,69.5138,2.19
7.4037,69.5792,2.21
7.4037,69.6447,2.2
7.4037,69.7102,2.15
7.4037,69.7757,2.2
7.4037,69.8411,2.19
7.4037,69.9066,2.35
7.4037,69.9721,2.18
7.4037,70.0376,2.41
7.4037,70.103,2.25
7.4037,70.1685,2.21
7.4037,70.234,2.41
7.4037,70.2994,2.24
7.4037,70.3649,2.19
7.4037,76.2574,2.44
7.4037,76.3229,2.53
7.4037,76.3884,2.42
7.4037,76.4539,2.45
7.4037,76.6503,2.46
7.4037,76.7812,2.36
7.4037,76.8467,2.33
7.4037,76.9122,2.32
7.4037,77.0431,2.27
7.4037,77.1086,2.6
7.4037,77.2395,2.33
7.4037,77.305,2.29
7.4037,77.3705,2.61
7.4037,77.6324,2.36
7.4037,77.6978,2.35
7.4037,77.7633,2.28
7.4037,77.8288,2.3
7.4037,77.8943,2.28
7.4037,77.9597,2.31
7.4037,78.0252,2.29
7.4037,78.0907,2.28
7.4037,78.1562,2.3
7.4037,78.2216,2.32
7.4037,78.2871,2.29
7.4037,78.3526,2.27
7.4037,78.418,2.28
7.4037,78.4835,2.26
7.4037,78.549,2.33
7.4037,78.6145,2.42
7.4037,78.6799,2.48
7.4037,78.7454,2.36
7.4037,78.8109,2.41
7.4037,78.8763,2.32
7.4037,78.9418,2.26
7.4037,79.0073,2.27
7.4037,79.0728,2.29
7.4037,79.1382,2.35
7.4037,79.2037,2.39
7.4037,79.2692,2.35
7.4037,79.3347,2.41
7.4037,79.4001,2.32
7.4037,79.4656,2.33
7.4037,79.5311,2.28
7.4037,79.5965,2.27
7.4037,79.662,2.87
7.4037,79.7275,2.66
7.3382,66.1092,2.16
7.3382,66.1747,2.17
7.3382,66.2401,2.17
7.3382,66.3056,2.18
7.3382,66.3711,2.19
7.3382,66.4366,2.19
7.3382,66.502,2.21
7.3382,66.5675,2.21
7.3382,66.633,2.22
7.3382,66.6985,2.22
7.3382,66.7639,2.21
7.3382,66.8294,2.21
7.3382,67.0258,2.23
7.3382,67.0913,2.23
7.3382,67.1568,2.25
7.3382,67.2222,2.24
7.3382,67.3532,2.3
7.3382,67.4187,2.23
7.3382,67.4841,2.23
7.3382,67.5496,2.24
7.3382,67.6151,2.22
7.3382,67.6805,2.21
7.3382,67.746,2.21
7.3382,67.8115,2.25
7.3382,68.0079,2.26
7.3382,68.1388,2.24
7.3382,68.2043,2.22
7.3382,68.2698,2.22
7.3382,68.5317,2.32
7.3382,68.5972,2.18
7.3382,68.7281,2.63
7.3382,68.7936,2.14
7.3382,68.859,2.19
7.3382,68.99,2.18
7.3382,69.0555,2.15
7.3382,69.1209,2.19
7.3382,69.1864,2.13
7.3382,69.2519,2.18
7.3382,69.4483,2.25
7.3382,69.5138,2.18
7.3382,69.5792,2.21
7.3382,69.7757,2.18
7.3382,69.8411,2.19
7.3382,69.9066,2.19
7.3382,69.9721,2.16
7.3382,70.0376,2.18
7.3382,70.103,2.21
7.3382,70.1685,2.28
7.3382,70.234,2.21
7.3382,70.2994,2.23
7.3382,70.4304,2.23
7.3382,76.192,2.72
7.3382,76.2574,2.68
7.3382,76.3229,2.44
7.3382,76.3884,2.41
7.3382,76.4539,2.41
7.3382,76.5193,2.42
7.3382,76.6503,2.51
7.3382,76.7812,2.22
7.3382,76.8467,2.32
7.3382,76.9122,2.32
7.3382,76.9776,2.3
7.3382,77.0431,2.29
7.3382,77.1086,2.28
7.3382,77.1741,2.38
7.3382,77.2395,2.33
7.3382,77.305,2.3
7.3382,77.3705,2.36
7.3382,77.436,2.39
7.3382,77.6978,2.33
7.3382,77.7633,2.37
7.3382,77.8288,2.35
7.3382,77.8943,2.3
7.3382,77.9597,2.28
7.3382,78.0252,2.29
7.3382,78.0907,2.3
7.3382,78.1562,2.28
7.3382,78.2216,2.32
7.3382,78.2871,2.28
7.3382,78.3526,2.26
7.3382,78.418,2.28
7.3382,78.4835,2.25
7.3382,78.549,2.41
7.3382,78.6145,2.47
7.3382,78.6799,2.57
7.3382,78.7454,2.35
7.3382,78.8109,2.41
7.3382,78.8763,2.41
7.3382,78.9418,2.38
7.3382,79.0073,2.33
7.3382,79.0728,2.33
7.3382,79.1382,2.39
7.3382,79.2037,2.41
7.3382,79.2692,2.37
7.3382,79.3347,2.36
7.3382,79.4001,2.29
7.3382,79.4656,2.26
7.3382,79.5311,2.36
7.3382,79.5965,2.28
7.3382,79.662,3.17
7.2727,66.1092,2.17
7.2727,66.1747,2.17
7.2727,66.2401,2.17
7.2727,66.3056,2.17
7.2727,66.3711,2.16
7.2727,66.4366,2.19
7.2727,66.502,2.2
7.2727,66.5675,2.2
7.2727,66.633,2.23
7.2727,66.6985,2.22
7.2727,66.7639,2.09
7.2727,66.8294,2.14
7.2727,66.9603,2.19
7.2727,67.0258,2.23
7.2727,67.0913,2.22
7.2727,67.1568,2.22
7.2727,67.2222,2.25
7.2727,67.2877,2.25
7.2727,67.4187,2.21
7.2727,67.4841,2.23
7.2727,67.5496,2.21
7.2727,67.6151,2.2
7.2727,67.6805,2.21
7.2727,67.746,2.24
7.2727,67.8115,2.25
7.2727,67.877,2.24
7.2727,67.9424,2.25
7.2727,68.0079,2.24
7.2727,68.0734,2.22
7.2727,68.3353,2.22
7.2727,68.4662,2.17
7.2727,68.5317,2.18
7.2727,68.5972,2.16
7.2727,68.6626,2.25
7.2727,68.7936,2.21
7.2727,68.99,2.2
7.2727,69.0555,2.2
7.2727,69.1209,2.18
7.2727,69.1864,2.13
7.2727,69.2519,2.19
7.2727,69.3174,2.52
7.2727,69.3828,2.15
7.2727,69.4483,2.18
7.2727,69.5138,2.31
7.2727,69.7757,2.18
7.2727,69.8411,2.18
7.2727,69.9066,2.18
7.2727,69.9721,2.18
7.2727,70.0376,2.18
7.2727,70.103,2.2
7.2727,70.1685,2.14
7.2727,70.234,2.22
7.2727,70.2994,2.19
7.2727,70.3649,2.2
7.2727,70.4304,2.22
7.2727,76.192,2.64
7.2727,76.3229,2.56
7.2727,76.3884,2.32
7.2727,76.5193,2.37
7.2727,76.5848,2.38
7.2727,76.6503,2.5
7.2727,76.9122,2.29
7.2727,76.9776,2.28
7.2727,77.0431,2.34
7.2727,77.1086,2.41
7.2727,77.1741,2.24
7.2727,77.305,2.31
7.2727,77.7633,2.31
7.2727,77.8288,2.58
7.2727,77.8943,2.31
7.2727,77.9597,2.27
7.2727,78.0252,2.29
7.2727,78.0907,2.3
7.2727,78.1562,2.37
7.2727,78.2216,2.29
7.2727,78.2871,2.31
7.2727,78.3526,2.29
7.2727,78.418,2.29
7.2727,78.4835,2.28
7.2727,78.549,2.37
7.2727,78.6145,2.4
7.2727,78.6799,2.56
7.2727,78.7454,2.48
7.2727,78.8109,2.42
7.2727,78.8763,2.39
7.2727,78.9418,2.43
7.2727,79.0073,2.34
7.2727,79.0728,2.4
7.2727,79.1382,2.41
7.2727,79.2037,2.43
7.2727,79.2692,2.34
7.2727,79.3347,2.34
7.2727,79.4001,2.28
7.2727,79.4656,2.28
7.2727,79.5311,2.3
7.2727,79.5965,2.38
7.2073,66.1747,2.18
7.2073,66.2401,2.19
7.2073,66.3056,2.18
7.2073,66.3711,2.21
7.2073,66.4366,2.19
7.2073,66.502,2.22
7.2073,66.633,2.24
7.2073,66.8294,2.25
7.2073,66.9603,2.24
7.2073,67.0258,2.23
7.2073,67.0913,2.23
7.2073,67.2222,2.23
7.2073,67.2877,2.21
7.2073,67.3532,2.27
7.2073,67.4187,2.25
7.2073,67.4841,2.2
7.2073,67.5496,2.22
7.2073,67.6151,2.22
7.2073,67.6805,2.24
7.2073,67.746,2.27
7.2073,67.877,2.22
7.2073,67.9424,2.25
7.2073,68.0079,2.24
7.2073,68.0734,2.26
7.2073,68.5317,2.21
7.2073,68.5972,2.22
7.2073,68.859,2.12
7.2073,68.9245,2.25
7.2073,68.99,2.42
7.2073,69.0555,2.15
7.2073,69.1209,2.17
7.2073,69.1864,2.19
7.2073,69.2519,2.22
7.2073,69.3174,2.16
7.2073,69.4483,2.19
7.2073,69.5138,2.2
7.2073,69.5792,2.2
7.2073,69.6447,2.41
7.2073,69.7102,2.16
7.2073,69.7757,2.48
7.2073,69.8411,2.19
7.2073,69.9066,2.15
7.2073,69.9721,2.2
7.2073,70.0376,2.16
7.2073,70.103,2.4
7.2073,70.234,2.21
7.2073,70.2994,2.21
7.2073,70.3649,2.35
7.2073,70.4304,2.08
7.2073,76.1265,2.58
7.2073,76.2574,2.3
7.2073,76.3229,2.24
7.2073,76.3884,2.39
7.2073,76.5193,2.41
7.2073,76.5848,2.33
7.2073,76.7158,2.38
7.2073,76.9776,2.27
7.2073,77.0431,2.29
7.2073,77.1086,2.29
7.2073,77.1741,2.29
7.2073,77.2395,2.27
7.2073,77.3705,2.31
7.2073,77.436,2.33
7.2073,77.5014,2.35
7.2073,77.7633,2.21
7.2073,77.8288,2.28
7.2073,77.8943,2.32
7.2073,77.9597,2.28
7.2073,78.0252,2.3
7.2073,78.0907,2.32
7.2073,78.1562,3.22
7.2073,78.2216,2.39
7.2073,78.2871,2.43
7.2073,78.3526,2.44
7.2073,78.418,2.46
7.2073,78.4835,2.27
7.2073,78.549,2.31
7.2073,78.6145,2.41
7.2073,78.6799,2.52
7.2073,78.7454,2.66
7.2073,78.8109,2.53
7.2073,78.8763,2.45
7.2073,78.9418,2.4
7.2073,79.0073,2.36
7.2073,79.0728,2.4
7.2073,79.1382,2.46
7.2073,79.2037,2.42
7.2073,79.2692,2.38
7.2073,79.3347,2.36
7.2073,79.4001,2.31
7.2073,79.4656,2.32
7.2073,79.5311,2.35
7.2073,79.5965,2.33
7.2073,79.7275,2.71
7.1418,66.0437,3.17
7.1418,66.1092,2.15
7.1418,66.1747,2.19
7.1418,66.2401,2.2
7.1418,66.3056,2.19
7.1418,66.3711,2.2
7.1418,66.4366,2.26
7.1418,66.9603,2.31
7.1418,67.0258,2.26
7.1418,67.0913,2.24
7.1418,67.1568,2.26
7.1418,67.2222,2.25
7.1418,67.2877,2.22
7.1418,67.3532,2.48
7.1418,67.4187,2.24
7.1418,67.4841,2.24
7.1418,67.5496,2.2
7.1418,67.6151,2.22
7.1418,67.6805,2.28
7.1418,67.746,2.33
7.1418,68.0079,2.24
7.1418,68.1388,2.21
7.1418,68.3353,2.45
7.1418,68.4662,2.21
7.1418,68.5317,2.2
7.1418,68.5972,2.42
7.1418,68.6626,2.62
7.1418,68.7936,2.19
7.1418,68.9245,2.15
7.1418,69.1209,2.17
7.1418,69.1864,2.14
7.1418,69.3828,2.25
7.1418,69.4483,2.2
7.1418,69.5138,2.25
7.1418,69.6447,2.27
7.1418,69.7102,2.21
7.1418,69.7757,2.2
7.1418,69.8411,2.2
7.1418,69.9066,2.19
7.1418,69.9721,2.19
7.1418,70.0376,2.21
7.1418,70.103,2.24
7.1418,70.1685,2.31
7.1418,70.234,2.21
7.1418,70.2994,2.22
7.1418,70.3649,2.21
7.1418,70.4304,2.11
7.1418,76.061,2.42
7.1418,76.1265,2.44
7.1418,76.192,2.91
7.1418,76.2574,2.44
7.1418,76.3884,2.48
7.1418,76.4539,2.39
7.1418,76.5193,2.33
7.1418,76.5848,2.36
7.1418,76.6503,2.32
7.1418,76.7812,2.31
7.1418,76.8467,2.3
7.1418,76.9122,2.28
7.1418,76.9776,2.22
7.1418,77.0431,2.23
7.1418,77.1086,2.23
7.1418,77.1741,2.28
7.1418,77.2395,2.34
7.1418,77.305,2.23
7.1418,77.3705,2.31
7.1418,77.436,2.69
7.1418,77.7633,2.83
7.1418,77.8288,2.33
7.1418,77.9597,2.33
7.1418,78.0252,2.33
7.1418,78.0907,2.28
7.1418,78.1562,2.37
7.1418,78.2216,2.37
7.1418,78.2871,2.48
7.1418,78.3526,2.31
7.1418,78.418,2.24
7.1418,78.4835,2.26
7.1418,78.549,2.25
7.1418,78.6145,2.31
7.1418,78.6799,2.4
7.1418,78.7454,2.54
7.1418,78.8109,2.46
7.1418,78.8763,2.39
7.1418,78.9418,2.37
7.1418,79.0073,2.43
7.1418,79.0728,2.45
7.1418,79.1382,2.46
7.1418,79.2037,2.45
7.1418,79.2692,2.42
7.1418,79.3347,2.45
7.1418,79.4001,2.32
7.1418,79.4656,2.37
7.1418,79.5311,2.3
7.1418,79.662,2.84
7.1418,79.7275,2.48
7.0763,66.0437,2.25
7.0763,66.1092,2.42
7.0763,66.1747,2.22
7.0763,66.2401,2.17
7.0763,66.3056,2.31
7.0763,66.3711,2.26
7.0763,67.0258,2.22
7.0763,67.1568,2.21
7.0763,67.2222,2.23
7.0763,67.2877,2.26
7.0763,67.4187,2.23
7.0763,67.4841,2.27
7.0763,67.6151,2.26
7.0763,67.6805,2.33
7.0763,68.0079,2.26
7.0763,68.0734,2.68
7.0763,68.1388,2.17
7.0763,68.3353,2.2
7.0763,68.4007,2.15
7.0763,68.4662,2.19
7.0763,68.5317,2.21
7.0763,68.6626,2.33
7.0763,68.7281,2.12
7.0763,68.7936,2.21
7.0763,68.859,2.21
7.0763,68.99,2.21
7.0763,69.1209,2.25
7.0763,69.1864,2.18
7.0763,69.2519,2.2
7.0763,69.3174,2.14
7.0763,69.3828,2.2
7.0763,69.4483,2.2
7.0763,69.5138,2.22
7.0763,69.5792,2.21
7.0763,69.7757,2.2
7.0763,69.8411,2.19
7.0763,69.9066,2.19
7.0763,69.9721,2.2
7.0763,70.0376,2.22
7.0763,70.103,2.21
7.0763,70.234,2.24
7.0763,70.2994,2.21
7.0763,70.3649,2.23
7.0763,76.061,2.72
7.0763,76.1265,3.07
7.0763,76.192,2.56
7.0763,76.2574,2.55
7.0763,76.3229,2.29
7.0763,76.4539,2.46
7.0763,76.5193,2.36
7.0763,76.5848,2.35
7.0763,76.6503,2.47
7.0763,76.7812,2.27
7.0763,76.8467,2.35
7.0763,76.9122,2.27
7.0763,77.0431,2.27
7.0763,77.1741,2.23
7.0763,77.305,2.2
7.0763,77.3705,2.36
7.0763,77.436,2.31
7.0763,77.6324,2.51
7.0763,77.7633,2.8
7.0763,77.8288,2.28
7.0763,77.9597,2.32
7.0763,78.0252,2.2
7.0763,78.0907,2.39
7.0763,78.1562,2.37
7.0763,78.2216,2.28
7.0763,78.2871,2.26
7.0763,78.3526,2.3
7.0763,78.418,2.27
7.0763,78.4835,2.22
7.0763,78.549,2.29
7.0763,78.6145,2.29
7.0763,78.6799,2.32
7.0763,78.7454,2.49
7.0763,78.8109,2.36
7.0763,78.8763,2.38
7.0763,78.9418,2.46
7.0763,79.0073,2.45
7.0763,79.0728,2.44
7.0763,79.1382,2.35
7.0763,79.2037,2.41
7.0763,79.2692,2.43
7.0763,79.3347,2.4
7.0763,79.4001,2.4
7.0763,79.4656,2.33
7.0763,79.5311,2.31
7.0763,79.5965,2.34
7.0763,79.662,2.35
7.0763,79.7275,2.51
7.0108,66.1092,2.39
7.0108,66.1747,2.31
7.0108,66.3056,2.29
7.0108,66.3711,2.3
7.0108,67.0258,2.19
7.0108,67.0913,2.38
7.0108,67.1568,2.3
7.0108,67.4187,2.28
7.0108,67.4841,2.25
7.0108,67.5496,2.25
7.0108,67.6151,2.29
7.0108,67.9424,2.29
7.0108,68.0079,2.28
7.0108,68.6626,2.15
7.0108,68.7281,2.13
7.0108,68.7936,2.16
7.0108,68.859,2.13
7.0108,68.9245,2.14
7.0108,68.99,2.17
7.0108,69.0555,2.2
7.0108,69.1209,2.16
7.0108,69.1864,2.17
7.0108,69.2519,2.11
7.0108,69.3828,2.22
7.0108,69.4483,2.2
7.0108,69.5138,2.15
7.0108,69.5792,2.28
7.0108,69.7102,2.2
7.0108,69.7757,2.31
7.0108,69.9066,2.26
7.0108,69.9721,2.2
7.0108,70.0376,2.22
7.0108,70.103,2.21
7.0108,70.234,2.24
7.0108,70.2994,2.23
7.0108,70.3649,2.22
7.0108,75.9956,2.6
7.0108,76.061,2.51
7.0108,76.1265,2.53
7.0108,76.192,2.91
7.0108,76.2574,2.34
7.0108,76.3229,2.57
7.0108,76.3884,2.6
7.0108,76.6503,2.24
7.0108,76.7158,2.24
7.0108,76.7812,2.38
7.0108,76.8467,2.29
7.0108,76.9122,2.2
7.0108,76.9776,2.42
7.0108,77.1086,2.33
7.0108,77.2395,2.27
7.0108,77.305,2.41
7.0108,77.3705,2.28
7.0108,77.436,2.38
7.0108,77.5014,2.32
7.0108,77.5669,2.37
7.0108,77.6978,2.4
7.0108,77.7633,2.35
7.0108,77.8288,2.27
7.0108,77.8943,3.05
7.0108,77.9597,2.28
7.0108,78.0252,2.22
7.0108,78.0907,2.22
7.0108,78.1562,2.3
7.0108,78.2216,2.28
7.0108,78.2871,2.36
7.0108,78.3526,2.28
7.0108,78.418,2.27
7.0108,78.4835,2.24
7.0108,78.549,2.25
7.0108,78.6145,2.27
7.0108,78.6799,2.28
7.0108,78.7454,2.3
7.0108,78.8109,2.29
7.0108,78.8763,2.3
7.0108,78.9418,2.31
7.0108,79.0073,2.31
7.0108,79.0728,2.3
7.0108,79.1382,2.28
7.0108,79.2037,2.3
7.0108,79.2692,2.33
7.0108,79.3347,2.38
7.0108,79.4001,2.38
7.0108,79.5311,2.36
7.0108,79.5965,2.34
7.0108,79.662,3.17
7.0108,79.793,3.79
6.9454,66.8949,2.44
6.9454,67.0913,2.42
6.9454,67.1568,2.41
6.9454,67.3532,2.33
6.9454,67.4187,2.3
6.9454,67.4841,2.31
6.9454,67.5496,2.47
6.9454,67.6805,2.29
6.9454,67.9424,2.22
6.9454,68.0079,2.22
6.9454,68.0734,2.28
6.9454,68.2043,2.13
6.9454,68.4662,2.18
6.9454,68.5317,2.18
6.9454,68.6626,2.19
6.9454,68.7281,2.13
6.9454,68.7936,2.18
6.9454,68.859,2.28
6.9454,68.9245,2.67
6.9454,68.99,2.28
6.9454,69.0555,2.15
6.9454,69.1209,2.22
6.9454,69.1864,2.13
6.9454,69.3174,2.12
6.9454,69.3828,2.27
6.9454,69.4483,2.18
6.9454,69.5138,2.25
6.9454,69.6447,2.16
6.9454,69.7757,2.19
6.9454,69.9066,2.14
6.9454,69.9721,2.21
6.9454,70.0376,2.23
6.9454,70.103,2.27
6.9454,70.234,2.11
6.9454,70.2994,2.23
6.9454,70.3649,2.16
6.9454,70.4304,2.17
6.9454,75.9301,2.47
6.9454,75.9956,2.52
6.9454,76.061,2.64
6.9454,76.1265,3.09
6.9454,76.2574,2.66
6.9454,76.3229,2.42
6.9454,76.3884,2.39
6.9454,76.4539,2.51
6.9454,76.5848,2.26
6.9454,76.6503,2.23
6.9454,76.7158,2.28
6.9454,77.1086,2.24
6.9454,77.1741,2.24
6.9454,77.2395,2.23
6.9454,77.305,2.26
6.9454,77.3705,2.27
6.9454,77.436,2.2
6.9454,77.5669,2.33
6.9454,77.6324,2.31
6.9454,77.6978,2.54
6.9454,77.7633,2.3
6.9454,77.8288,2.27
6.9454,77.8943,2.21
6.9454,77.9597,2.26
6.9454,78.0252,2.26
6.9454,78.0907,2.25
6.9454,78.1562,2.24
6.9454,78.2216,2.2
6.9454,78.2871,2.3
6.9454,78.3526,2.2
6.9454,78.418,2.25
6.9454,78.4835,2.26
6.9454,78.549,2.23
6.9454,78.6145,2.23
6.9454,78.6799,2.27
6.9454,78.7454,2.23
6.9454,78.8109,2.22
6.9454,78.8763,2.21
6.9454,78.9418,2.2
6.9454,79.0073,2.24
6.9454,79.0728,2.31
6.9454,79.1382,2.32
6.9454,79.2037,2.31
6.9454,79.2692,2.42
6.9454,79.3347,2.38
6.9454,79.4001,2.25
6.9454,79.4656,2.29
6.9454,79.5311,2.32
6.9454,79.5965,2.3
6.9454,79.662,2.6
6.9454,79.793,3.67
6.8799,66.8949,2.38
6.8799,67.1568,2.39
6.8799,67.2222,2.35
6.8799,67.4187,2.21
6.8799,67.4841,2.26
6.8799,67.6151,2.31
6.8799,67.746,2.2
6.8799,67.877,2.27
6.8799,68.0734,2.27
6.8799,68.1388,2.23
6.8799,68.2043,2.18
6.8799,68.2698,2.16
6.8799,68.4662,2.2
6.8799,68.5317,2.17
6.8799,68.5972,2.17
6.8799,68.6626,2.18
6.8799,68.7281,2.19
6.8799,68.7936,2.19
6.8799,68.859,2.19
6.8799,68.9245,2.18
6.8799,68.99,2.17
6.8799,69.1209,2.13
6.8799,69.3174,2.18
6.8799,69.3828,2.14
6.8799,69.4483,2.24
6.8799,69.5138,2.28
6.8799,69.5792,2.22
6.8799,69.7102,2.2
6.8799,69.7757,2.19
6.8799,69.8411,2.58
6.8799,69.9721,2.21
6.8799,70.1685,2.17
6.8799,70.2994,2.79
6.8799,70.4304,2.23
6.8799,75.9301,2.49
6.8799,75.9956,2.45
6.8799,76.061,2.49
6.8799,76.192,2.57
6.8799,76.2574,2.34
6.8799,76.3229,2.37
6.8799,76.3884,2.35
6.8799,76.5848,2.34
6.8799,76.6503,2.26
6.8799,76.9122,2.21
6.8799,77.0431,2.25
6.8799,77.305,2.27
6.8799,77.3705,2.2
6.8799,77.6978,2.35
6.8799,77.8288,2.3
6.8799,77.9597,3.08
6.8799,78.1562,2.19
6.8799,78.2216,2.22
6.8799,78.2871,2.23
6.8799,78.3526,2.34
6.8799,78.418,2.28
6.8799,78.4835,2.27
6.8799,78.549,2.26
6.8799,78.6145,2.26
6.8799,78.6799,2.23
6.8799,78.7454,2.26
6.8799,78.8109,2.23
6.8799,78.8763,2.18
6.8799,78.9418,2.21
6.8799,79.0073,2.24
6.8799,79.0728,2.39
6.8799,79.1382,2.34
6.8799,79.2037,2.37
6.8799,79.3347,2.2
6.8799,79.4656,2.74
6.8799,79.5965,2.29
6.8799,79.662,2.32
6.8799,79.7275,2.47
6.8799,79.793,2.42
6.8144,67.3532,2.44
6.8144,67.4187,2.33
6.8144,67.4841,2.32
6.8144,67.5496,2.22
6.8144,67.9424,2.16
6.8144,68.1388,2.21
6.8144,68.2698,2.1
6.8144,68.4007,2.13
6.8144,68.4662,2.16
6.8144,68.5317,2.16
6.8144,68.5972,2.16
6.8144,68.6626,2.55
6.8144,68.7281,2.26
6.8144,68.859,2.17
6.8144,68.9245,2.16
6.8144,68.99,2.17
6.8144,69.0555,2.2
6.8144,69.3174,2.36
6.8144,69.3828,2.32
6.8144,69.4483,2.22
6.8144,69.5138,2.12
6.8144,69.5792,2.19
6.8144,69.6447,2.44
6.8144,69.7102,2.16
6.8144,69.7757,2.32
6.8144,69.8411,2.2
6.8144,69.9066,2.2
6.8144,69.9721,2.33
6.8144,70.1685,2.21
6.8144,70.234,2.19
6.8144,70.2994,2.24
6.8144,70.3649,2.29
6.8144,70.4304,2.17
6.8144,75.8646,2.88
6.8144,75.9301,4.25
6.8144,75.9956,2.59
6.8144,76.061,2.59
6.8144,76.1265,2.45
6.8144,76.192,2.65
6.8144,76.2574,2.41
6.8144,76.3229,2.35
6.8144,76.3884,2.32
6.8144,76.4539,2.32
6.8144,76.5193,2.27
6.8144,76.5848,2.26
6.8144,76.6503,2.22
6.8144,76.7812,2.19
6.8144,76.8467,2.25
6.8144,76.9776,2.24
6.8144,77.1086,2.21
6.8144,77.2395,2.22
6.8144,77.305,2.26
6.8144,77.3705,2.42
6.8144,77.6324,2.35
6.8144,77.8288,2.26
6.8144,77.8943,2.34
6.8144,77.9597,2.47
6.8144,78.0907,2.17
6.8144,78.1562,2.26
6.8144,78.2216,2.24
6.8144,78.2871,2.28
6.8144,78.3526,2.23
6.8144,78.418,2.32
6.8144,78.4835,2.34
6.8144,78.549,2.29
6.8144,78.6145,2.29
6.8144,78.6799,2.27
6.8144,78.7454,2.23
6.8144,78.8109,2.21
6.8144,78.8763,2.21
6.8144,78.9418,2.23
6.8144,79.0073,2.27
6.8144,79.0728,2.31
6.8144,79.1382,2.28
6.8144,79.2037,2.99
6.8144,79.3347,2.36
6.8144,79.4656,2.3
6.8144,79.5311,2.3
6.8144,79.5965,3.18
6.8144,79.7275,2.28
6.8144,79.793,2.44
6.7489,67.746,2.25
6.7489,67.8115,2.23
6.7489,67.877,2.15
6.7489,67.9424,2.22
6.7489,68.0079,2.24
6.7489,68.0734,2.21
6.7489,68.2043,2.21
6.7489,68.2698,2.23
6.7489,68.4007,2.15
6.7489,68.4662,2.17
6.7489,68.5317,2.21
6.7489,68.5972,2.16
6.7489,68.6626,2.14
6.7489,68.7281,2.14
6.7489,68.7936,2.15
6.7489,68.859,2.15
6.7489,68.9245,2.15
6.7489,68.99,2.16
6.7489,69.0555,2.28
6.7489,69.1209,2.27
6.7489,69.1864,2.16
6.7489,69.2519,2.17
6.7489,69.3174,2.16
6.7489,69.4483,2.2
6.7489,69.5792,2.19
6.7489,69.6447,2.2
6.7489,69.7102,2.35
6.7489,69.7757,2.2
6.7489,69.8411,2.18
6.7489,69.9066,2.15
6.7489,69.9721,2.17
6.7489,70.0376,2.17
6.7489,70.103,2.25
6.7489,70.234,2.24
6.7489,70.2994,2.13
6.7489,70.4304,2.28
6.7489,75.8646,2.46
6.7489,75.9301,2.37
6.7489,75.9956,2.37
6.7489,76.061,2.71
6.7489,76.1265,2.41
6.7489,76.192,2.42
6.7489,76.2574,2.39
6.7489,76.3884,2.31
6.7489,76.4539,2.27
6.7489,76.5193,2.26
6.7489,76.5848,2.25
6.7489,76.6503,2.31
6.7489,76.9776,2.27
6.7489,77.1741,2.45
6.7489,77.2395,2.32
6.7489,77.305,2.19
6.7489,77.3705,2.4
6.7489,77.436,2.71
6.7489,77.5014,2.29
6.7489,77.6324,2.31
6.7489,77.7633,2.28
6.7489,77.8288,2.18
6.7489,77.8943,2.27
6.7489,77.9597,2.3
6.7489,78.0252,2.26
6.7489,78.0907,2.18
6.7489,78.1562,2.6
6.7489,78.2216,2.23
6.7489,78.2871,2.27
6.7489,78.3526,2.41
6.7489,78.418,2.35
6.7489,78.549,2.31
6.7489,78.6145,2.32
6.7489,78.6799,2.34
6.7489,78.7454,2.34
6.7489,78.8109,2.31
6.7489,78.8763,2.28
6.7489,78.9418,2.28
6.7489,79.0073,2.27
6.7489,79.2037,2.21
6.7489,79.2692,2.38
6.7489,79.4001,2.38
6.7489,79.4656,2.3
6.7489,79.5311,2.3
6.7489,79.5965,2.45
6.7489,79.662,2.56
6.7489,79.7275,2.19
6.7489,79.793,2.37
6.6835,68.0734,2.22
6.6835,68.2043,2.19
6.6835,68.2698,2.53
6.6835,68.3353,2.15
6.6835,68.4007,2.43
6.6835,68.5317,2.17
6.6835,68.5972,2.17
6.6835,68.6626,2.16
6.6835,68.7281,2.13
6.6835,68.7936,2.14
6.6835,68.859,2.16
6.6835,68.9245,2.17
6.6835,68.99,2.15
6.6835,69.0555,2.43
6.6835,69.1209,2.18
6.6835,69.2519,2.18
6.6835,69.3828,2.21
6.6835,69.4483,2.15
6.6835,69.5138,2.79
6.6835,69.5792,2.19
6.6835,69.6447,2.25
6.6835,69.7102,2.2
6.6835,69.7757,2.19
6.6835,69.8411,2.26
6.6835,69.9721,2.17
6.6835,70.0376,2.22
6.6835,70.234,2.21
6.6835,70.2994,2.15
6.6835,70.3649,2.16
6.6835,75.7991,2.45
6.6835,75.8646,2.42
6.6835,75.9301,2.43
6.6835,75.9956,2.37
6.6835,76.061,2.38
6.6835,76.1265,2.39
6.6835,76.192,2.4
6.6835,76.2574,2.38
6.6835,76.3229,2.33
6.6835,76.3884,2.3
6.6835,76.4539,2.26
6.6835,76.5193,2.26
6.6835,76.5848,2.23
6.6835,76.6503,2.23
6.6835,76.7158,2.22
6.6835,76.7812,2.23
6.6835,76.8467,2.27
6.6835,76.9122,2.22
6.6835,76.9776,2.59
6.6835,77.0431,2.26
6.6835,77.1086,2.23
6.6835,77.1741,2.26
6.6835,77.2395,2.25
6.6835,77.305,2.13
6.6835,77.3705,3.08
6.6835,77.436,2.49
6.6835,77.5014,2.28
6.6835,77.6978,2.19
6.6835,77.7633,2.14
6.6835,77.8288,2.32
6.6835,77.8943,2.27
6.6835,77.9597,2.25
6.6835,78.0252,2.27
6.6835,78.0907,2.34
6.6835,78.1562,2.23
6.6835,78.2216,2.71
6.6835,78.2871,2.22
6.6835,78.418,2.29
6.6835,78.4835,2.36
6.6835,78.6145,2.49
6.6835,78.6799,2.44
6.6835,78.8763,2.32
6.6835,78.9418,2.32
6.6835,79.2692,2.46
6.6835,79.4001,2.36
6.6835,79.5311,2.31
6.6835,79.5965,2.32
6.618,68.5317,2.22
6.618,68.5972,2.35
6.618,68.6626,2.19
6.618,68.7281,2.16
6.618,68.7936,2.14
6.618,68.859,2.14
6.618,68.9245,2.14
6.618,68.99,2.49
6.618,69.0555,2.53
6.618,69.3828,2.22
6.618,69.4483,2.21
6.618,69.5138,2.19
6.618,69.5792,2.19
6.618,69.6447,2.15
6.618,69.7102,2.19
6.618,69.7757,2.22
6.618,69.8411,2.22
6.618,69.9721,2.24
6.618,70.0376,2.17
6.618,70.103,2.22
6.618,70.1685,2.17
6.618,70.234,2.22
6.618,70.2994,2.21
6.618,70.3649,2.19
6.618,70.4304,2.2
6.618,75.7337,2.36
6.618,75.7991,2.38
6.618,75.8646,2.39
6.618,75.9301,2.41
6.618,75.9956,2.4
6.618,76.061,2.38
6.618,76.192,2.34
6.618,76.3884,2.29
6.618,76.4539,2.24
6.618,76.5193,2.41
6.618,76.5848,2.24
6.618,76.6503,2.24
6.618,76.7158,2.24
6.618,76.7812,2.28
6.618,76.8467,2.25
6.618,76.9122,2.16
6.618,77.1086,2.16
6.618,77.1741,2.32
6.618,77.305,2.22
6.618,77.3705,2.25
6.618,77.436,2.18
6.618,77.5014,2.28
6.618,77.6324,2.81
6.618,77.6978,2.15
6.618,77.7633,2.32
6.618,77.8288,2.63
6.618,77.8943,2.23
6.618,78.2216,2.37
6.618,78.2871,2.24
6.618,78.3526,2.25
6.618,78.418,2.31
6.618,78.6145,2.55
6.618,78.9418,2.49
6.618,79.0728,2.38
6.618,79.2037,2.41
6.618,79.4001,2.44
6.618,79.4656,2.32
6.618,79.5311,2.42
6.618,79.662,2.26
6.618,79.7275,2.33
6.618,79.793,2.34
6.5525,68.7936,2.15
6.5525,68.859,2.14
6.5525,68.9245,2.16
6.5525,68.99,2.13
6.5525,69.0555,3.3
6.5525,69.1209,2.36
6.5525,69.1864,2.47
6.5525,69.2519,2.13
6.5525,69.3828,2.21
6.5525,69.4483,2.54
6.5525,69.5138,2.2
6.5525,69.6447,2.2
6.5525,69.8411,2.15
6.5525,69.9066,2.43
6.5525,70.103,2.13
6.5525,70.1685,2.17
6.5525,70.234,2.19
6.5525,70.2994,2.19
6.5525,70.3649,2.18
6.5525,70.4304,2.19
6.5525,75.7337,2.38
6.5525,75.7991,2.39
6.5525,75.8646,2.36
6.5525,75.9301,2.36
6.5525,75.9956,2.38
6.5525,76.061,2.38
6.5525,76.1265,2.41
6.5525,76.192,2.39
6.5525,76.3229,2.12
6.5525,76.3884,2.32
6.5525,76.5193,2.23
6.5525,76.6503,2.21
6.5525,76.7158,2.32
6.5525,76.8467,2.26
6.5525,76.9122,2.18
6.5525,76.9776,2.28
6.5525,77.0431,2.21
6.5525,77.1086,2.22
6.5525,77.1741,2.21
6.5525,77.2395,2.22
6.5525,77.305,2.2
6.5525,77.3705,2.22
6.5525,77.436,2.21
6.5525,77.6324,2.22
6.5525,77.6978,2.35
6.5525,77.7633,2.29
6.5525,77.8943,2.27
6.5525,78.0907,2.31
6.5525,78.1562,2.27
6.5525,78.2216,2.36
6.5525,78.2871,2.23
6.5525,78.3526,2.24
6.5525,78.418,2.33
6.5525,78.9418,2.47
6.5525,79.0073,2.41
6.5525,79.1382,2.35
6.5525,79.2692,2.02
6.5525,79.3347,2.35
6.5525,79.4001,2.31
6.5525,79.4656,2.3
6.5525,79.5965,2.25
6.5525,79.662,2.23
6.5525,79.7275,2.35
6.5525,79.793,2.34
6.5525,79.8584,2.45
6.487,69.1864,2.18
6.487,69.2519,2.18
6.487,69.3174,2.15
6.487,69.4483,2.22
6.487,69.5138,2.22
6.487,69.5792,2.52
6.487,69.7102,2.21
6.487,69.7757,2.2
6.487,69.8411,2.15
6.487,70.103,2.22
6.487,70.1685,2.14
6.487,70.234,2.17
6.487,70.2994,2.2
6.487,70.3649,2.2
6.487,75.6027,2.31
6.487,75.6682,2.3
6.487,75.7337,2.57
6.487,75.7991,2.38
6.487,75.8646,2.37
6.487,75.9301,2.35
6.487,75.9956,2.37
6.487,76.061,2.38
6.487,76.1265,2.42
6.487,76.192,2.39
6.487,76.2574,2.34
6.487,76.3884,2.38
6.487,76.4539,2.32
6.487,76.5193,2.26
6.487,76.5848,2.33
6.487,76.6503,2.22
6.487,76.7158,2.46
6.487,76.7812,2.16
6.487,76.8467,2.21
6.487,76.9122,2.24
6.487,76.9776,2.23
6.487,77.0431,2.22
6.487,77.1086,2.22
6.487,77.1741,2.22
6.487,77.2395,2.22
6.487,77.305,2.27
6.487,77.3705,2.22
6.487,77.436,2.27
6.487,77.5014,2.16
6.487,77.5669,2.2
6.487,77.6324,2.39
6.487,77.6978,2.2
6.487,77.7633,2.22
6.487,77.8288,2.23
6.487,77.8943,2.24
6.487,78.0907,2.26
6.487,78.1562,2.23
6.487,78.2871,2.24
6.487,78.3526,2.26
6.487,78.418,2.2
6.487,78.549,3.28
6.487,78.6799,2.42
6.487,78.7454,2.54
6.487,78.8109,2.4
6.487,78.9418,2.51
6.487,79.0073,2.51
6.487,79.0728,2.37
6.487,79.2692,2.34
6.487,79.3347,2.31
6.487,79.4001,2.35
6.487,79.5311,2.17
6.487,79.5965,2.32
6.487,79.662,2.3
6.487,79.7275,2.39
6.487,79.9239,2.74
6.4216,69.5138,2.12
6.4216,69.6447,2.21
6.4216,69.7102,2.49
6.4216,69.7757,2.21
6.4216,69.9066,2.24
6.4216,69.9721,2.17
6.4216,70.1685,2.18
6.4216,70.2994,2.21
6.4216,75.6027,2.3
6.4216,75.6682,2.29
6.4216,75.7337,2.34
6.4216,75.7991,2.36
6.4216,75.8646,2.35
6.4216,75.9301,2.34
6.4216,75.9956,2.38
6.4216,76.061,2.39
6.4216,76.1265,2.57
6.4216,76.2574,2.24
6.4216,76.3229,2.37
6.4216,76.3884,2.32
6.4216,76.4539,2.31
6.4216,76.5193,2.26
6.4216,76.5848,2.24
6.4216,76.7158,2.46
6.4216,76.7812,2.44
6.4216,76.8467,2.34
6.4216,76.9122,2.28
6.4216,76.9776,2.3
6.4216,77.1741,2.24
6.4216,77.2395,2.14
6.4216,77.3705,2.13
6.4216,77.436,2.21
6.4216,77.5669,2.26
6.4216,77.6324,2.19
6.4216,77.6978,2.59
6.4216,77.8288,2.2
6.4216,77.8943,2.15
6.4216,77.9597,2.22
6.4216,78.0252,2.2
6.4216,78.0907,2.48
6.4216,78.1562,2.16
6.4216,78.2216,2.31
6.4216,78.2871,2.23
6.4216,78.3526,2.23
6.4216,78.4835,2.32
6.4216,78.549,2.31
6.4216,78.6145,2.35
6.4216,78.6799,2.37
6.4216,78.7454,2.39
6.4216,78.8109,2.3
6.4216,79.0073,2.31
6.4216,79.1382,2.4
6.4216,79.2037,2.48
6.4216,79.2692,2.62
6.4216,79.3347,2.28
6.4216,79.4001,2.31
6.4216,79.5311,2.39
6.4216,79.5965,2.41
6.4216,79.662,2.35
6.4216,79.793,2.75
6.4216,79.8584,2.32
6.4216,79.9239,2.82
6.3561,69.9066,2.24
6.3561,69.9721,2.7
6.3561,70.1685,2.32
6.3561,70.3649,2.14
6.3561,75.6027,2.33
6.3561,75.6682,2.32
6.3561,75.7337,2.37
6.3561,75.7991,2.34
6.3561,75.9301,2.64
6.3561,75.9956,2.39
6.3561,76.061,2.29
6.3561,76.192,2.36
6.3561,76.2574,2.48
6.3561,76.3884,2.3
6.3561,76.4539,2.43
6.3561,76.5193,2.25
6.3561,76.7158,2.22
6.3561,76.7812,2.8
6.3561,76.8467,2.19
6.3561,76.9122,2.39
6.3561,77.1741,2.3
6.3561,77.3705,2.22
6.3561,77.436,2.2
6.3561,77.5014,2.59
6.3561,77.5669,2.21
6.3561,77.6324,2.17
6.3561,77.6978,2.2
6.3561,77.7633,2.32
6.3561,77.8288,2.22
6.3561,77.8943,2.18
6.3561,77.9597,2.6
6.3561,78.0252,2.2
6.3561,78.0907,2.24
6.3561,78.1562,2.29
6.3561,78.2216,2.29
6.3561,78.2871,2.25
6.3561,78.3526,2.21
6.3561,78.4835,2.66
6.3561,78.549,2.26
6.3561,78.6145,2.3
6.3561,78.7454,2.38
6.3561,78.8763,2.66
6.3561,78.9418,2.3
6.3561,79.0073,2.2
6.3561,79.0728,2.33
6.3561,79.1382,2.13
6.3561,79.2037,2.42
6.3561,79.2692,2.19
6.3561,79.3347,2.34
6.3561,79.4001,2.25
6.3561,79.4656,2.19
6.3561,79.5965,2.16
6.3561,79.8584,2.37
6.2906,70.4304,2.39
6.2906,75.5372,2.41
6.2906,75.6027,2.38
6.2906,75.6682,2.36
6.2906,75.7337,2.32
6.2906,75.7991,2.36
6.2906,75.8646,2.34
6.2906,75.9301,2.43
6.2906,75.9956,2.38
6.2906,76.2574,2.24
6.2906,76.5193,2.29
6.2906,76.5848,2.22
6.2906,76.6503,2.17
6.2906,76.7158,2.3
6.2906,76.7812,2.23
6.2906,76.8467,2.19
6.2906,76.9122,2.15
6.2906,77.1741,2.33
6.2906,77.2395,2.23
6.2906,77.3705,2.29
6.2906,77.436,2.6
6.2906,77.5014,2.2
6.2906,77.5669,2.16
6.2906,77.6978,2.17
6.2906,77.8288,2.21
6.2906,77.8943,2.18
6.2906,77.9597,2.14
6.2906,78.0907,2.19
6.2906,78.1562,2.49
6.2906,78.2216,2.24
6.2906,78.4835,2.36
6.2906,78.549,2.26
6.2906,78.6145,2.96
6.2906,78.8109,2.15
6.2906,78.8763,2.4
6.2906,78.9418,2.32
6.2906,79.0073,2.29
6.2906,79.0728,2.36
6.2906,79.1382,2.3
6.2906,79.2037,2.19
6.2906,79.3347,2.27
6.2906,79.4001,2.39
6.2906,79.4656,2.59
6.2906,79.5311,2.67
6.2906,79.662,2.96
6.2906,79.793,2.22
6.2906,79.8584,2.31
6.2252,75.4718,2.43
6.2252,75.6027,2.57
6.2252,75.6682,2.43
6.2252,75.7337,2.37
6.2252,75.7991,2.43
6.2252,75.8646,2.36
6.2252,75.9301,2.4
6.2252,75.9956,2.49
6.2252,76.061,2.39
6.2252,76.1265,2.28
6.2252,76.2574,2.18
6.2252,76.3229,2.54
6.2252,76.3884,2.71
6.2252,76.4539,2.25
6.2252,76.6503,2.11
6.2252,76.7158,2.27
6.2252,76.7812,2.25
6.2252,76.8467,2.21
6.2252,76.9122,2.23
6.2252,77.0431,2.25
6.2252,77.2395,2.25
6.2252,77.3705,2.21
6.2252,77.436,2.2
6.2252,77.5014,2.2
6.2252,77.5669,2.19
6.2252,77.6324,2.3
6.2252,77.6978,2.19
6.2252,77.7633,2.22
6.2252,77.8288,2.19
6.2252,77.8943,2.18
6.2252,78.0252,2.23
6.2252,78.1562,2.15
6.2252,78.2216,2.21
6.2252,78.2871,2.27
6.2252,78.3526,2.4
6.2252,78.4835,2.26
6.2252,78.6145,2.59
6.2252,78.6799,2.42
6.2252,78.7454,2.41
6.2252,78.8109,2.37
6.2252,78.8763,2.32
6.2252,78.9418,2.31
6.2252,79.0073,2.25
6.2252,79.0728,2.27
6.2252,79.1382,2.29
6.2252,79.2037,2.32
6.2252,79.3347,2.39
6.2252,79.4001,2.57
6.2252,79.4656,2.33
6.2252,79.5311,2.35
6.2252,79.662,2.33
6.2252,79.7275,2.34
6.2252,79.793,2.24
6.2252,79.8584,2.57
6.1597,75.4063,2.37
6.1597,75.4718,2.49
6.1597,75.7337,2.42
6.1597,75.7991,2.36
6.1597,75.8646,2.47
6.1597,75.9301,2.4
6.1597,75.9956,2.38
6.1597,76.061,2.31
6.1597,76.192,2.23
6.1597,76.2574,2.32
6.1597,76.3229,2.54
6.1597,76.3884,2.25
6.1597,76.4539,2.22
6.1597,76.5848,2.14
6.1597,76.7158,2.17
6.1597,76.7812,2.31
6.1597,76.8467,2.26
6.1597,76.9122,2.22
6.1597,76.9776,2.28
6.1597,77.0431,2.38
6.1597,77.1741,2.43
6.1597,77.2395,2.24
6.1597,77.305,2.22
6.1597,77.3705,2.21
6.1597,77.436,2.18
6.1597,77.5014,2.24
6.1597,77.5669,2.94
6.1597,77.6324,2.18
6.1597,77.6978,2.19
6.1597,77.7633,2.19
6.1597,77.8288,2.19
6.1597,77.8943,2.24
6.1597,78.0252,2.25
6.1597,78.0907,2.84
6.1597,78.1562,2.7
6.1597,78.2216,2.21
6.1597,78.2871,2.41
6.1597,78.3526,2.34
6.1597,78.418,2.43
6.1597,78.4835,2.24
6.1597,78.549,2.24
6.1597,78.6145,2.18
6.1597,78.6799,2.25
6.1597,78.7454,2.16
6.1597,78.8109,2.36
6.1597,78.8763,2.3
6.1597,78.9418,2.26
6.1597,79.0073,2.23
6.1597,79.0728,2.26
6.1597,79.1382,2.28
6.1597,79.2037,2.19
6.1597,79.2692,2.32
6.1597,79.3347,2.36
6.1597,79.4656,2.88
6.1597,79.5965,2.41
6.1597,79.662,2.35
6.1597,79.8584,2.39
6.0942,75.4063,2.37
6.0942,75.4718,2.76
6.0942,75.7991,2.4
6.0942,75.9301,2.39
6.0942,75.9956,2.12
6.0942,76.1265,2.21
6.0942,76.2574,2.29
6.0942,76.3229,2.26
6.0942,76.3884,2.22
6.0942,76.4539,2.2
6.0942,76.5193,2.29
6.0942,76.6503,2.16
6.0942,76.7812,2.19
6.0942,76.8467,2.55
6.0942,76.9122,2.3
6.0942,76.9776,2.21
6.0942,77.0431,2.22
6.0942,77.1741,2.24
6.0942,77.2395,2.22
6.0942,77.305,2.21
6.0942,77.3705,2.22
6.0942,77.436,2.2
6.0942,77.5014,2.18
6.0942,77.5669,2.24
6.0942,77.6324,2.31
6.0942,77.6978,2.27
6.0942,77.7633,2.2
6.0942,77.8288,2.26
6.0942,77.9597,2.31
6.0942,78.0252,2.22
6.0942,78.2871,2.26
6.0942,78.3526,2.21
6.0942,78.418,2.8
6.0942,78.4835,2.23
6.0942,78.549,2.19
6.0942,78.6145,2.95
6.0942,78.7454,2.2
6.0942,78.8109,2.28
6.0942,78.8763,2.29
6.0942,78.9418,2.24
6.0942,79.0073,2.22
6.0942,79.0728,2.25
6.0942,79.1382,2.25
6.0942,79.2037,2.3
6.0942,79.2692,2.29
6.0942,79.3347,2.34
6.0942,79.4001,2.77
6.0942,79.4656,2.23
6.0942,79.5965,2.28
6.0942,79.7275,2.5
6.0942,79.793,2.51
6.0287,75.4063,2.38
6.0287,75.9301,2.37
6.0287,75.9956,2.4
6.0287,76.061,2.29
6.0287,76.2574,2.31
6.0287,76.3229,2.27
6.0287,76.3884,2.24
6.0287,76.5193,2.22
6.0287,76.5848,2.45
6.0287,76.6503,2.22
6.0287,76.7812,2.26
6.0287,76.9122,2.28
6.0287,76.9776,2.22
6.0287,77.0431,2.24
6.0287,77.1086,2.2
6.0287,77.1741,2.21
6.0287,77.2395,2.21
6.0287,77.305,2.19
6.0287,77.3705,2.23
6.0287,77.436,2.31
6.0287,77.5014,2.22
6.0287,77.5669,2.23
6.0287,77.6978,2.23
6.0287,77.7633,2.22
6.0287,77.8288,2.16
6.0287,77.9597,2.29
6.0287,78.0907,2.19
6.0287,78.2871,2.1
6.0287,78.3526,2.27
6.0287,78.418,2.21
6.0287,78.4835,2.25
6.0287,78.6145,2.31
6.0287,78.6799,2.28
6.0287,78.7454,2.27
6.0287,78.8109,2.24
6.0287,78.9418,2.31
6.0287,79.0073,2.26
6.0287,79.0728,2.3
6.0287,79.1382,2.28
6.0287,79.2037,2.27
6.0287,79.2692,2.45
6.0287,79.3347,2.35
5.9633,75.2754,2.34
5.9633,75.3408,2.39
5.9633,75.4063,2.37
5.9633,75.4718,2.45
5.9633,75.6682,2.64
5.9633,75.7337,2.52
5.9633,75.7991,2.45
5.9633,75.8646,2.36
5.9633,75.9956,2.81
5.9633,76.061,2.32
5.9633,76.1265,2.34
5.9633,76.192,2.31
5.9633,76.3229,2.17
5.9633,76.3884,2.25
5.9633,76.4539,2.24
5.9633,76.5193,2.22
5.9633,76.5848,2.18
5.9633,76.6503,2.21
5.9633,77.0431,2.28
5.9633,77.1086,2.23
5.9633,77.1741,2.21
5.9633,77.2395,2.2
5.9633,77.305,2.2
5.9633,77.3705,2.21
5.9633,77.436,2.21
5.9633,77.5014,2.23
5.9633,77.5669,2.25
5.9633,77.6978,2.26
5.9633,77.7633,2.22
5.9633,77.8943,2.47
5.9633,77.9597,2.2
5.9633,78.2871,2.41
5.9633,78.3526,2.32
5.9633,78.4835,2.11
5.9633,78.549,2.37
5.9633,78.6145,2.67
5.9633,78.6799,2.31
5.9633,78.7454,2.17
5.9633,78.8109,2.19
5.9633,78.8763,3.04
5.9633,78.9418,2.32
5.9633,79.0073,2.46
5.9633,79.0728,2.41
5.9633,79.1382,2.34
5.9633,79.2037,2.78
5.9633,79.2692,2.41
5.9633,79.3347,2.49
5.9633,79.4001,2.57
5.9633,79.793,2.59
5.8978,75.5372,2.58
5.8978,75.7337,2.35
5.8978,75.8646,2.38
5.8978,76.1265,2.34
5.8978,76.192,2.31
5.8978,76.2574,2.31
5.8978,76.3884,2.32
5.8978,76.4539,2.25
5.8978,76.5193,2.23
5.8978,76.5848,2.3
5.8978,76.7812,2.12
5.8978,76.9122,2.22
5.8978,76.9776,2.43
5.8978,77.0431,2.29
5.8978,77.1086,2.2
5.8978,77.1741,2.11
5.8978,77.2395,2.2
5.8978,77.305,2.2
5.8978,77.3705,2.25
5.8978,77.436,2.32
5.8978,77.6324,2.31
5.8978,77.8288,2.28
5.8978,77.8943,2.15
5.8978,77.9597,2.14
5.8978,78.0252,2.18
5.8978,78.3526,2.4
5.8978,78.4835,3.06
5.8978,78.6799,2.31
5.8978,78.8109,2.28
5.8978,78.8763,2.36
5.8978,78.9418,2.31
5.8978,79.0073,2.27
5.8978,79.0728,2.31
5.8978,79.1382,2.79
5.8978,79.2037,2.18
5.8978,79.2692,2.18
5.8978,79.793,2.81
5.8323,75.2754,2.34
5.8323,75.4718,2.21
5.8323,75.5372,2.4
5.8323,75.6027,2.25
5.8323,75.6682,2.43
5.8323,75.7337,2.4
5.8323,75.9301,2.31
5.8323,76.192,2.32
5.8323,76.4539,2.41
5.8323,76.5848,2.24
5.8323,76.6503,2.22
5.8323,76.7812,2.3
5.8323,76.8467,2.23
5.8323,76.9122,2.24
5.8323,77.0431,2.2
5.8323,77.1741,2.2
5.8323,77.2395,2.51
5.8323,77.305,2.35
5.8323,77.3705,2.24
5.8323,77.436,2.27
5.8323,77.5669,2.33
5.8323,77.6324,2.46
5.8323,77.8288,2.36
5.8323,78.4835,2.35
5.8323,78.6799,2.5
5.8323,78.8109,2.38
5.8323,78.8763,3.06
5.8323,78.9418,2.31
5.8323,79.1382,2.38
5.8323,79.2037,2.41
5.8323,79.2692,2.39
5.8323,79.3347,2.45
5.8323,79.4001,2.51
5.8323,79.4656,2.57
5.7668,75.2754,2.34
5.7668,75.4063,2.4
5.7668,75.5372,2.37
5.7668,75.6027,2.4
5.7668,76.192,2.35
5.7668,76.3229,2.64
5.7668,76.4539,2.61
5.7668,76.6503,2.27
5.7668,76.7812,2.27
5.7668,76.8467,2.15
5.7668,76.9122,2.27
5.7668,77.1086,2.62
5.7668,77.1741,2.19
5.7668,77.2395,2.12
5.7668,77.3705,2.2
5.7668,77.5014,2.28
5.7668,77.5669,2.32
5.7668,77.6324,2.39
5.7668,77.8288,2.45
5.7668,77.8943,2.83
5.7668,78.2216,2.49
5.7668,78.418,2.54
5.7668,78.4835,2.38
5.7668,78.549,2.29
5.7668,78.6145,2.36
5.7668,78.6799,2.34
5.7668,78.8109,2.18
5.7668,78.8763,2.34
5.7668,78.9418,3.25
5.7668,79.0073,2.23
5.7668,79.0728,2.51
5.7668,79.1382,2.38
5.7668,79.2037,2.39
5.7668,79.2692,2.4
5.7668,79.3347,2.53
5.7668,79.793,2.51
5.7014,75.1444,2.3
5.7014,75.2099,2.33
5.7014,75.2754,2.34
5.7014,75.7337,2.41
5.7014,75.7991,2.44
5.7014,76.2574,2.27
5.7014,76.3884,2.25
5.7014,76.5193,2.34
5.7014,76.5848,2.28
5.7014,76.7812,2.22
5.7014,76.8467,2.51
5.7014,76.9122,2.3
5.7014,76.9776,2.29
5.7014,77.0431,2.4
5.7014,77.1086,2.19
5.7014,77.1741,2.53
5.7014,77.436,2.29
5.7014,77.5014,2.27
5.7014,77.5669,2.46
5.7014,77.8288,2.31
5.7014,78.3526,2.37
5.7014,78.418,2.44
5.7014,78.4835,2.28
5.7014,78.6145,2.51
5.7014,78.6799,2.43
5.7014,78.7454,2.47
5.7014,78.8109,2.84
5.7014,78.8763,2.47
5.7014,78.9418,2.42
5.7014,79.0073,2.41
5.7014,79.0728,2.31
5.7014,79.1382,2.37
5.7014,79.2037,2.39
5.7014,79.2692,2.44
5.6359,75.0789,2.2
5.6359,75.1444,2.24
5.6359,75.2099,2.88
5.6359,75.2754,2.32
5.6359,75.3408,2.28
5.6359,75.4063,2.18
5.6359,75.4718,2.89
5.6359,75.7991,2.28
5.6359,75.9301,2.61
5.6359,75.9956,2.61
5.6359,76.192,2.49
5.6359,76.2574,2.32
5.6359,76.7812,2.47
5.6359,76.8467,2.19
5.6359,77.0431,2.3
5.6359,77.1086,2.3
5.6359,77.305,2.42
5.6359,77.5014,2.22
5.6359,77.5669,2.12
5.6359,77.7633,2.32
5.6359,77.8288,2.34
5.6359,77.8943,2.32
5.6359,78.0252,2.35
5.6359,78.2871,2.52
5.6359,78.3526,2.56
5.6359,78.418,2.39
5.6359,78.549,2.37
5.6359,78.6145,2.18
5.6359,78.7454,2.9
5.6359,78.8109,2.37
5.6359,78.8763,2.34
5.6359,78.9418,2.4
5.6359,79.0073,2.45
5.6359,79.2037,2.48
5.6359,79.2692,2.52
5.6359,79.3347,2.66
5.5704,75.1444,2.72
5.5704,75.3408,2.33
5.5704,75.4063,2.25
5.5704,75.5372,2.5
5.5704,75.6027,2.5
5.5704,75.7337,2.65
5.5704,75.9956,2.53
5.5704,76.3884,2.38
5.5704,76.4539,2.32
5.5704,76.5848,2.33
5.5704,76.8467,2.41
5.5704,77.5669,2.36
5.5704,77.8943,2.32
5.5704,77.9597,2.32
5.5704,78.0252,2.36
5.5704,78.2216,2.41
5.5704,78.2871,2.41
5.5704,78.3526,2.18
5.5704,78.6145,2.41
5.5704,78.6799,2.18
5.5704,78.7454,2.39
5.5704,78.8109,2.4
5.5704,78.8763,2.38
5.5704,79.2692,2.47
5.5704,79.3347,2.56
5.5704,79.4656,2.61
5.5704,79.5311,2.64
5.5704,79.5965,2.66
5.5704,79.662,2.62
5.5704,79.7275,2.57
5.5049,75.0135,2.31
5.5049,75.0789,2.19
5.5049,75.2754,2.3
5.5049,75.5372,2.51
5.5049,75.6027,2.19
5.5049,75.8646,2.74
5.5049,75.9301,2.45
5.5049,75.9956,2.5
5.5049,76.061,2.44
5.5049,76.5193,2.3
5.5049,77.305,2.61
5.5049,77.5014,2.7
5.5049,77.5669,2.45
5.5049,77.6324,2.45
5.5049,77.8288,2.49
5.5049,77.8943,2.46
5.5049,77.9597,2.32
5.5049,78.0252,2.23
5.5049,78.3526,2.36
5.5049,78.418,2.35
5.5049,78.4835,2.32
5.5049,78.6145,2.14
5.5049,78.6799,2.34
5.5049,78.8109,2.55
5.5049,78.8763,2.37
5.5049,79.0073,2.54
5.5049,79.0728,2.69
5.5049,79.2692,2.73
5.5049,79.3347,2.54
5.5049,79.4001,2.46
5.5049,79.4656,2.45
5.5049,79.5311,2.46
5.5049,79.5965,2.51
5.5049,79.662,2.37
5.5049,79.7275,2.91
5.4395,74.948,2.27
5.4395,75.0135,2.28
5.4395,75.0789,2.28
5.4395,75.1444,2.28
5.4395,75.3408,2.31
5.4395,75.4063,2.2
5.4395,75.4718,2.27
5.4395,75.6682,2.38
5.4395,75.7337,2.54
5.4395,75.8646,2.26
5.4395,76.061,2.46
5.4395,76.3229,2.53
5.4395,76.5848,2.55
5.4395,76.6503,2.26
5.4395,76.8467,2.6
5.4395,77.3705,2.41
5.4395,77.436,2.38
5.4395,77.5014,2.35
5.4395,77.6324,2.5
5.4395,77.6978,2.42
5.4395,77.7633,2.25
5.4395,77.8288,2.28
5.4395,78.0252,2.14
5.4395,78.418,2.31
5.4395,78.4835,2.33
5.4395,78.549,2.36
5.4395,78.6145,2.25
5.4395,78.6799,2.33
5.4395,78.7454,2.4
5.4395,78.8109,2.38
5.4395,78.8763,2.3
5.4395,79.4001,2.53
5.4395,79.4656,2.42
5.4395,79.5311,2.4
5.4395,79.5965,2.47
5.4395,79.662,2.44
5.374,74.948,2.37
5.374,75.1444,2.42
5.374,75.2099,2.16
5.374,75.2754,2.29
5.374,75.3408,2.23
5.374,75.6682,2.38
5.374,75.7337,2.38
5.374,75.7991,2.27
5.374,75.8646,2.34
5.374,76.061,2.38
5.374,76.192,2.37
5.374,76.3229,2.52
5.374,76.5193,2.27
5.374,76.5848,2.2
5.374,76.6503,2.29
5.374,76.8467,2.43
5.374,76.9122,2.47
5.374,77.2395,2.62
5.374,77.305,2.8
5.374,77.3705,2.29
5.374,77.436,2.44
5.374,77.6978,2.35
5.374,77.7633,2.33
5.374,77.8288,2.49
5.374,77.9597,2.28
5.374,78.0252,2.93
5.374,78.0907,2.28
5.374,78.3526,2.29
5.374,78.418,2.53
5.374,78.4835,2.38
5.374,78.549,2.33
5.374,78.6145,2.39
5.374,78.8109,2.46
5.374,78.8763,2.45
5.374,78.9418,2.48
5.374,79.1382,2.63
5.374,79.4001,2.47
5.374,79.4656,2.4
5.374,79.5311,2.46
5.374,79.5965,2.46
5.374,79.662,2.44
5.3085,74.8825,2.26
5.3085,75.0135,2.28
5.3085,75.0789,2.66
5.3085,75.2754,2.28
5.3085,75.4063,2.27
5.3085,75.4718,2.26
5.3085,75.5372,2.19
5.3085,75.6682,2.31
5.3085,75.7337,2.64
5.3085,75.7991,2.22
5.3085,75.8646,2.58
5.3085,75.9301,2.25
5.3085,75.9956,2.24
5.3085,76.061,2.29
5.3085,76.1265,2.31
5.3085,76.192,2.34
5.3085,76.3884,2.48
5.3085,76.4539,2.73
5.3085,76.6503,2.3
5.3085,76.7812,2.48
5.3085,76.9122,2.35
5.3085,76.9776,2.53
5.3085,77.1741,2.44
5.3085,77.305,2.35
5.3085,77.3705,2.14
5.3085,77.436,2.33
5.3085,77.6978,2.35
5.3085,77.7633,2.28
5.3085,77.8288,2.27
5.3085,77.8943,2.35
5.3085,77.9597,2.26
5.3085,78.0252,2.25
5.3085,78.0907,2.22
5.3085,78.1562,2.2
5.3085,78.2216,2.36
5.3085,78.3526,2.33
5.3085,78.418,2.36
5.3085,78.4835,2.29
5.3085,78.6799,2.27
5.3085,78.7454,2.38
5.3085,78.8763,2.38
5.3085,78.9418,2.79
5.3085,79.2692,3.13
5.3085,79.3347,2.47
5.3085,79.4001,2.77
5.3085,79.4656,2.45
5.3085,79.5311,2.64
5.3085,79.5965,2.37
5.243,75.1444,2.38
5.243,75.2099,2.31
5.243,75.2754,2.14
5.243,75.4063,2.43
5.243,75.4718,2.3
5.243,75.5372,2.3
5.243,75.6682,2.27
5.243,75.7337,2.23
5.243,75.7991,2.26
5.243,75.9301,2.21
5.243,75.9956,2.28
5.243,76.061,2.26
5.243,76.1265,2.26
5.243,76.192,2.29
5.243,76.2574,2.31
5.243,76.3229,2.25
5.243,76.3884,2.86
5.243,76.4539,2.34
5.243,76.5848,2.29
5.243,76.8467,2.27
5.243,76.9122,2.31
5.243,77.305,2.4
5.243,77.436,2.45
5.243,77.7633,2.28
5.243,77.8288,2.26
5.243,77.8943,2.38
5.243,77.9597,2.3
5.243,78.0252,2.21
5.243,78.0907,2.22
5.243,78.1562,2.74
5.243,78.2216,2.2
5.243,78.2871,2.75
5.243,78.3526,2.28
5.243,78.418,2.22
5.243,78.549,2.37
5.243,78.6799,2.81
5.243,78.7454,2.36
5.243,79.2692,2.54
5.243,79.3347,2.46
5.243,79.4001,2.47
5.243,79.4656,2.31
5.1776,75.4718,2.32
5.1776,75.5372,2.26
5.1776,75.9301,2.14
5.1776,75.9956,2.16
5.1776,76.061,2.24
5.1776,76.1265,2.26
5.1776,76.192,2.27
5.1776,76.2574,2.25
5.1776,76.4539,2.32
5.1776,76.5193,2.19
5.1776,76.6503,2.63
5.1776,76.7812,2.24
5.1776,77.305,2.26
5.1776,77.6324,2.37
5.1776,77.6978,2.31
5.1776,77.7633,2.3
5.1776,77.8288,2.31
5.1776,77.8943,2.27
5.1776,77.9597,2.3
5.1776,78.0252,2.29
5.1776,78.0907,2.26
5.1776,78.1562,2.26
5.1776,78.2216,2.37
5.1776,78.2871,2.19
5.1776,78.3526,2.26
5.1776,78.418,2.51
5.1776,78.4835,2.53
5.1776,78.7454,2.45
5.1776,79.1382,2.65
5.1776,79.4001,2.47
5.1776,79.4656,2.45
5.1776,79.5311,2.55
5.1121,75.7991,2.37
5.1121,75.9956,2.26
5.1121,76.061,2.36
5.1121,76.1265,2.38
5.1121,76.4539,2.14
5.1121,76.5848,2.37
5.1121,76.6503,2.22
5.1121,76.7158,2.2
5.1121,76.7812,2.41
5.1121,76.9776,2.53
5.1121,77.6324,2.39
5.1121,77.6978,2.56
5.1121,77.7633,2.55
5.1121,77.8288,2.29
5.1121,77.8943,2.27
5.1121,77.9597,2.27
5.1121,78.0252,2.26
5.1121,78.0907,2.34
5.1121,78.1562,2.21
5.1121,78.2216,2.33
5.1121,78.2871,2.65
5.1121,78.3526,2.36
5.1121,78.418,2.36
5.1121,78.6145,2.5
5.1121,78.8763,2.56
5.1121,79.1382,2.62
5.1121,79.3347,2.43
5.1121,79.4001,2.44
5.1121,79.4656,2.42
5.1121,79.5311,2.42
5.1121,79.5965,2.47
5.0466,75.9956,2.28
5.0466,76.061,2.24
5.0466,76.192,2.25
5.0466,76.2574,2.26
5.0466,76.3229,2.25
5.0466,76.4539,2.22
5.0466,76.5193,2.19
5.0466,76.5848,2.69
5.0466,76.6503,2.21
5.0466,76.7158,2.2
5.0466,76.9122,2.23
5.0466,76.9776,2.31
5.0466,77.1741,2.42
5.0466,77.2395,2.28
5.0466,77.3705,2.34
5.0466,77.436,2.35
5.0466,77.5014,2.56
5.0466,77.5669,2.27
5.0466,77.6324,2.51
5.0466,77.7633,2.3
5.0466,77.8943,2.24
5.0466,77.9597,2.25
5.0466,78.0252,2.31
5.0466,78.0907,2.32
5.0466,78.1562,2.34
5.0466,78.2871,2.38
5.0466,78.3526,2.52
5.0466,78.418,2.44
5.0466,78.549,2.65
5.0466,78.9418,3.23
5.0466,79.0073,2.76
5.0466,79.0728,2.57
5.0466,79.2692,2.38
5.0466,79.3347,2.41
5.0466,79.4001,2.4
5.0466,79.4656,2.38
5.0466,79.5311,2.43
5.0466,79.5965,2.43
4.9811,76.2574,2.24
4.9811,76.3229,2.22
4.9811,76.3884,2.22
4.9811,76.4539,2.22
4.9811,76.5193,2.21
4.9811,76.5848,2.27
4.9811,76.6503,2.27
4.9811,76.7158,2.26
4.9811,76.7812,2.21
4.9811,76.8467,2.22
4.9811,76.9122,2.22
4.9811,77.0431,2.26
4.9811,77.1741,2.32
4.9811,77.2395,2.29
4.9811,77.3705,2.22
4.9811,77.436,2.48
4.9811,77.5669,2.24
4.9811,77.6324,2.25
4.9811,77.6978,2.26
4.9811,77.7633,2.34
4.9811,77.8288,2.34
4.9811,77.8943,2.23
4.9811,77.9597,2.51
4.9811,78.0252,2.35
4.9811,78.0907,2.36
4.9811,78.1562,2.34
4.9811,78.2216,2.3
4.9811,78.2871,2.41
4.9811,78.3526,2.49
4.9811,79.2692,2.48
4.9811,79.3347,2.39
4.9811,79.4001,2.34
4.9811,79.4656,2.36
4.9811,79.5311,2.49
4.9157,76.5193,2.21
4.9157,76.7812,2.27
4.9157,76.8467,2.23
4.9157,76.9122,2.24
4.9157,76.9776,2.35
4.9157,77.0431,2.23
4.9157,77.1086,2.27
4.9157,77.1741,2.35
4.9157,77.2395,2.25
4.9157,77.305,2.55
4.9157,77.436,2.23
4.9157,77.5014,2.23
4.9157,77.5669,2.25
4.9157,77.6324,2.28
4.9157,77.9597,2.37
4.9157,78.0252,2.35
4.9157,78.0907,2.31
4.9157,78.418,2.16
4.9157,79.4001,2.41
4.9157,79.4656,2.38
4.8502,76.7812,2.31
4.8502,76.9122,2.22
4.8502,77.0431,2.3
4.8502,77.1086,2.24
4.8502,77.1741,2.26
4.8502,77.2395,2.29
4.8502,77.305,2.34
4.8502,77.3705,2.2
4.8502,77.436,2.17
4.8502,77.5669,2.12
4.8502,77.6324,2.32
4.8502,77.6978,2.26
4.8502,77.7633,2.32
4.8502,77.8288,2.33
4.8502,77.8943,2.36
4.8502,77.9597,2.44
4.8502,78.0252,2.31
4.8502,78.6799,2.76
4.8502,78.9418,2.23
4.8502,79.0728,2.55
4.8502,79.2037,2.4
4.8502,79.2692,2.41
4.8502,79.3347,2.22
4.8502,79.4001,2.31
4.8502,79.4656,2.3
4.8502,79.5311,2.33
4.7847,76.9776,2.24
4.7847,77.0431,2.29
4.7847,77.1086,2.28
4.7847,77.1741,2.27
4.7847,77.2395,2.27
4.7847,77.3705,2.32
4.7847,77.436,2.19
4.7847,77.5669,2.29
4.7847,77.7633,2.37
4.7847,78.7454,2.64
4.7847,78.8109,2.64
4.7847,78.9418,2.61
4.7847,79.0073,2.59
4.7847,79.2037,2.37
4.7847,79.3347,2.3
4.7847,79.4001,2.34
4.7847,79.4656,2.27
4.7847,79.5311,2.19
4.7193,77.3705,2.51
4.7193,77.5014,2.39
4.7193,77.6324,2.45
4.7193,78.0252,2.57
4.7193,78.3526,2.39
4.7193,78.6799,3.15
4.7193,78.8109,2.55
4.7193,79.1382,2.36
4.7193,79.2037,2.14
4.7193,79.2692,2.18
4.7193,79.3347,2.31
4.7193,79.5311,2.22
4.6538,77.8943,2.71
4.6538,78.4835,2.52
4.6538,78.549,2.51
4.6538,78.6145,2.44
4.6538,78.6799,2.43
4.6538,78.7454,2.22
4.6538,79.0728,2.35
4.6538,79.1382,2.37
4.6538,79.2692,2.3
4.6538,79.3347,2.24
4.6538,79.4001,2.7
4.6538,79.4656,2.28
4.5883,78.1562,2.44
4.5883,78.2216,2.44
4.5883,78.2871,2.42
4.5883,78.3526,2.39
4.5883,78.418,2.42
4.5883,78.4835,2.33
4.5883,78.549,2.29
4.5883,78.6145,2.32
4.5883,78.6799,2.42
4.5883,79.0073,2.2
4.5883,79.0728,2.37
4.5883,79.2037,2.32
4.5883,79.3347,2.17
4.5883,79.4001,2.19
4.5883,79.4656,2.2
4.5228,78.0907,2.82
4.5228,78.1562,2.4
4.5228,78.2216,2.36
4.5228,78.2871,2.38
4.5228,78.3526,2.37
4.5228,78.4835,2.32
4.5228,78.549,2.32
4.5228,78.6145,2.31
4.5228,78.6799,2.37
4.5228,78.8109,2.36
4.5228,79.1382,2.31
4.5228,79.2037,2.53
4.5228,79.2692,2.28
4.5228,79.3347,2.18
4.5228,79.4001,2.2
4.5228,79.4656,2.17
4.4574,78.2871,2.27
4.4574,78.549,3.1
4.4574,78.6145,2.34
4.4574,78.6799,2.26
4.4574,78.8109,2.41
4.4574,78.8763,2.29
4.4574,78.9418,2.47
4.4574,79.0073,2.37
4.4574,79.0728,2.3
4.4574,79.1382,2.29
4.4574,79.2037,2.26
4.4574,79.2692,2.23
4.4574,79.3347,2.19
4.4574,79.4001,2.18
4.4574,79.4656,2.16
4.3919,78.6145,2.46
4.3919,78.8109,2.46
4.3919,78.9418,2.17
4.3919,79.0073,2.59
4.3919,79.0728,2.27
4.3919,79.1382,2.31
4.3919,79.2037,2.23
4.3919,79.2692,2.2
4.3919,79.3347,2.15
4.3919,79.4001,2.17
4.3919,79.4656,2.15
4.3264,78.8763,2.36
4.3264,78.9418,2.11
4.3264,79.0073,2.76
4.3264,79.2037,2.26
4.3264,79.3347,2.19
4.3264,79.4001,2.18
4.2609,79.0728,2.21
4.2609,79.1382,2.24
4.2609,79.2037,2.24
4.2609,79.3347,2.2
4.2609,79.4001,2.18
4.1955,79.2692,2.19
4.1955,79.3347,2.2
4.1955,79.4001,2.2
